id,lat,lon,Country,BCM,MMSCFD,Year,Field type,Operator,Field name,Location,Flare Level,Flaring Vol (million m3)
m_61,4.653871837,7.059582861,Nigeria,0.0032685773644327,0.3162434045445512,2012,OIL,NNPC Limited,Alakiri,ONSHORE,Small,3.2685773644327
m_61,4.653871837,7.059582861,Nigeria,0.0003076915014946,0.029769957119851025,2013,OIL,NNPC Limited,Alakiri,ONSHORE,Small,0.3076915014946
m_61,4.653871837,7.059582861,Nigeria,0.0056145672057137,0.5432240544464699,2014,OIL,NNPC Limited,Alakiri,ONSHORE,Small,5.6145672057137
m_61,4.653871837,7.059582861,Nigeria,0.0190885762658077,1.846869654026094,2015,OIL,NNPC Limited,Alakiri,ONSHORE,Small,19.088576265807703
m_61,4.653871837,7.059582861,Nigeria,0.0447193661904983,4.326715581845261,2016,OIL,NNPC Limited,Alakiri,ONSHORE,Small,44.7193661904983
m_61,4.653871837,7.059582861,Nigeria,0.071887909256666,6.955343146012264,2017,OIL,NNPC Limited,Alakiri,ONSHORE,Medium,71.88790925666599
m_61,4.653871837,7.059582861,Nigeria,0.0911301337759112,8.817078670217274,2018,OIL,NNPC Limited,Alakiri,ONSHORE,Medium,91.1301337759112
m_61,4.653871837,7.059582861,Nigeria,0.0721751678570848,6.983136166538463,2019,OIL,NNPC Limited,Alakiri,ONSHORE,Medium,72.1751678570848
m_61,4.653871837,7.059582861,Nigeria,0.0547079794530125,5.293140026678495,2020,OIL,NNPC Limited,Alakiri,ONSHORE,Medium,54.7079794530125
m_61,4.653871837,7.059582861,Nigeria,0.0377019483446117,3.6477620607068557,2021,OIL,NNPC Limited,Alakiri,ONSHORE,Small,37.7019483446117
m_61,4.653871837,7.059582861,Nigeria,0.0103339001454754,0.9998318533897631,2022,OIL,NNPC Limited,Alakiri,ONSHORE,Small,10.3339001454754
m_61,4.653871837,7.059582861,Nigeria,0.0051229835166263,0.49566204745614384,2023,OIL,NNPC Limited,Alakiri,ONSHORE,Small,5.1229835166263005
m_61,4.653871837,7.059582861,Nigeria,0.0241303157777078,2.3346711316413566,2024,OIL,NNPC Limited,Alakiri,ONSHORE,Small,24.1303157777078
m_61,4.653871837,7.059582861,Nigeria,0.0231622179124908,2.241005132433266,2025,OIL,NNPC Limited,Alakiri,ONSHORE,Small,23.1622179124908
m_62,4.42038121,7.161768784,Nigeria,0.0764280746365471,7.394616015167101,2012,LNG,Nigeria LNG,NLNG,ONSHORE,Medium,76.42807463654711
m_62,4.42038121,7.161768784,Nigeria,0.0389152053249251,3.7651478451820366,2013,LNG,Nigeria LNG,NLNG,ONSHORE,Small,38.915205324925104
m_62,4.42038121,7.161768784,Nigeria,0.0370330636224713,3.5830457152780153,2014,LNG,Nigeria LNG,NLNG,ONSHORE,Small,37.0330636224713
m_62,4.42038121,7.161768784,Nigeria,0.0406997284836163,3.9378051257879827,2015,LNG,Nigeria LNG,NLNG,ONSHORE,Small,40.6997284836163
m_62,4.42038121,7.161768784,Nigeria,0.0505544447687805,4.89127468803647,2016,LNG,Nigeria LNG,NLNG,ONSHORE,Small,50.5544447687805
m_62,4.42038121,7.161768784,Nigeria,0.0700185648899677,6.774479191796681,2017,LNG,Nigeria LNG,NLNG,ONSHORE,Medium,70.0185648899677
m_62,4.42038121,7.161768784,Nigeria,0.0286235923804006,2.769407389029155,2018,LNG,Nigeria LNG,NLNG,ONSHORE,Small,28.6235923804006
m_62,4.42038121,7.161768784,Nigeria,0.0328406640613961,3.177420098202981,2019,LNG,Nigeria LNG,NLNG,ONSHORE,Small,32.840664061396105
m_62,4.42038121,7.161768784,Nigeria,0.0309768199848518,2.997088311438354,2020,LNG,Nigeria LNG,NLNG,ONSHORE,Small,30.9768199848518
m_62,4.42038121,7.161768784,Nigeria,0.0624341420620356,6.040666456412046,2021,LNG,Nigeria LNG,NLNG,ONSHORE,Medium,62.4341420620356
m_62,4.42038121,7.161768784,Nigeria,0.0247285321056793,2.3925501251969155,2022,LNG,Nigeria LNG,NLNG,ONSHORE,Small,24.7285321056793
m_62,4.42038121,7.161768784,Nigeria,0.0235353878617452,2.2771103005440447,2023,LNG,Nigeria LNG,NLNG,ONSHORE,Small,23.5353878617452
m_62,4.42038121,7.161768784,Nigeria,0.122539655638694,11.85603201949097,2024,LNG,Nigeria LNG,NLNG,ONSHORE,Medium,122.539655638694
m_62,4.42038121,7.161768784,Nigeria,0.118087835316428,11.4253067656072,2025,LNG,Nigeria LNG,NLNG,ONSHORE,Medium,118.087835316428
m_64a,5.666751086,6.39403648,Nigeria,0.0030974613177513,0.299687479705941,2012,OIL,Pillar Oil,Umuseti,ONSHORE,Small,3.0974613177513
m_64a,5.666751086,6.39403648,Nigeria,0.0043339764534371,0.4193235515135957,2013,OIL,Pillar Oil,Umuseti,ONSHORE,Small,4.3339764534371
m_64a,5.666751086,6.39403648,Nigeria,0.0105520781472051,1.020941145406078,2014,OIL,Pillar Oil,Umuseti,ONSHORE,Small,10.5520781472051
m_64a,5.666751086,6.39403648,Nigeria,0.0160302019784469,1.550963946689605,2015,OIL,Pillar Oil,Umuseti,ONSHORE,Small,16.0302019784469
m_64a,5.666751086,6.39403648,Nigeria,0.0093226076709665,0.9019866628157023,2016,OIL,Pillar Oil,Umuseti,ONSHORE,Small,9.3226076709665
m_64a,5.666751086,6.39403648,Nigeria,0.0110668002231452,1.0707418518115048,2017,OIL,Pillar Oil,Umuseti,ONSHORE,Small,11.0668002231452
m_64a,5.666751086,6.39403648,Nigeria,0.0120374745878321,1.1646571340786518,2018,OIL,Pillar Oil,Umuseti,ONSHORE,Small,12.0374745878321
m_64a,5.666751086,6.39403648,Nigeria,0.0169003124811667,1.6351494124229025,2019,OIL,Pillar Oil,Umuseti,ONSHORE,Small,16.9003124811667
m_64a,5.666751086,6.39403648,Nigeria,0.0292746726074016,2.832401103009724,2020,OIL,Pillar Oil,Umuseti,ONSHORE,Small,29.274672607401598
m_64a,5.666751086,6.39403648,Nigeria,0.0264182190142678,2.556031750689702,2021,OIL,Pillar Oil,Umuseti,ONSHORE,Small,26.418219014267798
m_64a,5.666751086,6.39403648,Nigeria,0.0185536968587969,1.7951186731453876,2022,OIL,Pillar Oil,Umuseti,ONSHORE,Small,18.5536968587969
m_64a,5.666751086,6.39403648,Nigeria,0.0182077834519188,1.761650646762074,2023,OIL,Pillar Oil,Umuseti,ONSHORE,Small,18.2077834519188
m_64a,5.666751086,6.39403648,Nigeria,0.0156501416519683,1.5141921165699388,2024,OIL,Pillar Oil,Umuseti,ONSHORE,Small,15.650141651968301
m_64a,5.666751086,6.39403648,Nigeria,0.0121090959243809,1.1715866856183184,2025,OIL,Pillar Oil,Umuseti,ONSHORE,Small,12.1090959243809
m_64b,5.67895908,6.390795813,Nigeria,0.0001995127649105,0.01930338156041902,2012,OIL,Pillar Oil,Umuseti,ONSHORE,Small,0.19951276491050002
m_64b,5.67895908,6.390795813,Nigeria,4.45591535178687e-05,0.0043112145869491645,2013,OIL,Pillar Oil,Umuseti,ONSHORE,Small,0.044559153517868696
m_64b,5.67895908,6.390795813,Nigeria,0.0025672084455552,0.24838412816299052,2014,OIL,Pillar Oil,Umuseti,ONSHORE,Small,2.5672084455552002
m_64b,5.67895908,6.390795813,Nigeria,0.0085377212673345,0.8260468514573155,2015,OIL,Pillar Oil,Umuseti,ONSHORE,Small,8.5377212673345
m_64b,5.67895908,6.390795813,Nigeria,0.0041306953390716,0.3996555722923929,2016,OIL,Pillar Oil,Umuseti,ONSHORE,Small,4.1306953390716
m_64b,5.67895908,6.390795813,Nigeria,0.0047631006589678,0.4608424401916545,2017,OIL,Pillar Oil,Umuseti,ONSHORE,Small,4.7631006589678
m_64b,5.67895908,6.390795813,Nigeria,0.0053619826070374,0.5187858342317324,2018,OIL,Pillar Oil,Umuseti,ONSHORE,Small,5.3619826070374
m_64b,5.67895908,6.390795813,Nigeria,0.0073184029058115,0.7080746125047758,2019,OIL,Pillar Oil,Umuseti,ONSHORE,Small,7.3184029058115
m_64b,5.67895908,6.390795813,Nigeria,0.0088755855336603,0.8587361024505722,2020,OIL,Pillar Oil,Umuseti,ONSHORE,Small,8.875585533660301
m_64b,5.67895908,6.390795813,Nigeria,0.0092135033519091,0.8914305347323717,2021,OIL,Pillar Oil,Umuseti,ONSHORE,Small,9.2135033519091
m_64b,5.67895908,6.390795813,Nigeria,0.0050184760093013,0.4855506729246559,2022,OIL,Pillar Oil,Umuseti,ONSHORE,Small,5.0184760093013
m_64b,5.67895908,6.390795813,Nigeria,0.0027070019093989,0.261909511230275,2023,OIL,Pillar Oil,Umuseti,ONSHORE,Small,2.7070019093989
m_64b,5.67895908,6.390795813,Nigeria,0.0023500244063114,0.2273710046155485,2024,OIL,Pillar Oil,Umuseti,ONSHORE,Small,2.3500244063114
m_64b,5.67895908,6.390795813,Nigeria,0.0005834925706793,0.056454431547500045,2025,OIL,Pillar Oil,Umuseti,ONSHORE,Small,0.5834925706792999
m_65,5.882371662,6.21792994,Nigeria,0.0865087927652387,8.369951846578488,2012,OIL,Platform Petroleum,Egbaoma,ONSHORE,Medium,86.50879276523871
m_65,5.882371662,6.21792994,Nigeria,0.0686887010134472,6.645811385286111,2013,OIL,Platform Petroleum,Egbaoma,ONSHORE,Medium,68.6887010134472
m_65,5.882371662,6.21792994,Nigeria,0.0909274033005178,8.797463966756071,2014,OIL,Platform Petroleum,Egbaoma,ONSHORE,Medium,90.9274033005178
m_65,5.882371662,6.21792994,Nigeria,0.0631338994955738,6.108369817374372,2015,OIL,Platform Petroleum,Egbaoma,ONSHORE,Medium,63.1338994955738
m_65,5.882371662,6.21792994,Nigeria,0.0562320765429021,5.440600404336339,2016,OIL,Platform Petroleum,Egbaoma,ONSHORE,Medium,56.2320765429021
m_65,5.882371662,6.21792994,Nigeria,0.0790713135504833,7.650356289900634,2017,OIL,Platform Petroleum,Egbaoma,ONSHORE,Medium,79.0713135504833
m_65,5.882371662,6.21792994,Nigeria,0.0792242290555159,7.665151264755865,2018,OIL,Platform Petroleum,Egbaoma,ONSHORE,Medium,79.2242290555159
m_65,5.882371662,6.21792994,Nigeria,0.0812105153097457,7.857329652293189,2019,OIL,Platform Petroleum,Egbaoma,ONSHORE,Medium,81.2105153097457
m_65,5.882371662,6.21792994,Nigeria,0.0790807718027121,7.651271400529014,2020,OIL,Platform Petroleum,Egbaoma,ONSHORE,Medium,79.08077180271209
m_65,5.882371662,6.21792994,Nigeria,0.0172338739384411,1.6674223553922687,2021,OIL,Platform Petroleum,Egbaoma,ONSHORE,Small,17.2338739384411
m_65,5.882371662,6.21792994,Nigeria,0.0121403879457734,1.1746142704899287,2022,OIL,Platform Petroleum,Egbaoma,ONSHORE,Small,12.1403879457734
m_65,5.882371662,6.21792994,Nigeria,0.0081526852638702,0.7887936115821408,2023,OIL,Platform Petroleum,Egbaoma,ONSHORE,Small,8.1526852638702
m_65,5.882371662,6.21792994,Nigeria,0.0102561221987856,0.9923066337246822,2024,OIL,Platform Petroleum,Egbaoma,ONSHORE,Small,10.2561221987856
m_65,5.882371662,6.21792994,Nigeria,0.0187607923065586,1.815155699093894,2025,OIL,Platform Petroleum,Egbaoma,ONSHORE,Small,18.7607923065586
s_3602,5.661257615,5.351779662,Nigeria,0.0,0.0,2012,OIL,NEPL,Jones Creek,ONSHORE,Small,0.0
s_3602,5.661257615,5.351779662,Nigeria,0.0,0.0,2013,OIL,NEPL,Jones Creek,ONSHORE,Small,0.0
s_3602,5.661257615,5.351779662,Nigeria,0.0002610097435664,0.025253375007406268,2014,OIL,NEPL,Jones Creek,ONSHORE,Small,0.2610097435664
s_3602,5.661257615,5.351779662,Nigeria,0.0018174766553749,0.17584561755531813,2015,OIL,NEPL,Jones Creek,ONSHORE,Small,1.8174766553749
s_3602,5.661257615,5.351779662,Nigeria,0.0074602409903072,0.7217978179650764,2016,OIL,NEPL,Jones Creek,ONSHORE,Small,7.4602409903072
s_3602,5.661257615,5.351779662,Nigeria,0.004204393215824,0.4067860345251352,2017,OIL,NEPL,Jones Creek,ONSHORE,Small,4.204393215824
s_3602,5.661257615,5.351779662,Nigeria,0.0031719369256684,0.3068931894619702,2018,OIL,NEPL,Jones Creek,ONSHORE,Small,3.1719369256684002
s_3602,5.661257615,5.351779662,Nigeria,0.0049522748487875,0.4791455375855026,2019,OIL,NEPL,Jones Creek,ONSHORE,Small,4.9522748487875
s_3602,5.661257615,5.351779662,Nigeria,0.0007558537162986,0.0731308229632214,2020,OIL,NEPL,Jones Creek,ONSHORE,Small,0.7558537162986
s_3602,5.661257615,5.351779662,Nigeria,0.0007599920417154,0.07353121676548015,2021,OIL,NEPL,Jones Creek,ONSHORE,Small,0.7599920417154
s_3602,5.661257615,5.351779662,Nigeria,0.0017645325898798,0.17072314081519482,2022,OIL,NEPL,Jones Creek,ONSHORE,Small,1.7645325898798
s_3602,5.661257615,5.351779662,Nigeria,0.0,0.0,2023,OIL,NEPL,Jones Creek,ONSHORE,Small,0.0
s_3602,5.661257615,5.351779662,Nigeria,0.0,0.0,2024,OIL,NEPL,Jones Creek,ONSHORE,Small,0.0
s_3602,5.661257615,5.351779662,Nigeria,0.0,0.0,2025,OIL,NEPL,Jones Creek,ONSHORE,Small,0.0
s_3606,5.564415628,5.22012284,Nigeria,0.0,0.0,2012,OIL,Renaissance Africa Energy ,Escravos Beach,ONSHORE,Small,0.0
s_3606,5.564415628,5.22012284,Nigeria,0.0,0.0,2013,OIL,Renaissance Africa Energy ,Escravos Beach,ONSHORE,Small,0.0
s_3606,5.564415628,5.22012284,Nigeria,0.0001745148077352,0.01688476385542006,2014,OIL,Renaissance Africa Energy ,Escravos Beach,ONSHORE,Small,0.1745148077352
s_3606,5.564415628,5.22012284,Nigeria,0.000152757613391,0.014779698426154488,2015,OIL,Renaissance Africa Energy ,Escravos Beach,ONSHORE,Small,0.152757613391
s_3606,5.564415628,5.22012284,Nigeria,0.0006794964255238,0.06574305547171762,2016,OIL,Renaissance Africa Energy ,Escravos Beach,ONSHORE,Small,0.6794964255238001
s_3606,5.564415628,5.22012284,Nigeria,2.56262021869032e-05,0.0024794020521952233,2017,OIL,Renaissance Africa Energy ,Escravos Beach,ONSHORE,Small,0.025626202186903202
s_3606,5.564415628,5.22012284,Nigeria,0.0028197981616812,0.27282284350436414,2018,OIL,Renaissance Africa Energy ,Escravos Beach,ONSHORE,Small,2.8197981616812
s_3606,5.564415628,5.22012284,Nigeria,0.0047769184041162,0.4621793431563538,2019,OIL,Renaissance Africa Energy ,Escravos Beach,ONSHORE,Small,4.7769184041162
s_3606,5.564415628,5.22012284,Nigeria,0.0118468217286116,1.1462109715548199,2020,OIL,Renaissance Africa Energy ,Escravos Beach,ONSHORE,Small,11.8468217286116
s_3606,5.564415628,5.22012284,Nigeria,0.0061950651885084,0.5993887517878475,2021,OIL,Renaissance Africa Energy ,Escravos Beach,ONSHORE,Small,6.1950651885084005
s_3606,5.564415628,5.22012284,Nigeria,0.0002515317764696,0.024336356914009084,2022,OIL,Renaissance Africa Energy ,Escravos Beach,ONSHORE,Small,0.25153177646959995
s_3606,5.564415628,5.22012284,Nigeria,0.0,0.0,2023,OIL,Renaissance Africa Energy ,Escravos Beach,ONSHORE,Small,0.0
s_3606,5.564415628,5.22012284,Nigeria,0.0,0.0,2024,OIL,Renaissance Africa Energy ,Escravos Beach,ONSHORE,Small,0.0
s_3606,5.564415628,5.22012284,Nigeria,0.0,0.0,2025,OIL,Renaissance Africa Energy ,Escravos Beach,ONSHORE,Small,0.0
s_3608,5.65268405,5.355260959,Nigeria,0.0,0.0,2012,OIL,NEPL,Jones Creek,ONSHORE,Small,0.0
s_3608,5.65268405,5.355260959,Nigeria,0.0,0.0,2013,OIL,NEPL,Jones Creek,ONSHORE,Small,0.0
s_3608,5.65268405,5.355260959,Nigeria,9.45591452770916e-05,0.009148844496890287,2014,OIL,NEPL,Jones Creek,ONSHORE,Small,0.0945591452770916
s_3608,5.65268405,5.355260959,Nigeria,0.0005554460590155,0.05374085822637476,2015,OIL,NEPL,Jones Creek,ONSHORE,Small,0.5554460590154999
s_3608,5.65268405,5.355260959,Nigeria,0.005075869781847,0.4911036704541049,2016,OIL,NEPL,Jones Creek,ONSHORE,Small,5.0758697818469996
s_3608,5.65268405,5.355260959,Nigeria,0.0020367873479341,0.19706450037040557,2017,OIL,NEPL,Jones Creek,ONSHORE,Small,2.0367873479341
s_3608,5.65268405,5.355260959,Nigeria,0.0025631210739281,0.24798866427308586,2018,OIL,NEPL,Jones Creek,ONSHORE,Small,2.5631210739281
s_3608,5.65268405,5.355260959,Nigeria,0.003427071941467,0.3315781692004507,2019,OIL,NEPL,Jones Creek,ONSHORE,Small,3.427071941467
s_3608,5.65268405,5.355260959,Nigeria,0.0002313353991181,0.022382304608989417,2020,OIL,NEPL,Jones Creek,ONSHORE,Small,0.2313353991181
s_3608,5.65268405,5.355260959,Nigeria,0.0031992520930004,0.3095360033071536,2021,OIL,NEPL,Jones Creek,ONSHORE,Small,3.1992520930004
s_3608,5.65268405,5.355260959,Nigeria,0.0013859758243368,0.13409678414657428,2022,OIL,NEPL,Jones Creek,ONSHORE,Small,1.3859758243368
s_3608,5.65268405,5.355260959,Nigeria,0.0,0.0,2023,OIL,NEPL,Jones Creek,ONSHORE,Small,0.0
s_3608,5.65268405,5.355260959,Nigeria,0.0,0.0,2024,OIL,NEPL,Jones Creek,ONSHORE,Small,0.0
s_3608,5.65268405,5.355260959,Nigeria,0.0,0.0,2025,OIL,NEPL,Jones Creek,ONSHORE,Small,0.0
s_3609,5.669052693,5.361422319,Nigeria,0.0,0.0,2012,OIL,NEPL,Jones Creek,ONSHORE,Small,0.0
s_3609,5.669052693,5.361422319,Nigeria,0.0,0.0,2013,OIL,NEPL,Jones Creek,ONSHORE,Small,0.0
s_3609,5.669052693,5.361422319,Nigeria,9.3171211330918e-05,0.009014558259337188,2014,OIL,NEPL,Jones Creek,ONSHORE,Small,0.09317121133091799
s_3609,5.669052693,5.361422319,Nigeria,0.0002395699768315,0.023179021529142318,2015,OIL,NEPL,Jones Creek,ONSHORE,Small,0.2395699768315
s_3609,5.669052693,5.361422319,Nigeria,0.000427606178474,0.04137201559198005,2016,OIL,NEPL,Jones Creek,ONSHORE,Small,0.42760617847399995
s_3609,5.669052693,5.361422319,Nigeria,0.0001043921818343,0.010100216488785094,2017,OIL,NEPL,Jones Creek,ONSHORE,Small,0.1043921818343
s_3609,5.669052693,5.361422319,Nigeria,0.0007951975710023,0.0769374437563516,2018,OIL,NEPL,Jones Creek,ONSHORE,Small,0.7951975710023
s_3609,5.669052693,5.361422319,Nigeria,0.0003897554149491,0.037709855273555824,2019,OIL,NEPL,Jones Creek,ONSHORE,Small,0.38975541494910004
s_3609,5.669052693,5.361422319,Nigeria,4.28527748744967e-05,0.004146117992481458,2020,OIL,NEPL,Jones Creek,ONSHORE,Small,0.0428527748744967
s_3609,5.669052693,5.361422319,Nigeria,0.0001513343289238,0.01464199193328069,2021,OIL,NEPL,Jones Creek,ONSHORE,Small,0.1513343289238
s_3609,5.669052693,5.361422319,Nigeria,0.0003451251615396,0.03339176158622589,2022,OIL,NEPL,Jones Creek,ONSHORE,Small,0.3451251615396
s_3609,5.669052693,5.361422319,Nigeria,0.0,0.0,2023,OIL,NEPL,Jones Creek,ONSHORE,Small,0.0
s_3609,5.669052693,5.361422319,Nigeria,0.0,0.0,2024,OIL,NEPL,Jones Creek,ONSHORE,Small,0.0
s_3609,5.669052693,5.361422319,Nigeria,0.0,0.0,2025,OIL,NEPL,Jones Creek,ONSHORE,Small,0.0
s_3610,5.410307712,5.318397234,Nigeria,0.0031760403212641,0.3072902037127259,2012,OIL,Renaissance Africa Energy ,Forcados Yokri,OFFSHORE,Small,3.1760403212641
s_3610,5.410307712,5.318397234,Nigeria,0.00195360217391,0.18901611732545412,2013,OIL,Renaissance Africa Energy ,Forcados Yokri,OFFSHORE,Small,1.9536021739100002
s_3610,5.410307712,5.318397234,Nigeria,0.0025614696412969,0.24782888384893262,2014,OIL,Renaissance Africa Energy ,Forcados Yokri,OFFSHORE,Small,2.5614696412969
s_3610,5.410307712,5.318397234,Nigeria,0.0038047897464255,0.36812335423935605,2015,OIL,Renaissance Africa Energy ,Forcados Yokri,OFFSHORE,Small,3.8047897464254996
s_3610,5.410307712,5.318397234,Nigeria,0.0017851641353575,0.17271929677401698,2016,OIL,Renaissance Africa Energy ,Forcados Yokri,OFFSHORE,Small,1.7851641353575
s_3610,5.410307712,5.318397234,Nigeria,0.002938187589118,0.2842773300960229,2017,OIL,Renaissance Africa Energy ,Forcados Yokri,OFFSHORE,Small,2.9381875891180003
s_3610,5.410307712,5.318397234,Nigeria,0.0031407717702796,0.3038778792078638,2018,OIL,Renaissance Africa Energy ,Forcados Yokri,OFFSHORE,Small,3.1407717702796
s_3610,5.410307712,5.318397234,Nigeria,0.0003054982181257,0.029557751220348854,2019,OIL,Renaissance Africa Energy ,Forcados Yokri,OFFSHORE,Small,0.3054982181257
s_3610,5.410307712,5.318397234,Nigeria,0.00029000842411,0.028059073156759873,2020,OIL,Renaissance Africa Energy ,Forcados Yokri,OFFSHORE,Small,0.29000842411
s_3610,5.410307712,5.318397234,Nigeria,0.0003098419979374,0.02997802327240179,2021,OIL,Renaissance Africa Energy ,Forcados Yokri,OFFSHORE,Small,0.3098419979374
s_3610,5.410307712,5.318397234,Nigeria,0.0004844655013058,0.04687330371448011,2022,OIL,Renaissance Africa Energy ,Forcados Yokri,OFFSHORE,Small,0.4844655013058
s_3610,5.410307712,5.318397234,Nigeria,0.0004646276968043,0.04495394427005942,2023,OIL,Renaissance Africa Energy ,Forcados Yokri,OFFSHORE,Small,0.4646276968043
s_3610,5.410307712,5.318397234,Nigeria,0.0008584364419758,0.08305596983862602,2024,OIL,Renaissance Africa Energy ,Forcados Yokri,OFFSHORE,Small,0.8584364419758
s_3610,5.410307712,5.318397234,Nigeria,0.0026268215800061,0.2541518547585018,2025,OIL,Renaissance Africa Energy ,Forcados Yokri,OFFSHORE,Small,2.6268215800061
s_3612,4.865550995,7.246435396,Nigeria,0.0024877793396469,0.24069915452714993,2012,OIL,NEPL,Isimiri,ONSHORE,Small,2.4877793396468997
s_3612,4.865550995,7.246435396,Nigeria,0.0101801498030247,0.9849561058319447,2013,OIL,NEPL,Isimiri,ONSHORE,Small,10.1801498030247
s_3612,4.865550995,7.246435396,Nigeria,0.0101338455458081,0.9804760479001889,2014,OIL,NEPL,Isimiri,ONSHORE,Small,10.1338455458081
s_3612,4.865550995,7.246435396,Nigeria,0.0045466699257359,0.43990220097011506,2015,OIL,NEPL,Isimiri,ONSHORE,Small,4.5466699257359
s_3612,4.865550995,7.246435396,Nigeria,0.0020069592952442,0.1941785582977983,2016,OIL,NEPL,Isimiri,ONSHORE,Small,2.0069592952442004
s_3612,4.865550995,7.246435396,Nigeria,0.0036425929019024,0.3524303855256506,2017,OIL,NEPL,Isimiri,ONSHORE,Small,3.6425929019024
s_3612,4.865550995,7.246435396,Nigeria,0.0048621441065097,0.47042515265528206,2018,OIL,NEPL,Isimiri,ONSHORE,Small,4.8621441065097
s_3612,4.865550995,7.246435396,Nigeria,0.0065838831501614,0.6370079060043666,2019,OIL,NEPL,Isimiri,ONSHORE,Small,6.5838831501614
s_3612,4.865550995,7.246435396,Nigeria,0.008372907666751,0.8101007047541862,2020,OIL,NEPL,Isimiri,ONSHORE,Small,8.372907666751
s_3612,4.865550995,7.246435396,Nigeria,0.0050587273089493,0.48944509138833997,2021,OIL,NEPL,Isimiri,ONSHORE,Small,5.0587273089493
s_3612,4.865550995,7.246435396,Nigeria,0.0,0.0,2022,OIL,NEPL,Isimiri,ONSHORE,Small,0.0
s_3612,4.865550995,7.246435396,Nigeria,0.0030133893924417,0.2915533011560208,2023,OIL,NEPL,Isimiri,ONSHORE,Small,3.0133893924416997
s_3612,4.865550995,7.246435396,Nigeria,0.0166162123311041,1.6076619802253145,2024,OIL,NEPL,Isimiri,ONSHORE,Small,16.6162123311041
s_3612,4.865550995,7.246435396,Nigeria,0.0163974204520782,1.5864932939758276,2025,OIL,NEPL,Isimiri,ONSHORE,Small,16.3974204520782
s_3613,5.376074963,6.03972622,Nigeria,0.0005485315392586,0.05307186036433636,2012,OIL,Shoreline Natural Resources,Evwreni,ONSHORE,Small,0.5485315392586
s_3613,5.376074963,6.03972622,Nigeria,0.0005673535532271,0.054892939419265395,2013,OIL,Shoreline Natural Resources,Evwreni,ONSHORE,Small,0.5673535532271
s_3613,5.376074963,6.03972622,Nigeria,0.0002524736448461,0.024427485141616113,2014,OIL,Shoreline Natural Resources,Evwreni,ONSHORE,Small,0.25247364484609996
s_3613,5.376074963,6.03972622,Nigeria,8.99308293273291e-05,0.00870104282966104,2015,OIL,Shoreline Natural Resources,Evwreni,ONSHORE,Small,0.0899308293273291
s_3613,5.376074963,6.03972622,Nigeria,1.38997095923823e-05,0.0013448332389215019,2016,OIL,Shoreline Natural Resources,Evwreni,ONSHORE,Small,0.0138997095923823
s_3613,5.376074963,6.03972622,Nigeria,0.0001913400023751,0.018512645420331472,2017,OIL,Shoreline Natural Resources,Evwreni,ONSHORE,Small,0.19134000237510002
s_3613,5.376074963,6.03972622,Nigeria,0.0006370223836729,0.06163358088933224,2018,OIL,Shoreline Natural Resources,Evwreni,ONSHORE,Small,0.6370223836729
s_3613,5.376074963,6.03972622,Nigeria,0.0005349655688502,0.05175931726390781,2019,OIL,Shoreline Natural Resources,Evwreni,ONSHORE,Small,0.5349655688502
s_3613,5.376074963,6.03972622,Nigeria,0.000514472533139,0.04977656248707916,2020,OIL,Shoreline Natural Resources,Evwreni,ONSHORE,Small,0.5144725331390001
s_3613,5.376074963,6.03972622,Nigeria,0.0002551902590489,0.024690324667360874,2021,OIL,Shoreline Natural Resources,Evwreni,ONSHORE,Small,0.25519025904889997
s_3613,5.376074963,6.03972622,Nigeria,0.0003761306587944,0.03639162449849828,2022,OIL,Shoreline Natural Resources,Evwreni,ONSHORE,Small,0.3761306587944
s_3613,5.376074963,6.03972622,Nigeria,0.0001385051265287,0.013400733064157459,2023,OIL,Shoreline Natural Resources,Evwreni,ONSHORE,Small,0.1385051265287
s_3613,5.376074963,6.03972622,Nigeria,0.0001144543891839,0.011073761353929505,2024,OIL,Shoreline Natural Resources,Evwreni,ONSHORE,Small,0.11445438918390001
s_3613,5.376074963,6.03972622,Nigeria,2.45164548735652e-05,0.0023720310985892073,2025,OIL,Shoreline Natural Resources,Evwreni,ONSHORE,Small,0.0245164548735652
s_3615,5.545755035,6.764502988,Nigeria,0.0025015848261642,0.24203487143724442,2012,OIL,NEPL,Egbema,ONSHORE,Small,2.5015848261642
s_3615,5.545755035,6.764502988,Nigeria,0.0027841176862836,0.2693706642357043,2013,OIL,NEPL,Egbema,ONSHORE,Small,2.7841176862836
s_3615,5.545755035,6.764502988,Nigeria,0.0009863948929311,0.09543628447051615,2014,OIL,NEPL,Egbema,ONSHORE,Small,0.9863948929310999
s_3615,5.545755035,6.764502988,Nigeria,0.0007334283659989,0.07096111169860454,2015,OIL,NEPL,Egbema,ONSHORE,Small,0.7334283659988999
s_3615,5.545755035,6.764502988,Nigeria,0.000365424084761,0.03535573547222817,2016,OIL,NEPL,Egbema,ONSHORE,Small,0.365424084761
s_3615,5.545755035,6.764502988,Nigeria,0.0002814989976539,0.027235763902256238,2017,OIL,NEPL,Egbema,ONSHORE,Small,0.2814989976539
s_3615,5.545755035,6.764502988,Nigeria,0.0003535795932646,0.03420974995673139,2018,OIL,NEPL,Egbema,ONSHORE,Small,0.35357959326460003
s_3615,5.545755035,6.764502988,Nigeria,0.0006294957710202,0.060905361439525504,2019,OIL,NEPL,Egbema,ONSHORE,Small,0.6294957710202
s_3615,5.545755035,6.764502988,Nigeria,0.0002466682443869,0.023865797471029022,2020,OIL,NEPL,Egbema,ONSHORE,Small,0.2466682443869
s_3615,5.545755035,6.764502988,Nigeria,0.0001988569452657,0.01923992929537687,2021,OIL,NEPL,Egbema,ONSHORE,Small,0.1988569452657
s_3615,5.545755035,6.764502988,Nigeria,0.0001525030758011,0.014755071248933455,2022,OIL,NEPL,Egbema,ONSHORE,Small,0.1525030758011
s_3615,5.545755035,6.764502988,Nigeria,0.0,0.0,2023,OIL,NEPL,Egbema,ONSHORE,Small,0.0
s_3615,5.545755035,6.764502988,Nigeria,2.40305574474501e-06,0.0002325019252406168,2024,OIL,NEPL,Egbema,ONSHORE,Small,0.00240305574474501
s_3615,5.545755035,6.764502988,Nigeria,0.0004679552944166,0.04527589803787263,2025,OIL,NEPL,Egbema,ONSHORE,Small,0.4679552944166
s_3617,5.669546173,5.348547026,Nigeria,0.0,0.0,2012,OIL,NEPL,Jones Creek,ONSHORE,Small,0.0
s_3617,5.669546173,5.348547026,Nigeria,0.0,0.0,2013,OIL,NEPL,Jones Creek,ONSHORE,Small,0.0
s_3617,5.669546173,5.348547026,Nigeria,0.0005274479600769,0.05103196896297047,2014,OIL,NEPL,Jones Creek,ONSHORE,Small,0.5274479600769001
s_3617,5.669546173,5.348547026,Nigeria,0.0019031238520814,0.18413220773087652,2015,OIL,NEPL,Jones Creek,ONSHORE,Small,1.9031238520814
s_3617,5.669546173,5.348547026,Nigeria,0.0043438800825706,0.42028175352178593,2016,OIL,NEPL,Jones Creek,ONSHORE,Small,4.3438800825706005
s_3617,5.669546173,5.348547026,Nigeria,0.0034467790925647,0.33348488758650674,2017,OIL,NEPL,Jones Creek,ONSHORE,Small,3.4467790925646997
s_3617,5.669546173,5.348547026,Nigeria,0.0058660758593112,0.5675581741621567,2018,OIL,NEPL,Jones Creek,ONSHORE,Small,5.8660758593112
s_3617,5.669546173,5.348547026,Nigeria,0.0026375532102807,0.25519016804160866,2019,OIL,NEPL,Jones Creek,ONSHORE,Small,2.6375532102807
s_3617,5.669546173,5.348547026,Nigeria,0.0006785796121163,0.06565435137785867,2020,OIL,NEPL,Jones Creek,ONSHORE,Small,0.6785796121163
s_3617,5.669546173,5.348547026,Nigeria,0.0008843712395943,0.08556522930554149,2021,OIL,NEPL,Jones Creek,ONSHORE,Small,0.8843712395943
s_3617,5.669546173,5.348547026,Nigeria,0.0011034911687762,0.10676565526519197,2022,OIL,NEPL,Jones Creek,ONSHORE,Small,1.1034911687762
s_3617,5.669546173,5.348547026,Nigeria,0.0,0.0,2023,OIL,NEPL,Jones Creek,ONSHORE,Small,0.0
s_3617,5.669546173,5.348547026,Nigeria,0.0,0.0,2024,OIL,NEPL,Jones Creek,ONSHORE,Small,0.0
s_3617,5.669546173,5.348547026,Nigeria,0.0,0.0,2025,OIL,NEPL,Jones Creek,ONSHORE,Small,0.0
s_3618,5.710005344,5.336155185,Nigeria,4.5137412131488e-05,0.004367162619468786,2012,OIL,NEPL,Utonana,OFFSHORE,Small,0.045137412131488
s_3618,5.710005344,5.336155185,Nigeria,0.0003467607926973,0.033550013176510636,2013,OIL,NEPL,Utonana,OFFSHORE,Small,0.3467607926973
s_3618,5.710005344,5.336155185,Nigeria,0.000542032473669,0.05244305877904172,2014,OIL,NEPL,Utonana,OFFSHORE,Small,0.542032473669
s_3618,5.710005344,5.336155185,Nigeria,0.0003404618827916,0.03294057717686934,2015,OIL,NEPL,Utonana,OFFSHORE,Small,0.3404618827916
s_3618,5.710005344,5.336155185,Nigeria,1.9305010663585e-05,0.0018678102478019805,2016,OIL,NEPL,Utonana,OFFSHORE,Small,0.019305010663585
s_3618,5.710005344,5.336155185,Nigeria,4.67380129799699e-05,0.004522024935762366,2017,OIL,NEPL,Utonana,OFFSHORE,Small,0.0467380129799699
s_3618,5.710005344,5.336155185,Nigeria,0.0008611009835959,0.08331377120586926,2018,OIL,NEPL,Utonana,OFFSHORE,Small,0.8611009835959
s_3618,5.710005344,5.336155185,Nigeria,0.0008947123403246,0.0865657578343364,2019,OIL,NEPL,Utonana,OFFSHORE,Small,0.8947123403246
s_3618,5.710005344,5.336155185,Nigeria,0.0005323583256773,0.05150705967121763,2020,OIL,NEPL,Utonana,OFFSHORE,Small,0.5323583256773
s_3618,5.710005344,5.336155185,Nigeria,0.0001611070137341,0.015587524735893884,2021,OIL,NEPL,Utonana,OFFSHORE,Small,0.1611070137341
s_3618,5.710005344,5.336155185,Nigeria,0.0,0.0,2022,OIL,NEPL,Utonana,OFFSHORE,Small,0.0
s_3618,5.710005344,5.336155185,Nigeria,0.0003857019098006,0.03731766805398759,2023,OIL,NEPL,Utonana,OFFSHORE,Small,0.3857019098006
s_3618,5.710005344,5.336155185,Nigeria,0.0008253915106256,0.07985878634624692,2024,OIL,NEPL,Utonana,OFFSHORE,Small,0.8253915106256
s_3618,5.710005344,5.336155185,Nigeria,0.0010516813027683,0.10175291529041736,2025,OIL,NEPL,Utonana,OFFSHORE,Small,1.0516813027683
s_3621,5.858102384,5.685316827,Nigeria,0.0020797907176684,0.20122518880924983,2012,OIL,SEPLAT Energy,Amukpe,ONSHORE,Small,2.0797907176684003
s_3621,5.858102384,5.685316827,Nigeria,0.0014937586813742,0.14452505732497647,2013,OIL,SEPLAT Energy,Amukpe,ONSHORE,Small,1.4937586813742
s_3621,5.858102384,5.685316827,Nigeria,0.003409114287916,0.32984071927547837,2014,OIL,SEPLAT Energy,Amukpe,ONSHORE,Small,3.409114287916
s_3621,5.858102384,5.685316827,Nigeria,0.0045392641840907,0.4391856761062583,2015,OIL,SEPLAT Energy,Amukpe,ONSHORE,Small,4.539264184090699
s_3621,5.858102384,5.685316827,Nigeria,0.0006636039201914,0.06420541403549207,2016,OIL,SEPLAT Energy,Amukpe,ONSHORE,Small,0.6636039201914
s_3621,5.858102384,5.685316827,Nigeria,0.0005208526078801,0.05039385139672207,2017,OIL,SEPLAT Energy,Amukpe,ONSHORE,Small,0.5208526078801
s_3621,5.858102384,5.685316827,Nigeria,0.0035128543413548,0.3398778406372405,2018,OIL,SEPLAT Energy,Amukpe,ONSHORE,Small,3.5128543413548
s_3621,5.858102384,5.685316827,Nigeria,0.0019328862570601,0.18701179821581257,2019,OIL,SEPLAT Energy,Amukpe,ONSHORE,Small,1.9328862570601
s_3621,5.858102384,5.685316827,Nigeria,0.002550766821133,0.24679335801934982,2020,OIL,SEPLAT Energy,Amukpe,ONSHORE,Small,2.550766821133
s_3621,5.858102384,5.685316827,Nigeria,0.0011292186110604,0.10925485256145698,2021,OIL,SEPLAT Energy,Amukpe,ONSHORE,Small,1.1292186110604
s_3621,5.858102384,5.685316827,Nigeria,0.0009154727686392,0.08857438354454708,2022,OIL,SEPLAT Energy,Amukpe,ONSHORE,Small,0.9154727686392
s_3621,5.858102384,5.685316827,Nigeria,0.0015288621840128,0.14792141297091244,2023,OIL,SEPLAT Energy,Amukpe,ONSHORE,Small,1.5288621840128
s_3621,5.858102384,5.685316827,Nigeria,0.0035508561410486,0.34355461409983634,2024,OIL,SEPLAT Energy,Amukpe,ONSHORE,Small,3.5508561410486
s_3621,5.858102384,5.685316827,Nigeria,0.0034675031421675,0.33548999356125153,2025,OIL,SEPLAT Energy,Amukpe,ONSHORE,Small,3.4675031421674998
s_3622,5.36096693,5.324711083,Nigeria,0.0020755774098134,0.20081754026008028,2012,OIL,Renaissance Africa Energy ,Forcados Yokri,OFFSHORE,Small,2.0755774098134
s_3622,5.36096693,5.324711083,Nigeria,0.001838114908536,0.17784242250004412,2013,OIL,Renaissance Africa Energy ,Forcados Yokri,OFFSHORE,Small,1.838114908536
s_3622,5.36096693,5.324711083,Nigeria,0.0022022680283116,0.21307518878744788,2014,OIL,Renaissance Africa Energy ,Forcados Yokri,OFFSHORE,Small,2.2022680283116
s_3622,5.36096693,5.324711083,Nigeria,0.0018682865464532,0.18076160734157437,2015,OIL,Renaissance Africa Energy ,Forcados Yokri,OFFSHORE,Small,1.8682865464532
s_3622,5.36096693,5.324711083,Nigeria,0.0007862595653235,0.07607266834168344,2016,OIL,Renaissance Africa Energy ,Forcados Yokri,OFFSHORE,Small,0.7862595653235
s_3622,5.36096693,5.324711083,Nigeria,0.0014472639172662,0.14002656735346503,2017,OIL,Renaissance Africa Energy ,Forcados Yokri,OFFSHORE,Small,1.4472639172661999
s_3622,5.36096693,5.324711083,Nigeria,0.0008108290246739,0.07844982776196781,2018,OIL,Renaissance Africa Energy ,Forcados Yokri,OFFSHORE,Small,0.8108290246739
s_3622,5.36096693,5.324711083,Nigeria,0.0006641530524024,0.06425854401241764,2019,OIL,Renaissance Africa Energy ,Forcados Yokri,OFFSHORE,Small,0.6641530524024001
s_3622,5.36096693,5.324711083,Nigeria,0.000808204365979,0.07819588517199742,2020,OIL,Renaissance Africa Energy ,Forcados Yokri,OFFSHORE,Small,0.808204365979
s_3622,5.36096693,5.324711083,Nigeria,0.0010992953845168,0.10635970216970593,2021,OIL,Renaissance Africa Energy ,Forcados Yokri,OFFSHORE,Small,1.0992953845168
s_3622,5.36096693,5.324711083,Nigeria,0.0032594554677702,0.3153608371964923,2022,OIL,Renaissance Africa Energy ,Forcados Yokri,OFFSHORE,Small,3.2594554677702
s_3622,5.36096693,5.324711083,Nigeria,0.0031577813364641,0.3055235992016892,2023,OIL,Renaissance Africa Energy ,Forcados Yokri,OFFSHORE,Small,3.1577813364641
s_3622,5.36096693,5.324711083,Nigeria,0.0030608756446666,0.2961477201947362,2024,OIL,Renaissance Africa Energy ,Forcados Yokri,OFFSHORE,Small,3.0608756446666
s_3622,5.36096693,5.324711083,Nigeria,0.0012150487041197,0.11755913843726636,2025,OIL,Renaissance Africa Energy ,Forcados Yokri,OFFSHORE,Small,1.2150487041197
s_3624,5.414711522,5.322738277,Nigeria,0.0002971667608249,0.0287516609468577,2012,OIL,Renaissance Africa Energy ,Forcados Yokri,OFFSHORE,Small,0.2971667608249
s_3624,5.414711522,5.322738277,Nigeria,0.0002075112251044,0.020077253493314826,2013,OIL,Renaissance Africa Energy ,Forcados Yokri,OFFSHORE,Small,0.2075112251044
s_3624,5.414711522,5.322738277,Nigeria,0.0002744321552405,0.026552028425007916,2014,OIL,Renaissance Africa Energy ,Forcados Yokri,OFFSHORE,Small,0.2744321552405
s_3624,5.414711522,5.322738277,Nigeria,0.0003469950807878,0.03357268116172959,2015,OIL,Renaissance Africa Energy ,Forcados Yokri,OFFSHORE,Small,0.3469950807878
s_3624,5.414711522,5.322738277,Nigeria,0.0003490527570088,0.03377176671517567,2016,OIL,Renaissance Africa Energy ,Forcados Yokri,OFFSHORE,Small,0.3490527570088
s_3624,5.414711522,5.322738277,Nigeria,8.62140879752038e-05,0.00834143838774151,2017,OIL,Renaissance Africa Energy ,Forcados Yokri,OFFSHORE,Small,0.08621408797520379
s_3624,5.414711522,5.322738277,Nigeria,0.000238469197013,0.023072518204104213,2018,OIL,Renaissance Africa Energy ,Forcados Yokri,OFFSHORE,Small,0.238469197013
s_3624,5.414711522,5.322738277,Nigeria,0.0010673766958302,0.10327148559919193,2019,OIL,Renaissance Africa Energy ,Forcados Yokri,OFFSHORE,Small,1.0673766958302
s_3624,5.414711522,5.322738277,Nigeria,0.0011035632187024,0.1067726262839008,2020,OIL,Renaissance Africa Energy ,Forcados Yokri,OFFSHORE,Small,1.1035632187024
s_3624,5.414711522,5.322738277,Nigeria,0.0018413218862288,0.17815270597532773,2021,OIL,Renaissance Africa Energy ,Forcados Yokri,OFFSHORE,Small,1.8413218862287999
s_3624,5.414711522,5.322738277,Nigeria,0.0015452279957583,0.14950484803989705,2022,OIL,Renaissance Africa Energy ,Forcados Yokri,OFFSHORE,Small,1.5452279957583
s_3624,5.414711522,5.322738277,Nigeria,0.0038681189716429,0.37425062233092693,2023,OIL,Renaissance Africa Energy ,Forcados Yokri,OFFSHORE,Small,3.8681189716429
s_3624,5.414711522,5.322738277,Nigeria,0.0029054275688421,0.28110771249488126,2024,OIL,Renaissance Africa Energy ,Forcados Yokri,OFFSHORE,Small,2.9054275688421
s_3624,5.414711522,5.322738277,Nigeria,0.0095731878156065,0.9262309468624939,2025,OIL,Renaissance Africa Energy ,Forcados Yokri,OFFSHORE,Small,9.573187815606499
s_3625,6.037760237,5.718046994,Nigeria,0.0040330696959741,0.3902100361151077,2012,OIL,NEPL,Ogharefe,ONSHORE,Small,4.0330696959741
s_3625,6.037760237,5.718046994,Nigeria,0.006652607724503,0.6436571882279295,2013,OIL,NEPL,Ogharefe,ONSHORE,Small,6.6526077245029995
s_3625,6.037760237,5.718046994,Nigeria,0.0284607738921319,2.7536542746579955,2014,OIL,NEPL,Ogharefe,ONSHORE,Small,28.4607738921319
s_3625,6.037760237,5.718046994,Nigeria,0.0537527495127367,5.200719032847089,2015,OIL,NEPL,Ogharefe,ONSHORE,Medium,53.752749512736706
s_3625,6.037760237,5.718046994,Nigeria,0.0045671526811243,0.4418839610988386,2016,OIL,NEPL,Ogharefe,ONSHORE,Small,4.5671526811243
s_3625,6.037760237,5.718046994,Nigeria,0.019740713594137,1.9099656453235923,2017,OIL,NEPL,Ogharefe,ONSHORE,Small,19.740713594137
s_3625,6.037760237,5.718046994,Nigeria,0.069162372382722,6.6916403285091635,2018,OIL,NEPL,Ogharefe,ONSHORE,Medium,69.16237238272201
s_3625,6.037760237,5.718046994,Nigeria,0.0361153743911556,3.4942568831753613,2019,OIL,NEPL,Ogharefe,ONSHORE,Small,36.1153743911556
s_3625,6.037760237,5.718046994,Nigeria,0.0083652756079004,0.809362283109081,2020,OIL,NEPL,Ogharefe,ONSHORE,Small,8.3652756079004
s_3625,6.037760237,5.718046994,Nigeria,0.0083141765670508,0.804418317326572,2021,OIL,NEPL,Ogharefe,ONSHORE,Small,8.3141765670508
s_3625,6.037760237,5.718046994,Nigeria,0.0036129519405945,0.3495625450333358,2022,OIL,NEPL,Ogharefe,ONSHORE,Small,3.6129519405945
s_3625,6.037760237,5.718046994,Nigeria,0.0029850938664723,0.2888156350498692,2023,OIL,NEPL,Ogharefe,ONSHORE,Small,2.9850938664723
s_3625,6.037760237,5.718046994,Nigeria,0.0011570967289955,0.11195213334912489,2024,OIL,NEPL,Ogharefe,ONSHORE,Small,1.1570967289955
s_3625,6.037760237,5.718046994,Nigeria,0.0032327080118859,0.31277295091795404,2025,OIL,NEPL,Ogharefe,ONSHORE,Small,3.2327080118859004
s_3626,4.849851721,7.257155857,Nigeria,0.0022099861440869,0.21382193666498314,2012,OIL,NEPL,Isimiri,ONSHORE,Small,2.2099861440869
s_3626,4.849851721,7.257155857,Nigeria,0.0003725244730897,0.03604271660447566,2013,OIL,NEPL,Isimiri,ONSHORE,Small,0.3725244730897
s_3626,4.849851721,7.257155857,Nigeria,0.0033094662821892,0.3201995142270589,2014,OIL,NEPL,Isimiri,ONSHORE,Small,3.3094662821892
s_3626,4.849851721,7.257155857,Nigeria,0.0017545870913264,0.1697608878311765,2015,OIL,NEPL,Isimiri,ONSHORE,Small,1.7545870913264
s_3626,4.849851721,7.257155857,Nigeria,0.000873974031724,0.08455927226427935,2016,OIL,NEPL,Isimiri,ONSHORE,Small,0.873974031724
s_3626,4.849851721,7.257155857,Nigeria,0.0017969032767589,0.17385508939242209,2017,OIL,NEPL,Isimiri,ONSHORE,Small,1.7969032767589
s_3626,4.849851721,7.257155857,Nigeria,0.0049267014415263,0.4766712435803828,2018,OIL,NEPL,Isimiri,ONSHORE,Small,4.9267014415263
s_3626,4.849851721,7.257155857,Nigeria,0.0018640779084831,0.18035441061597662,2019,OIL,NEPL,Isimiri,ONSHORE,Small,1.8640779084830998
s_3626,4.849851721,7.257155857,Nigeria,0.0025462813448558,0.2463593764638446,2020,OIL,NEPL,Isimiri,ONSHORE,Small,2.5462813448558
s_3626,4.849851721,7.257155857,Nigeria,0.0018210608647138,0.17619239917850021,2021,OIL,NEPL,Isimiri,ONSHORE,Small,1.8210608647137998
s_3626,4.849851721,7.257155857,Nigeria,0.002704863227845,0.26170258819911113,2022,OIL,NEPL,Isimiri,ONSHORE,Small,2.7048632278449998
s_3626,4.849851721,7.257155857,Nigeria,0.0045516420083782,0.4403832629635034,2023,OIL,NEPL,Isimiri,ONSHORE,Small,4.5516420083782
s_3626,4.849851721,7.257155857,Nigeria,0.0109429233708253,1.058756442517481,2024,OIL,NEPL,Isimiri,ONSHORE,Small,10.9429233708253
s_3626,4.849851721,7.257155857,Nigeria,0.0125963180280032,1.2187266978130782,2025,OIL,NEPL,Isimiri,ONSHORE,Small,12.5963180280032
s_3627a,5.714600232,6.3833081,Nigeria,0.0,0.0,2012,OIL,Midwestern O&G,Umusadege,ONSHORE,Small,0.0
s_3627a,5.714600232,6.3833081,Nigeria,0.0,0.0,2013,OIL,Midwestern O&G,Umusadege,ONSHORE,Small,0.0
s_3627a,5.714600232,6.3833081,Nigeria,0.0,0.0,2014,OIL,Midwestern O&G,Umusadege,ONSHORE,Small,0.0
s_3627a,5.714600232,6.3833081,Nigeria,0.0,0.0,2015,OIL,Midwestern O&G,Umusadege,ONSHORE,Small,0.0
s_3627a,5.714600232,6.3833081,Nigeria,0.0001149928458406,0.01112585844306909,2016,OIL,Midwestern O&G,Umusadege,ONSHORE,Small,0.11499284584059999
s_3627a,5.714600232,6.3833081,Nigeria,3.9701170378654e-05,0.0038411920187570465,2017,OIL,Midwestern O&G,Umusadege,ONSHORE,Small,0.039701170378654
s_3627a,5.714600232,6.3833081,Nigeria,7.50708539854575e-05,0.00726330136920239,2018,OIL,Midwestern O&G,Umusadege,ONSHORE,Small,0.0750708539854575
s_3627a,5.714600232,6.3833081,Nigeria,4.12453487646632e-05,0.003990595314309886,2019,OIL,Midwestern O&G,Umusadege,ONSHORE,Small,0.0412453487646632
s_3627a,5.714600232,6.3833081,Nigeria,0.0001401979341966,0.013564516631271747,2020,OIL,Midwestern O&G,Umusadege,ONSHORE,Small,0.14019793419659998
s_3627a,5.714600232,6.3833081,Nigeria,6.5531524755581e-05,0.006340346329020531,2021,OIL,Midwestern O&G,Umusadege,ONSHORE,Small,0.065531524755581
s_3627a,5.714600232,6.3833081,Nigeria,6.97456839375818e-06,0.0006748077246302925,2022,OIL,Midwestern O&G,Umusadege,ONSHORE,Small,0.00697456839375818
s_3627a,5.714600232,6.3833081,Nigeria,0.0078405952433366,0.7585980862468993,2023,OIL,Midwestern O&G,Umusadege,ONSHORE,Small,7.840595243336599
s_3627a,5.714600232,6.3833081,Nigeria,0.0098143961868915,0.9495684873380134,2024,OIL,Midwestern O&G,Umusadege,ONSHORE,Small,9.8143961868915
s_3627a,5.714600232,6.3833081,Nigeria,0.0013476379481384,0.1303874944036057,2025,OIL,Midwestern O&G,Umusadege,ONSHORE,Small,1.3476379481384
s_3627b,5.714273394,6.39366473,Nigeria,0.0,0.0,2012,OIL,Midwestern O&G,Umusadege,ONSHORE,Small,0.0
s_3627b,5.714273394,6.39366473,Nigeria,0.0001193390790404,0.011546367866834212,2013,OIL,Midwestern O&G,Umusadege,ONSHORE,Small,0.1193390790404
s_3627b,5.714273394,6.39366473,Nigeria,0.0,0.0,2014,OIL,Midwestern O&G,Umusadege,ONSHORE,Small,0.0
s_3627b,5.714273394,6.39366473,Nigeria,0.0001189041417813,0.011504286550027158,2015,OIL,Midwestern O&G,Umusadege,ONSHORE,Small,0.1189041417813
s_3627b,5.714273394,6.39366473,Nigeria,0.0006421255655165,0.06212732707315864,2016,OIL,Midwestern O&G,Umusadege,ONSHORE,Small,0.6421255655164999
s_3627b,5.714273394,6.39366473,Nigeria,0.0002422144665012,0.023434882817765658,2017,OIL,Midwestern O&G,Umusadege,ONSHORE,Small,0.24221446650120002
s_3627b,5.714273394,6.39366473,Nigeria,0.0004291599305679,0.04152234516879839,2018,OIL,Midwestern O&G,Umusadege,ONSHORE,Small,0.4291599305679
s_3627b,5.714273394,6.39366473,Nigeria,0.0002348484126009,0.0227221978469775,2019,OIL,Midwestern O&G,Umusadege,ONSHORE,Small,0.2348484126009
s_3627b,5.714273394,6.39366473,Nigeria,0.000254953890111,0.02466745535471634,2020,OIL,Midwestern O&G,Umusadege,ONSHORE,Small,0.254953890111
s_3627b,5.714273394,6.39366473,Nigeria,0.0002303848919877,0.022290340559359606,2021,OIL,Midwestern O&G,Umusadege,ONSHORE,Small,0.23038489198769999
s_3627b,5.714273394,6.39366473,Nigeria,3.51903092005356e-05,0.0034047544077281883,2022,OIL,Midwestern O&G,Umusadege,ONSHORE,Small,0.0351903092005356
s_3627b,5.714273394,6.39366473,Nigeria,0.0005305216566087,0.05132935713751102,2023,OIL,Midwestern O&G,Umusadege,ONSHORE,Small,0.5305216566087
s_3627b,5.714273394,6.39366473,Nigeria,0.0007683681379214,0.07434162596974198,2024,OIL,Midwestern O&G,Umusadege,ONSHORE,Small,0.7683681379213999
s_3627b,5.714273394,6.39366473,Nigeria,0.0004074680817374,0.03942360208880595,2025,OIL,Midwestern O&G,Umusadege,ONSHORE,Small,0.4074680817374
s_3629,5.247898771,6.660746236,Nigeria,0.0012669528090478,0.12258099627392453,2012,OIL,TotalEnergies,Obagi,ONSHORE,Small,1.2669528090478
s_3629,5.247898771,6.660746236,Nigeria,0.0006776007780996,0.06555964662792874,2013,OIL,TotalEnergies,Obagi,ONSHORE,Small,0.6776007780996001
s_3629,5.247898771,6.660746236,Nigeria,0.0016456853201955,0.15922435678922434,2014,OIL,TotalEnergies,Obagi,ONSHORE,Small,1.6456853201955
s_3629,5.247898771,6.660746236,Nigeria,0.0010415404113938,0.1007717575401724,2015,OIL,TotalEnergies,Obagi,ONSHORE,Small,1.0415404113938
s_3629,5.247898771,6.660746236,Nigeria,0.00122622880977,0.11864084288535191,2016,OIL,TotalEnergies,Obagi,ONSHORE,Small,1.22622880977
s_3629,5.247898771,6.660746236,Nigeria,0.0040094181030879,0.3879216826746708,2017,OIL,TotalEnergies,Obagi,ONSHORE,Small,4.0094181030879
s_3629,5.247898771,6.660746236,Nigeria,0.0026440397312672,0.25581775590375994,2018,OIL,TotalEnergies,Obagi,ONSHORE,Small,2.6440397312672
s_3629,5.247898771,6.660746236,Nigeria,0.001453783012065,0.14065730681710903,2019,OIL,TotalEnergies,Obagi,ONSHORE,Small,1.453783012065
s_3629,5.247898771,6.660746236,Nigeria,0.0020249225194404,0.19591654719725618,2020,OIL,TotalEnergies,Obagi,ONSHORE,Small,2.0249225194404
s_3629,5.247898771,6.660746236,Nigeria,0.0011874372855674,0.11488766151207523,2021,OIL,TotalEnergies,Obagi,ONSHORE,Small,1.1874372855674
s_3629,5.247898771,6.660746236,Nigeria,0.0007018415213674,0.06790500190791,2022,OIL,TotalEnergies,Obagi,ONSHORE,Small,0.7018415213674
s_3629,5.247898771,6.660746236,Nigeria,0.0007587198405662,0.07340812797857657,2023,OIL,TotalEnergies,Obagi,ONSHORE,Small,0.7587198405662
s_3629,5.247898771,6.660746236,Nigeria,0.0005543334730009,0.053633212621000875,2024,OIL,TotalEnergies,Obagi,ONSHORE,Small,0.5543334730009
s_3629,5.247898771,6.660746236,Nigeria,0.0016563862122517,0.16025969606934684,2025,OIL,TotalEnergies,Obagi,ONSHORE,Small,1.6563862122517001
s_3631,4.556537129,5.921194688,Nigeria,0.0381539409171401,3.6914935236731727,2012,OIL,Oando Oil,Tebidaba,ONSHORE,Small,38.1539409171401
s_3631,4.556537129,5.921194688,Nigeria,0.0220098662909623,2.129512100635973,2013,OIL,Oando Oil,Tebidaba,ONSHORE,Small,22.0098662909623
s_3631,4.556537129,5.921194688,Nigeria,0.0261929126229729,2.534232768348309,2014,OIL,Oando Oil,Tebidaba,ONSHORE,Small,26.1929126229729
s_3631,4.556537129,5.921194688,Nigeria,0.0181572193132717,1.756758434165969,2015,OIL,Oando Oil,Tebidaba,ONSHORE,Small,18.1572193132717
s_3631,4.556537129,5.921194688,Nigeria,0.0284935661428281,2.7568270106365564,2016,OIL,Oando Oil,Tebidaba,ONSHORE,Small,28.4935661428281
s_3631,4.556537129,5.921194688,Nigeria,0.0219605044198733,2.124736210569016,2017,OIL,Oando Oil,Tebidaba,ONSHORE,Small,21.960504419873303
s_3631,4.556537129,5.921194688,Nigeria,0.0194020799329791,1.87720195336902,2018,OIL,Oando Oil,Tebidaba,ONSHORE,Small,19.4020799329791
s_3631,4.556537129,5.921194688,Nigeria,0.0315247143533966,3.050098523870473,2019,OIL,Oando Oil,Tebidaba,ONSHORE,Small,31.5247143533966
s_3631,4.556537129,5.921194688,Nigeria,0.023214359800857,2.2460499964391607,2020,OIL,Oando Oil,Tebidaba,ONSHORE,Small,23.214359800857
s_3631,4.556537129,5.921194688,Nigeria,0.0138634891148834,1.3413288130378975,2021,OIL,Oando Oil,Tebidaba,ONSHORE,Small,13.8634891148834
s_3631,4.556537129,5.921194688,Nigeria,0.033382617753524,3.2298555346619753,2022,OIL,Oando Oil,Tebidaba,ONSHORE,Small,33.382617753524
s_3631,4.556537129,5.921194688,Nigeria,0.0144121690837128,1.3944150343512252,2023,OIL,Oando Oil,Tebidaba,ONSHORE,Small,14.412169083712799
s_3631,4.556537129,5.921194688,Nigeria,0.0019294405087541,0.18667841305952082,2024,OIL,Oando Oil,Tebidaba,ONSHORE,Small,1.9294405087541
s_3631,4.556537129,5.921194688,Nigeria,0.0034012471981874,0.3290795577785218,2025,OIL,Oando Oil,Tebidaba,ONSHORE,Small,3.4012471981874
s_3634,4.101131578,8.171861793,Nigeria,0.0367657399843829,3.5571814544701685,2012,OIL,Oriental Energy,Ebok,OFFSHORE,Small,36.7657399843829
s_3634,4.101131578,8.171861793,Nigeria,0.0372189123103734,3.601027061667991,2013,OIL,Oriental Energy,Ebok,OFFSHORE,Small,37.2189123103734
s_3634,4.101131578,8.171861793,Nigeria,0.0236101095410127,2.284339818346491,2014,OIL,Oriental Energy,Ebok,OFFSHORE,Small,23.6101095410127
s_3634,4.101131578,8.171861793,Nigeria,0.0066706770348291,0.6454054412377799,2015,OIL,Oriental Energy,Ebok,OFFSHORE,Small,6.6706770348291
s_3634,4.101131578,8.171861793,Nigeria,0.006313379793438,0.6108359991063377,2016,OIL,Oriental Energy,Ebok,OFFSHORE,Small,6.313379793438
s_3634,4.101131578,8.171861793,Nigeria,0.0081707631759609,0.7905426968352023,2017,OIL,Oriental Energy,Ebok,OFFSHORE,Small,8.1707631759609
s_3634,4.101131578,8.171861793,Nigeria,0.0059147313729295,0.5722657222973025,2018,OIL,Oriental Energy,Ebok,OFFSHORE,Small,5.9147313729295
s_3634,4.101131578,8.171861793,Nigeria,0.0040332314278117,0.390225684093186,2019,OIL,Oriental Energy,Ebok,OFFSHORE,Small,4.0332314278117005
s_3634,4.101131578,8.171861793,Nigeria,0.0025973798561192,0.2513032910075043,2020,OIL,Oriental Energy,Ebok,OFFSHORE,Small,2.5973798561192
s_3634,4.101131578,8.171861793,Nigeria,0.0025135614321374,0.24319363937373806,2021,OIL,Oriental Energy,Ebok,OFFSHORE,Small,2.5135614321374002
s_3634,4.101131578,8.171861793,Nigeria,0.0022680760871675,0.21944229051357458,2022,OIL,Oriental Energy,Ebok,OFFSHORE,Small,2.2680760871675
s_3634,4.101131578,8.171861793,Nigeria,0.0039035608750943,0.37767971914013015,2023,OIL,Oriental Energy,Ebok,OFFSHORE,Small,3.9035608750943
s_3634,4.101131578,8.171861793,Nigeria,0.0033856259965244,0.32756816568153785,2024,OIL,Oriental Energy,Ebok,OFFSHORE,Small,3.3856259965244
s_3634,4.101131578,8.171861793,Nigeria,0.0014518229599247,0.14046766664867422,2025,OIL,Oriental Energy,Ebok,OFFSHORE,Small,1.4518229599247001
s_3635,5.01870044,6.300135491,Nigeria,0.0498504342570894,4.823159830644686,2012,OIL,Renaissance Africa Energy ,Gbaran/Ubie Gas Plant,ONSHORE,Small,49.8504342570894
s_3635,5.01870044,6.300135491,Nigeria,0.0427338614105472,4.134612803987287,2013,OIL,Renaissance Africa Energy ,Gbaran/Ubie Gas Plant,ONSHORE,Small,42.7338614105472
s_3635,5.01870044,6.300135491,Nigeria,0.0400403649950963,3.874009984601803,2014,OIL,Renaissance Africa Energy ,Gbaran/Ubie Gas Plant,ONSHORE,Small,40.0403649950963
s_3635,5.01870044,6.300135491,Nigeria,0.0167662533632732,1.6221788423167125,2015,OIL,Renaissance Africa Energy ,Gbaran/Ubie Gas Plant,ONSHORE,Small,16.7662533632732
s_3635,5.01870044,6.300135491,Nigeria,0.0390497177087265,3.7781622699497186,2016,OIL,Renaissance Africa Energy ,Gbaran/Ubie Gas Plant,ONSHORE,Small,39.0497177087265
s_3635,5.01870044,6.300135491,Nigeria,0.0663591596569459,6.420422169285355,2017,OIL,Renaissance Africa Energy ,Gbaran/Ubie Gas Plant,ONSHORE,Medium,66.3591596569459
s_3635,5.01870044,6.300135491,Nigeria,0.0311809653888495,3.0168399129408505,2018,OIL,Renaissance Africa Energy ,Gbaran/Ubie Gas Plant,ONSHORE,Small,31.1809653888495
s_3635,5.01870044,6.300135491,Nigeria,0.0110994173782719,1.073897646835991,2019,OIL,Renaissance Africa Energy ,Gbaran/Ubie Gas Plant,ONSHORE,Small,11.0994173782719
s_3635,5.01870044,6.300135491,Nigeria,0.034374869765087,3.3258585106714857,2020,OIL,Renaissance Africa Energy ,Gbaran/Ubie Gas Plant,ONSHORE,Small,34.374869765087006
s_3635,5.01870044,6.300135491,Nigeria,0.0061445384964069,0.5945001622429198,2021,OIL,Renaissance Africa Energy ,Gbaran/Ubie Gas Plant,ONSHORE,Small,6.144538496406899
s_3635,5.01870044,6.300135491,Nigeria,0.0064864139339692,0.6275775045390918,2022,OIL,Renaissance Africa Energy ,Gbaran/Ubie Gas Plant,ONSHORE,Small,6.4864139339691995
s_3635,5.01870044,6.300135491,Nigeria,0.0185447520207595,1.7942532366821642,2023,OIL,Renaissance Africa Energy ,Gbaran/Ubie Gas Plant,ONSHORE,Small,18.5447520207595
s_3635,5.01870044,6.300135491,Nigeria,0.0287931480934237,2.785812347507386,2024,OIL,Renaissance Africa Energy ,Gbaran/Ubie Gas Plant,ONSHORE,Small,28.7931480934237
s_3635,5.01870044,6.300135491,Nigeria,0.039125637663278,3.7855077240183577,2025,OIL,Renaissance Africa Energy ,Gbaran/Ubie Gas Plant,ONSHORE,Small,39.125637663278
s_3636,6.04461825,5.714872984,Nigeria,0.0023347351562726,0.22589172970597565,2012,OIL,NEPL,Ogharefe,ONSHORE,Small,2.3347351562726
s_3636,6.04461825,5.714872984,Nigeria,0.0005550726715758,0.05370473201549482,2013,OIL,NEPL,Ogharefe,ONSHORE,Small,0.5550726715758
s_3636,6.04461825,5.714872984,Nigeria,0.0126917771859762,1.2279626208910615,2014,OIL,NEPL,Ogharefe,ONSHORE,Small,12.6917771859762
s_3636,6.04461825,5.714872984,Nigeria,0.0146154868977413,1.4140865643607614,2015,OIL,NEPL,Ogharefe,ONSHORE,Small,14.6154868977413
s_3636,6.04461825,5.714872984,Nigeria,0.000565171327164,0.05468180334300478,2016,OIL,NEPL,Ogharefe,ONSHORE,Small,0.5651713271640001
s_3636,6.04461825,5.714872984,Nigeria,0.0055705812758027,0.5389683007419749,2017,OIL,NEPL,Ogharefe,ONSHORE,Small,5.5705812758027
s_3636,6.04461825,5.714872984,Nigeria,0.018848447290097,1.8236365478940848,2018,OIL,NEPL,Ogharefe,ONSHORE,Small,18.848447290097
s_3636,6.04461825,5.714872984,Nigeria,0.0124963623770488,1.2090557272846594,2019,OIL,NEPL,Ogharefe,ONSHORE,Small,12.4963623770488
s_3636,6.04461825,5.714872984,Nigeria,0.0016823124877997,0.1627681310036635,2020,OIL,NEPL,Ogharefe,ONSHORE,Small,1.6823124877997
s_3636,6.04461825,5.714872984,Nigeria,0.0023533089006807,0.2276887880319233,2021,OIL,NEPL,Ogharefe,ONSHORE,Small,2.3533089006807
s_3636,6.04461825,5.714872984,Nigeria,0.0048384248706398,0.46813025457934365,2022,OIL,NEPL,Ogharefe,ONSHORE,Small,4.8384248706398
s_3636,6.04461825,5.714872984,Nigeria,0.0049767732886555,0.48151582568520956,2023,OIL,NEPL,Ogharefe,ONSHORE,Small,4.9767732886555
s_3636,6.04461825,5.714872984,Nigeria,0.0016917018040984,0.16367657190059845,2024,OIL,NEPL,Ogharefe,ONSHORE,Small,1.6917018040984
s_3636,6.04461825,5.714872984,Nigeria,0.0076906803142575,0.7440934249591106,2025,OIL,NEPL,Ogharefe,ONSHORE,Small,7.6906803142575
s_3639,4.557817674,6.988406644,Nigeria,0.0207624756703581,2.008823797232367,2012,OIL,NNPC Limited,Cawthorne Channel,OFFSHORE,Small,20.7624756703581
s_3639,4.557817674,6.988406644,Nigeria,0.0041095704683697,0.3976116858285056,2013,OIL,NNPC Limited,Cawthorne Channel,OFFSHORE,Small,4.1095704683697
s_3639,4.557817674,6.988406644,Nigeria,0.0036904633882517,0.3570619802203454,2014,OIL,NNPC Limited,Cawthorne Channel,OFFSHORE,Small,3.6904633882517
s_3639,4.557817674,6.988406644,Nigeria,0.0069952785905582,0.6768114903101551,2015,OIL,NNPC Limited,Cawthorne Channel,OFFSHORE,Small,6.9952785905582004
s_3639,4.557817674,6.988406644,Nigeria,0.0151668265187128,1.467430113971554,2016,OIL,NNPC Limited,Cawthorne Channel,OFFSHORE,Small,15.1668265187128
s_3639,4.557817674,6.988406644,Nigeria,0.0138352931811489,1.338600782740821,2017,OIL,NNPC Limited,Cawthorne Channel,OFFSHORE,Small,13.8352931811489
s_3639,4.557817674,6.988406644,Nigeria,0.0158845914773603,1.5368757500624903,2018,OIL,NNPC Limited,Cawthorne Channel,OFFSHORE,Small,15.884591477360301
s_3639,4.557817674,6.988406644,Nigeria,0.010775102780494,1.0425193616955442,2019,OIL,NNPC Limited,Cawthorne Channel,OFFSHORE,Small,10.775102780493999
s_3639,4.557817674,6.988406644,Nigeria,0.0073944481309764,0.7154321868327369,2020,OIL,NNPC Limited,Cawthorne Channel,OFFSHORE,Small,7.3944481309764
s_3639,4.557817674,6.988406644,Nigeria,0.0025177381545679,0.24359774818744764,2021,OIL,NNPC Limited,Cawthorne Channel,OFFSHORE,Small,2.5177381545679
s_3639,4.557817674,6.988406644,Nigeria,0.0004817712032278,0.04661262333214734,2022,OIL,NNPC Limited,Cawthorne Channel,OFFSHORE,Small,0.48177120322780004
s_3639,4.557817674,6.988406644,Nigeria,0.0002469916116803,0.023897084101994516,2023,OIL,NNPC Limited,Cawthorne Channel,OFFSHORE,Small,0.2469916116803
s_3639,4.557817674,6.988406644,Nigeria,0.0018653380270535,0.1804763303817957,2024,OIL,NNPC Limited,Cawthorne Channel,OFFSHORE,Small,1.8653380270535
s_3639,4.557817674,6.988406644,Nigeria,0.0022856132318606,0.22113905510727383,2025,OIL,NNPC Limited,Cawthorne Channel,OFFSHORE,Small,2.2856132318605997
s_3642,4.467515917,6.865771495,Nigeria,0.0064978238869701,0.6286814473192022,2012,NA,NA,NA,ONSHORE,Small,6.4978238869700995
s_3642,4.467515917,6.865771495,Nigeria,0.0001078627884999,0.0104360067563515,2013,NA,NA,NA,ONSHORE,Small,0.1078627884999
s_3642,4.467515917,6.865771495,Nigeria,0.0004822642329582,0.04666032524741482,2014,NA,NA,NA,ONSHORE,Small,0.4822642329582
s_3642,4.467515917,6.865771495,Nigeria,0.0,0.0,2015,NA,NA,NA,ONSHORE,Small,0.0
s_3642,4.467515917,6.865771495,Nigeria,0.0004011644796428,0.038813712107622515,2016,NA,NA,NA,ONSHORE,Small,0.4011644796428
s_3642,4.467515917,6.865771495,Nigeria,0.000513357605072,0.049668690282013095,2017,NA,NA,NA,ONSHORE,Small,0.513357605072
s_3642,4.467515917,6.865771495,Nigeria,0.0015717848520293,0.15207429330759353,2018,NA,NA,NA,ONSHORE,Small,1.5717848520293
s_3642,4.467515917,6.865771495,Nigeria,0.0009900995976154,0.09579472433335799,2019,NA,NA,NA,ONSHORE,Small,0.9900995976154
s_3642,4.467515917,6.865771495,Nigeria,0.0003234846607284,0.031297986561331904,2020,NA,NA,NA,ONSHORE,Small,0.32348466072840004
s_3642,4.467515917,6.865771495,Nigeria,0.0004863669708982,0.04705727586826234,2021,NA,NA,NA,ONSHORE,Small,0.4863669708982
s_3642,4.467515917,6.865771495,Nigeria,0.0016179272637218,0.15653869226180495,2022,NA,NA,NA,ONSHORE,Small,1.6179272637217998
s_3642,4.467515917,6.865771495,Nigeria,0.0006122186777919,0.05923375750485788,2023,NA,NA,NA,ONSHORE,Small,0.6122186777919
s_3642,4.467515917,6.865771495,Nigeria,0.0,0.0,2024,NA,NA,NA,ONSHORE,Small,0.0
s_3642,4.467515917,6.865771495,Nigeria,0.0,0.0,2025,NA,NA,NA,ONSHORE,Small,0.0
s_3643,4.425126375,7.152957504,Nigeria,0.0690417098238109,6.679965910505071,2012,LNG,Nigeria LNG,NLNG,OFFSHORE,Medium,69.0417098238109
s_3643,4.425126375,7.152957504,Nigeria,0.0923118523158133,8.931413028136602,2013,LNG,Nigeria LNG,NLNG,OFFSHORE,Medium,92.31185231581331
s_3643,4.425126375,7.152957504,Nigeria,0.063432119893411,6.13722342045653,2014,LNG,Nigeria LNG,NLNG,OFFSHORE,Medium,63.43211989341099
s_3643,4.425126375,7.152957504,Nigeria,0.0728670245493951,7.050075110133306,2015,LNG,Nigeria LNG,NLNG,OFFSHORE,Medium,72.8670245493951
s_3643,4.425126375,7.152957504,Nigeria,0.116627521411896,11.284017577871207,2016,LNG,Nigeria LNG,NLNG,OFFSHORE,Medium,116.627521411896
s_3643,4.425126375,7.152957504,Nigeria,0.115812931055143,11.205203831397919,2017,LNG,Nigeria LNG,NLNG,OFFSHORE,Medium,115.812931055143
s_3643,4.425126375,7.152957504,Nigeria,0.0888995308646714,8.601262007435025,2018,LNG,Nigeria LNG,NLNG,OFFSHORE,Medium,88.89953086467139
s_3643,4.425126375,7.152957504,Nigeria,0.0821117275454195,7.944524291994231,2019,LNG,Nigeria LNG,NLNG,OFFSHORE,Medium,82.1117275454195
s_3643,4.425126375,7.152957504,Nigeria,0.0806268461970997,7.800858139848905,2020,LNG,Nigeria LNG,NLNG,OFFSHORE,Medium,80.6268461970997
s_3643,4.425126375,7.152957504,Nigeria,0.0515957221189372,4.992020993714272,2021,LNG,Nigeria LNG,NLNG,OFFSHORE,Small,51.595722118937196
s_3643,4.425126375,7.152957504,Nigeria,0.0594768179395214,5.754537616684265,2022,LNG,Nigeria LNG,NLNG,OFFSHORE,Medium,59.476817939521396
s_3643,4.425126375,7.152957504,Nigeria,0.0645864204520957,6.24890501701849,2023,LNG,Nigeria LNG,NLNG,OFFSHORE,Medium,64.5864204520957
s_3643,4.425126375,7.152957504,Nigeria,0.0813980771382467,7.875476749514507,2024,LNG,Nigeria LNG,NLNG,OFFSHORE,Medium,81.3980771382467
s_3643,4.425126375,7.152957504,Nigeria,0.0885746793514301,8.569831774319919,2025,LNG,Nigeria LNG,NLNG,OFFSHORE,Medium,88.57467935143009
s_3648,5.646209613,5.359891264,Nigeria,0.0004782139653461,0.04626845126795669,2012,OIL,NEPL,Jones Creek,ONSHORE,Small,0.4782139653461
s_3648,5.646209613,5.359891264,Nigeria,0.0008030665171665,0.07769878486830546,2013,OIL,NEPL,Jones Creek,ONSHORE,Small,0.8030665171665
s_3648,5.646209613,5.359891264,Nigeria,0.0002255555124399,0.021823085463410802,2014,OIL,NEPL,Jones Creek,ONSHORE,Small,0.22555551243990002
s_3648,5.646209613,5.359891264,Nigeria,0.000409276550364,0.039598576156029,2015,OIL,NEPL,Jones Creek,ONSHORE,Small,0.409276550364
s_3648,5.646209613,5.359891264,Nigeria,0.0023619589733849,0.22852570517860032,2016,OIL,NEPL,Jones Creek,ONSHORE,Small,2.3619589733849
s_3648,5.646209613,5.359891264,Nigeria,0.0020597783594124,0.1992889408327724,2017,OIL,NEPL,Jones Creek,ONSHORE,Small,2.0597783594124
s_3648,5.646209613,5.359891264,Nigeria,0.0029502958663018,0.2854488375663497,2018,OIL,NEPL,Jones Creek,ONSHORE,Small,2.9502958663018
s_3648,5.646209613,5.359891264,Nigeria,0.0005776381675989,0.0558880027452119,2019,OIL,NEPL,Jones Creek,ONSHORE,Small,0.5776381675989001
s_3648,5.646209613,5.359891264,Nigeria,0.0008654544330204,0.08373497881823837,2020,OIL,NEPL,Jones Creek,ONSHORE,Small,0.8654544330204
s_3648,5.646209613,5.359891264,Nigeria,0.0029437101925161,0.284811656411676,2021,OIL,NEPL,Jones Creek,ONSHORE,Small,2.9437101925160998
s_3648,5.646209613,5.359891264,Nigeria,0.0023947343976613,0.2316968131570587,2022,OIL,NEPL,Jones Creek,ONSHORE,Small,2.3947343976613
s_3648,5.646209613,5.359891264,Nigeria,9.13867573663306e-05,0.008841907673441667,2023,OIL,NEPL,Jones Creek,ONSHORE,Small,0.0913867573663306
s_3648,5.646209613,5.359891264,Nigeria,0.0,0.0,2024,OIL,NEPL,Jones Creek,ONSHORE,Small,0.0
s_3648,5.646209613,5.359891264,Nigeria,0.0,0.0,2025,OIL,NEPL,Jones Creek,ONSHORE,Small,0.0
s_3649,5.488503673,6.244232927,Nigeria,0.0626746765010746,6.063938792181008,2012,OIL,Oando Oil,Isoko South,ONSHORE,Medium,62.6746765010746
s_3649,5.488503673,6.244232927,Nigeria,0.107728489337787,10.423012961339564,2013,OIL,Oando Oil,Isoko South,ONSHORE,Medium,107.72848933778701
s_3649,5.488503673,6.244232927,Nigeria,0.0065360988235017,0.6323846474848744,2014,OIL,Oando Oil,Isoko South,ONSHORE,Small,6.5360988235017
s_3649,5.488503673,6.244232927,Nigeria,0.0008218057782773,0.07951185736792404,2015,OIL,Oando Oil,Isoko South,ONSHORE,Small,0.8218057782773001
s_3649,5.488503673,6.244232927,Nigeria,0.0010179049615897,0.09848496598512908,2016,OIL,Oando Oil,Isoko South,ONSHORE,Small,1.0179049615897
s_3649,5.488503673,6.244232927,Nigeria,5.51680101301004e-05,0.005337649197273716,2017,OIL,Oando Oil,Isoko South,ONSHORE,Small,0.055168010130100406
s_3649,5.488503673,6.244232927,Nigeria,0.0001926190716375,0.01863639871514139,2018,OIL,Oando Oil,Isoko South,ONSHORE,Small,0.1926190716375
s_3649,5.488503673,6.244232927,Nigeria,0.00065266140721,0.06314669729922431,2019,OIL,Oando Oil,Isoko South,ONSHORE,Small,0.65266140721
s_3649,5.488503673,6.244232927,Nigeria,0.0004128524367526,0.039944552512012135,2020,OIL,Oando Oil,Isoko South,ONSHORE,Small,0.4128524367526
s_3649,5.488503673,6.244232927,Nigeria,0.000323397846761,0.03128958708304164,2021,OIL,Oando Oil,Isoko South,ONSHORE,Small,0.323397846761
s_3649,5.488503673,6.244232927,Nigeria,0.0002135704640084,0.020663500697006863,2022,OIL,Oando Oil,Isoko South,ONSHORE,Small,0.21357046400840002
s_3649,5.488503673,6.244232927,Nigeria,0.0005254201203159,0.05083577016502623,2023,OIL,Oando Oil,Isoko South,ONSHORE,Small,0.5254201203159
s_3649,5.488503673,6.244232927,Nigeria,0.0015229108009317,0.14734560110003675,2024,OIL,Oando Oil,Isoko South,ONSHORE,Small,1.5229108009317
s_3649,5.488503673,6.244232927,Nigeria,0.0009733954204691,0.09417855152730968,2025,OIL,Oando Oil,Isoko South,ONSHORE,Small,0.9733954204691
s_3654,4.646145137,7.076022548,Nigeria,7.4000230709121e-05,0.007159715768452181,2012,OIL,NNPC Limited,Alakiri,ONSHORE,Small,0.07400023070912101
s_3654,4.646145137,7.076022548,Nigeria,0.0,0.0,2013,OIL,NNPC Limited,Alakiri,ONSHORE,Small,0.0
s_3654,4.646145137,7.076022548,Nigeria,0.0,0.0,2014,OIL,NNPC Limited,Alakiri,ONSHORE,Small,0.0
s_3654,4.646145137,7.076022548,Nigeria,2.03165803242222e-05,0.001965682256858559,2015,OIL,NNPC Limited,Alakiri,ONSHORE,Small,0.0203165803242222
s_3654,4.646145137,7.076022548,Nigeria,0.0008400202503429,0.08127415515554477,2016,OIL,NNPC Limited,Alakiri,ONSHORE,Small,0.8400202503429
s_3654,4.646145137,7.076022548,Nigeria,0.0029667294660152,0.28703883129843627,2017,OIL,NNPC Limited,Alakiri,ONSHORE,Small,2.9667294660151997
s_3654,4.646145137,7.076022548,Nigeria,0.009632157708638,0.9319364381691518,2018,OIL,NNPC Limited,Alakiri,ONSHORE,Small,9.632157708638
s_3654,4.646145137,7.076022548,Nigeria,0.0091837820453684,0.8885549206287494,2019,OIL,NNPC Limited,Alakiri,ONSHORE,Small,9.1837820453684
s_3654,4.646145137,7.076022548,Nigeria,0.0026630478958072,0.25765684551310625,2020,OIL,NNPC Limited,Alakiri,ONSHORE,Small,2.6630478958072
s_3654,4.646145137,7.076022548,Nigeria,0.0023234401094544,0.22479890439942288,2021,OIL,NNPC Limited,Alakiri,ONSHORE,Small,2.3234401094544
s_3654,4.646145137,7.076022548,Nigeria,0.0008906080821579,0.08616866012758158,2022,OIL,NNPC Limited,Alakiri,ONSHORE,Small,0.8906080821579
s_3654,4.646145137,7.076022548,Nigeria,5.0566004788532e-05,0.004892393150166997,2023,OIL,NNPC Limited,Alakiri,ONSHORE,Small,0.050566004788532
s_3654,4.646145137,7.076022548,Nigeria,0.0006926841901137,0.06701900617052138,2024,OIL,NNPC Limited,Alakiri,ONSHORE,Small,0.6926841901137
s_3654,4.646145137,7.076022548,Nigeria,0.0009714318589702,0.09398857181925632,2025,OIL,NNPC Limited,Alakiri,ONSHORE,Small,0.9714318589702
s_3656,5.436568351,5.140480557,Nigeria,0.0476605592806698,4.611283702025026,2012,OIL,Chevron,Meji,OFFSHORE,Small,47.6605592806698
s_3656,5.436568351,5.140480557,Nigeria,0.0525950068470095,5.088704403430599,2013,OIL,Chevron,Meji,OFFSHORE,Medium,52.5950068470095
s_3656,5.436568351,5.140480557,Nigeria,0.0428257531155185,4.143503566661516,2014,OIL,Chevron,Meji,OFFSHORE,Small,42.8257531155185
s_3656,5.436568351,5.140480557,Nigeria,0.0287764062429034,2.7841925297039194,2015,OIL,Chevron,Meji,OFFSHORE,Small,28.7764062429034
s_3656,5.436568351,5.140480557,Nigeria,0.0364042955914851,3.522210764589197,2016,OIL,Chevron,Meji,OFFSHORE,Small,36.4042955914851
s_3656,5.436568351,5.140480557,Nigeria,0.014607156181342,1.4132805457714273,2017,OIL,Chevron,Meji,OFFSHORE,Small,14.607156181342
s_3656,5.436568351,5.140480557,Nigeria,0.0233203707409327,2.25630683201947,2018,OIL,Chevron,Meji,OFFSHORE,Small,23.320370740932702
s_3656,5.436568351,5.140480557,Nigeria,0.0481913338545087,4.662637529565721,2019,OIL,Chevron,Meji,OFFSHORE,Small,48.191333854508706
s_3656,5.436568351,5.140480557,Nigeria,0.013635540882357,1.3192742256512002,2020,OIL,Chevron,Meji,OFFSHORE,Small,13.635540882357
s_3656,5.436568351,5.140480557,Nigeria,0.005577846661588,0.5396712458094758,2021,OIL,Chevron,Meji,OFFSHORE,Small,5.577846661588
s_3656,5.436568351,5.140480557,Nigeria,0.0031890173543389,0.30854576558656094,2022,OIL,Chevron,Meji,OFFSHORE,Small,3.1890173543388998
s_3656,5.436568351,5.140480557,Nigeria,0.0340293156508674,3.292425246792125,2023,OIL,Chevron,Meji,OFFSHORE,Small,34.029315650867396
s_3656,5.436568351,5.140480557,Nigeria,0.0459306393467509,4.443909426156555,2024,OIL,Chevron,Meji,OFFSHORE,Small,45.9306393467509
s_3656,5.436568351,5.140480557,Nigeria,0.0219840281614708,2.1270121940630493,2025,OIL,Chevron,Meji,OFFSHORE,Small,21.9840281614708
s_3657,5.722550414,5.422245893,Nigeria,0.0,0.0,2012,OIL,NEPL,Jones Creek,ONSHORE,Small,0.0
s_3657,5.722550414,5.422245893,Nigeria,0.0,0.0,2013,OIL,NEPL,Jones Creek,ONSHORE,Small,0.0
s_3657,5.722550414,5.422245893,Nigeria,0.0,0.0,2014,OIL,NEPL,Jones Creek,ONSHORE,Small,0.0
s_3657,5.722550414,5.422245893,Nigeria,0.0,0.0,2015,OIL,NEPL,Jones Creek,ONSHORE,Small,0.0
s_3657,5.722550414,5.422245893,Nigeria,0.0,0.0,2016,OIL,NEPL,Jones Creek,ONSHORE,Small,0.0
s_3657,5.722550414,5.422245893,Nigeria,0.0,0.0,2017,OIL,NEPL,Jones Creek,ONSHORE,Small,0.0
s_3657,5.722550414,5.422245893,Nigeria,7.07685280479976e-05,0.0068470400878486316,2018,OIL,NEPL,Jones Creek,ONSHORE,Small,0.0707685280479976
s_3657,5.722550414,5.422245893,Nigeria,0.0004107560708836,0.0397417236339817,2019,OIL,NEPL,Jones Creek,ONSHORE,Small,0.4107560708836
s_3657,5.722550414,5.422245893,Nigeria,0.0002909868235317,0.028153735858487457,2020,OIL,NEPL,Jones Creek,ONSHORE,Small,0.2909868235317
s_3657,5.722550414,5.422245893,Nigeria,0.0010993668629698,0.10636661789688874,2021,OIL,NEPL,Jones Creek,ONSHORE,Small,1.0993668629698001
s_3657,5.722550414,5.422245893,Nigeria,0.0009181361955329,0.08883207705909708,2022,OIL,NEPL,Jones Creek,ONSHORE,Small,0.9181361955329
s_3657,5.722550414,5.422245893,Nigeria,0.0,0.0,2023,OIL,NEPL,Jones Creek,ONSHORE,Small,0.0
s_3657,5.722550414,5.422245893,Nigeria,0.0,0.0,2024,OIL,NEPL,Jones Creek,ONSHORE,Small,0.0
s_3657,5.722550414,5.422245893,Nigeria,0.0,0.0,2025,OIL,NEPL,Jones Creek,ONSHORE,Small,0.0
s_3658,5.974143099,4.84397905,Nigeria,0.0007846869384218,0.07592051257786898,2012,OIL,ConOil,Bella,OFFSHORE,Small,0.7846869384218
s_3658,5.974143099,4.84397905,Nigeria,0.0002025597679399,0.019598187068821684,2013,OIL,ConOil,Bella,OFFSHORE,Small,0.20255976793990002
s_3658,5.974143099,4.84397905,Nigeria,0.0002273498002502,0.021996687499586113,2014,OIL,ConOil,Bella,OFFSHORE,Small,0.2273498002502
s_3658,5.974143099,4.84397905,Nigeria,0.0001639203179937,0.01585971927739589,2015,OIL,ConOil,Bella,OFFSHORE,Small,0.1639203179937
s_3658,5.974143099,4.84397905,Nigeria,1.6119562187502e-05,0.0015596097805162439,2016,OIL,ConOil,Bella,OFFSHORE,Small,0.016119562187502
s_3658,5.974143099,4.84397905,Nigeria,9.66183878267216e-05,0.009348081596725927,2017,OIL,ConOil,Bella,OFFSHORE,Small,0.0966183878267216
s_3658,5.974143099,4.84397905,Nigeria,9.96801248050972e-05,0.009644312653208661,2018,OIL,ConOil,Bella,OFFSHORE,Small,0.0996801248050972
s_3658,5.974143099,4.84397905,Nigeria,0.0001180505660004,0.01142170086185409,2019,OIL,ConOil,Bella,OFFSHORE,Small,0.1180505660004
s_3658,5.974143099,4.84397905,Nigeria,0.0001356407208429,0.013123594326084054,2020,OIL,ConOil,Bella,OFFSHORE,Small,0.1356407208429
s_3658,5.974143099,4.84397905,Nigeria,3.47843442643879e-05,0.003365476238904627,2021,OIL,ConOil,Bella,OFFSHORE,Small,0.0347843442643879
s_3658,5.974143099,4.84397905,Nigeria,8.66256114759356e-05,0.00838125436221948,2022,OIL,ConOil,Bella,OFFSHORE,Small,0.0866256114759356
s_3658,5.974143099,4.84397905,Nigeria,0.0001271227948897,0.012299462723017079,2023,OIL,ConOil,Bella,OFFSHORE,Small,0.12712279488970002
s_3658,5.974143099,4.84397905,Nigeria,0.0002678615836312,0.02591630844538019,2024,OIL,ConOil,Bella,OFFSHORE,Small,0.2678615836312
s_3658,5.974143099,4.84397905,Nigeria,0.0001173870338839,0.011357502395013446,2025,OIL,ConOil,Bella,OFFSHORE,Small,0.11738703388390001
s_3659a,5.553841465,5.628758704,Nigeria,0.0,0.0,2012,OIL,NEPL,Warri River (OML 42),ONSHORE,Small,0.0
s_3659a,5.553841465,5.628758704,Nigeria,0.0,0.0,2013,OIL,NEPL,Warri River (OML 42),ONSHORE,Small,0.0
s_3659a,5.553841465,5.628758704,Nigeria,0.0,0.0,2014,OIL,NEPL,Warri River (OML 42),ONSHORE,Small,0.0
s_3659a,5.553841465,5.628758704,Nigeria,0.0001458137060932,0.014107857242710705,2015,OIL,NEPL,Warri River (OML 42),ONSHORE,Small,0.1458137060932
s_3659a,5.553841465,5.628758704,Nigeria,0.0,0.0,2016,OIL,NEPL,Warri River (OML 42),ONSHORE,Small,0.0
s_3659a,5.553841465,5.628758704,Nigeria,0.00101413111687,0.09811983664312021,2017,OIL,NEPL,Warri River (OML 42),ONSHORE,Small,1.01413111687
s_3659a,5.553841465,5.628758704,Nigeria,0.0042010118162218,0.406458875274153,2018,OIL,NEPL,Warri River (OML 42),ONSHORE,Small,4.201011816221801
s_3659a,5.553841465,5.628758704,Nigeria,0.0127029812828841,1.2290466465560366,2019,OIL,NEPL,Warri River (OML 42),ONSHORE,Small,12.7029812828841
s_3659a,5.553841465,5.628758704,Nigeria,0.000739643259561,0.07156241889737162,2020,OIL,NEPL,Warri River (OML 42),ONSHORE,Small,0.739643259561
s_3659a,5.553841465,5.628758704,Nigeria,0.000965143223498,0.093380129897915,2021,OIL,NEPL,Warri River (OML 42),ONSHORE,Small,0.965143223498
s_3659a,5.553841465,5.628758704,Nigeria,0.0022734336732292,0.21996065097055167,2022,OIL,NEPL,Warri River (OML 42),ONSHORE,Small,2.2734336732291998
s_3659a,5.553841465,5.628758704,Nigeria,0.0,0.0,2023,OIL,NEPL,Warri River (OML 42),ONSHORE,Small,0.0
s_3659a,5.553841465,5.628758704,Nigeria,0.0,0.0,2024,OIL,NEPL,Warri River (OML 42),ONSHORE,Small,0.0
s_3659a,5.553841465,5.628758704,Nigeria,0.0,0.0,2025,OIL,NEPL,Warri River (OML 42),ONSHORE,Small,0.0
s_3659b,5.549774884,5.636541923,Nigeria,0.0,0.0,2012,OIL,NEPL,Warri River (OML 42),ONSHORE,Small,0.0
s_3659b,5.549774884,5.636541923,Nigeria,0.0,0.0,2013,OIL,NEPL,Warri River (OML 42),ONSHORE,Small,0.0
s_3659b,5.549774884,5.636541923,Nigeria,0.0,0.0,2014,OIL,NEPL,Warri River (OML 42),ONSHORE,Small,0.0
s_3659b,5.549774884,5.636541923,Nigeria,0.0,0.0,2015,OIL,NEPL,Warri River (OML 42),ONSHORE,Small,0.0
s_3659b,5.549774884,5.636541923,Nigeria,0.0,0.0,2016,OIL,NEPL,Warri River (OML 42),ONSHORE,Small,0.0
s_3659b,5.549774884,5.636541923,Nigeria,0.0002720939358,0.026325799581694516,2017,OIL,NEPL,Warri River (OML 42),ONSHORE,Small,0.27209393579999996
s_3659b,5.549774884,5.636541923,Nigeria,0.0011382129779885,0.1101250810743314,2018,OIL,NEPL,Warri River (OML 42),ONSHORE,Small,1.1382129779885
s_3659b,5.549774884,5.636541923,Nigeria,0.0065118504000313,0.6300385491252145,2019,OIL,NEPL,Warri River (OML 42),ONSHORE,Small,6.5118504000313004
s_3659b,5.549774884,5.636541923,Nigeria,0.0010629980235728,0.1028478376118036,2020,OIL,NEPL,Warri River (OML 42),ONSHORE,Small,1.0629980235728
s_3659b,5.549774884,5.636541923,Nigeria,5.83962284918053e-05,0.0056499877628000605,2021,OIL,NEPL,Warri River (OML 42),ONSHORE,Small,0.0583962284918053
s_3659b,5.549774884,5.636541923,Nigeria,0.0006821838018265,0.06600306615419559,2022,OIL,NEPL,Warri River (OML 42),ONSHORE,Small,0.6821838018265
s_3659b,5.549774884,5.636541923,Nigeria,4.77841276273982e-06,0.00046232392625965936,2023,OIL,NEPL,Warri River (OML 42),ONSHORE,Small,0.00477841276273982
s_3659b,5.549774884,5.636541923,Nigeria,0.0,0.0,2024,OIL,NEPL,Warri River (OML 42),ONSHORE,Small,0.0
s_3659b,5.549774884,5.636541923,Nigeria,0.0,0.0,2025,OIL,NEPL,Warri River (OML 42),ONSHORE,Small,0.0
s_3660,4.661624968,6.84666156,Nigeria,0.0,0.0,2012,OIL,SEPLAT Energy,Idama,ONSHORE,Small,0.0
s_3660,4.661624968,6.84666156,Nigeria,0.0,0.0,2013,OIL,SEPLAT Energy,Idama,ONSHORE,Small,0.0
s_3660,4.661624968,6.84666156,Nigeria,0.0,0.0,2014,OIL,SEPLAT Energy,Idama,ONSHORE,Small,0.0
s_3660,4.661624968,6.84666156,Nigeria,0.0,0.0,2015,OIL,SEPLAT Energy,Idama,ONSHORE,Small,0.0
s_3660,4.661624968,6.84666156,Nigeria,0.0,0.0,2016,OIL,SEPLAT Energy,Idama,ONSHORE,Small,0.0
s_3660,4.661624968,6.84666156,Nigeria,0.0,0.0,2017,OIL,SEPLAT Energy,Idama,ONSHORE,Small,0.0
s_3660,4.661624968,6.84666156,Nigeria,0.0004732928491729,0.045792320413687575,2018,OIL,SEPLAT Energy,Idama,ONSHORE,Small,0.4732928491729
s_3660,4.661624968,6.84666156,Nigeria,0.0012703774464825,0.12291233889823112,2019,OIL,SEPLAT Energy,Idama,ONSHORE,Small,1.2703774464825
s_3660,4.661624968,6.84666156,Nigeria,0.0013644749223447,0.1320165156723598,2020,OIL,SEPLAT Energy,Idama,ONSHORE,Small,1.3644749223447001
s_3660,4.661624968,6.84666156,Nigeria,0.0039939295934127,0.3864231288743827,2021,OIL,SEPLAT Energy,Idama,ONSHORE,Small,3.9939295934127004
s_3660,4.661624968,6.84666156,Nigeria,0.0009388913748513,0.09084019491520377,2022,OIL,SEPLAT Energy,Idama,ONSHORE,Small,0.9388913748513
s_3660,4.661624968,6.84666156,Nigeria,0.0003507761378834,0.03393850831996098,2023,OIL,SEPLAT Energy,Idama,ONSHORE,Small,0.35077613788339995
s_3660,4.661624968,6.84666156,Nigeria,0.0,0.0,2024,OIL,SEPLAT Energy,Idama,ONSHORE,Small,0.0
s_3660,4.661624968,6.84666156,Nigeria,0.0,0.0,2025,OIL,SEPLAT Energy,Idama,ONSHORE,Small,0.0
s_3662,4.842001465,7.254203496,Nigeria,0.0100172778731582,0.9691978208464941,2012,OIL,NEPL,Afam Umuosi,ONSHORE,Small,10.0172778731582
s_3662,4.842001465,7.254203496,Nigeria,0.0064062575013192,0.6198221601396541,2013,OIL,NEPL,Afam Umuosi,ONSHORE,Small,6.4062575013192
s_3662,4.842001465,7.254203496,Nigeria,0.0231344662560352,2.238320087124328,2014,OIL,NEPL,Afam Umuosi,ONSHORE,Small,23.1344662560352
s_3662,4.842001465,7.254203496,Nigeria,0.0161257669537556,1.560210107871439,2015,OIL,NEPL,Afam Umuosi,ONSHORE,Small,16.125766953755598
s_3662,4.842001465,7.254203496,Nigeria,0.0092953341136167,0.8993478748450714,2016,OIL,NEPL,Afam Umuosi,ONSHORE,Small,9.2953341136167
s_3662,4.842001465,7.254203496,Nigeria,0.0105921460233098,1.024817817162452,2017,OIL,NEPL,Afam Umuosi,ONSHORE,Small,10.5921460233098
s_3662,4.842001465,7.254203496,Nigeria,0.0293135908241501,2.8361665422180087,2018,OIL,NEPL,Afam Umuosi,ONSHORE,Small,29.3135908241501
s_3662,4.842001465,7.254203496,Nigeria,0.0163463343451955,1.5815505795884277,2019,OIL,NEPL,Afam Umuosi,ONSHORE,Small,16.3463343451955
s_3662,4.842001465,7.254203496,Nigeria,0.0119798535085409,1.1590821440273629,2020,OIL,NEPL,Afam Umuosi,ONSHORE,Small,11.9798535085409
s_3662,4.842001465,7.254203496,Nigeria,0.0059990542692837,0.5804241829518625,2021,OIL,NEPL,Afam Umuosi,ONSHORE,Small,5.9990542692836994
s_3662,4.842001465,7.254203496,Nigeria,0.0137778887279347,1.3330467518287739,2022,OIL,NEPL,Afam Umuosi,ONSHORE,Small,13.7778887279347
s_3662,4.842001465,7.254203496,Nigeria,0.0296113773064873,2.8649781628412234,2023,OIL,NEPL,Afam Umuosi,ONSHORE,Small,29.6113773064873
s_3662,4.842001465,7.254203496,Nigeria,0.0463451614231189,4.484015520666037,2024,OIL,NEPL,Afam Umuosi,ONSHORE,Small,46.345161423118896
s_3662,4.842001465,7.254203496,Nigeria,0.0577504422413308,5.5875062548876535,2025,OIL,NEPL,Afam Umuosi,ONSHORE,Medium,57.7504422413308
s_3664,5.864504566,5.692149427,Nigeria,0.0184127217009516,1.7814789580943287,2012,OIL,SEPLAT Energy,Amukpe,ONSHORE,Small,18.4127217009516
s_3664,5.864504566,5.692149427,Nigeria,0.0192986835802711,1.8671980859514463,2013,OIL,SEPLAT Energy,Amukpe,ONSHORE,Small,19.2986835802711
s_3664,5.864504566,5.692149427,Nigeria,0.0135487164102334,1.3108737310014686,2014,OIL,SEPLAT Energy,Amukpe,ONSHORE,Small,13.5487164102334
s_3664,5.864504566,5.692149427,Nigeria,0.0196823806258975,1.9043217781555741,2015,OIL,SEPLAT Energy,Amukpe,ONSHORE,Small,19.6823806258975
s_3664,5.864504566,5.692149427,Nigeria,0.0030915234344279,0.2991129739719131,2016,OIL,SEPLAT Energy,Amukpe,ONSHORE,Small,3.0915234344279
s_3664,5.864504566,5.692149427,Nigeria,0.0032701401820196,0.31639461123151574,2017,OIL,SEPLAT Energy,Amukpe,ONSHORE,Small,3.2701401820196
s_3664,5.864504566,5.692149427,Nigeria,0.0078914979487836,0.7635230560659574,2018,OIL,SEPLAT Energy,Amukpe,ONSHORE,Small,7.8914979487835994
s_3664,5.864504566,5.692149427,Nigeria,0.0019981956882949,0.19333065641611286,2019,OIL,SEPLAT Energy,Amukpe,ONSHORE,Small,1.9981956882949001
s_3664,5.864504566,5.692149427,Nigeria,0.0038143658171078,0.3690498641111074,2020,OIL,SEPLAT Energy,Amukpe,ONSHORE,Small,3.8143658171078
s_3664,5.864504566,5.692149427,Nigeria,0.0038310989796347,0.37066884132850075,2021,OIL,SEPLAT Energy,Amukpe,ONSHORE,Small,3.8310989796347
s_3664,5.864504566,5.692149427,Nigeria,0.003837188700165,0.3712580377092207,2022,OIL,SEPLAT Energy,Amukpe,ONSHORE,Small,3.837188700165
s_3664,5.864504566,5.692149427,Nigeria,0.0097311378786545,0.9415130283667803,2023,OIL,SEPLAT Energy,Amukpe,ONSHORE,Small,9.7311378786545
s_3664,5.864504566,5.692149427,Nigeria,0.0059871304474711,0.5792705220208925,2024,OIL,SEPLAT Energy,Amukpe,ONSHORE,Small,5.987130447471101
s_3664,5.864504566,5.692149427,Nigeria,0.0022528846934771,0.21797248346152012,2025,OIL,SEPLAT Energy,Amukpe,ONSHORE,Small,2.2528846934771
s_3665,5.593675387,5.426619457,Nigeria,0.0,0.0,2012,OIL,NEPL,Egwa,ONSHORE,Small,0.0
s_3665,5.593675387,5.426619457,Nigeria,0.0,0.0,2013,OIL,NEPL,Egwa,ONSHORE,Small,0.0
s_3665,5.593675387,5.426619457,Nigeria,0.0,0.0,2014,OIL,NEPL,Egwa,ONSHORE,Small,0.0
s_3665,5.593675387,5.426619457,Nigeria,0.0,0.0,2015,OIL,NEPL,Egwa,ONSHORE,Small,0.0
s_3665,5.593675387,5.426619457,Nigeria,0.0,0.0,2016,OIL,NEPL,Egwa,ONSHORE,Small,0.0
s_3665,5.593675387,5.426619457,Nigeria,0.0,0.0,2017,OIL,NEPL,Egwa,ONSHORE,Small,0.0
s_3665,5.593675387,5.426619457,Nigeria,0.0002084938963239,0.02017232950264666,2018,OIL,NEPL,Egwa,ONSHORE,Small,0.2084938963239
s_3665,5.593675387,5.426619457,Nigeria,0.0011300086682243,0.1093312926573884,2019,OIL,NEPL,Egwa,ONSHORE,Small,1.1300086682243
s_3665,5.593675387,5.426619457,Nigeria,0.0020936593174946,0.20256701209696776,2020,OIL,NEPL,Egwa,ONSHORE,Small,2.0936593174946
s_3665,5.593675387,5.426619457,Nigeria,0.0018868465009613,0.18255733145864822,2021,OIL,NEPL,Egwa,ONSHORE,Small,1.8868465009613
s_3665,5.593675387,5.426619457,Nigeria,0.0012137599786894,0.11743445088296947,2022,OIL,NEPL,Egwa,ONSHORE,Small,1.2137599786894
s_3665,5.593675387,5.426619457,Nigeria,0.0,0.0,2023,OIL,NEPL,Egwa,ONSHORE,Small,0.0
s_3665,5.593675387,5.426619457,Nigeria,0.0,0.0,2024,OIL,NEPL,Egwa,ONSHORE,Small,0.0
s_3665,5.593675387,5.426619457,Nigeria,0.0,0.0,2025,OIL,NEPL,Egwa,ONSHORE,Small,0.0
s_3666,5.337327671,5.352487186,Nigeria,0.0002315052240788,0.02239873561788424,2012,OIL,Renaissance Africa Energy ,Forcados Yokri,ONSHORE,Small,0.23150522407879998
s_3666,5.337327671,5.352487186,Nigeria,3.54124914339721e-05,0.0034262511196297796,2013,OIL,Renaissance Africa Energy ,Forcados Yokri,ONSHORE,Small,0.0354124914339721
s_3666,5.337327671,5.352487186,Nigeria,0.0003416629419175,0.03305678278704306,2014,OIL,Renaissance Africa Energy ,Forcados Yokri,ONSHORE,Small,0.3416629419175
s_3666,5.337327671,5.352487186,Nigeria,0.0004149918837305,0.04015154959994892,2015,OIL,Renaissance Africa Energy ,Forcados Yokri,ONSHORE,Small,0.4149918837305
s_3666,5.337327671,5.352487186,Nigeria,6.22322794410305e-05,0.00602113572013161,2016,OIL,Renaissance Africa Energy ,Forcados Yokri,ONSHORE,Small,0.062232279441030505
s_3666,5.337327671,5.352487186,Nigeria,8.85560646222499e-05,0.008568030750610132,2017,OIL,Renaissance Africa Energy ,Forcados Yokri,ONSHORE,Small,0.08855606462224991
s_3666,5.337327671,5.352487186,Nigeria,0.0004267938599258,0.041293421648923107,2018,OIL,Renaissance Africa Energy ,Forcados Yokri,ONSHORE,Small,0.42679385992580005
s_3666,5.337327671,5.352487186,Nigeria,0.0001718318691564,0.016625182534330273,2019,OIL,Renaissance Africa Energy ,Forcados Yokri,ONSHORE,Small,0.1718318691564
s_3666,5.337327671,5.352487186,Nigeria,0.0,0.0,2020,OIL,Renaissance Africa Energy ,Forcados Yokri,ONSHORE,Small,0.0
s_3666,5.337327671,5.352487186,Nigeria,4.04821797774004e-05,0.003916756719757698,2021,OIL,Renaissance Africa Energy ,Forcados Yokri,ONSHORE,Small,0.0404821797774004
s_3666,5.337327671,5.352487186,Nigeria,7.99737290076475e-05,0.007737667344426267,2022,OIL,Renaissance Africa Energy ,Forcados Yokri,ONSHORE,Small,0.0799737290076475
s_3666,5.337327671,5.352487186,Nigeria,0.0001264714429796,0.012236442722986463,2023,OIL,Renaissance Africa Energy ,Forcados Yokri,ONSHORE,Small,0.1264714429796
s_3666,5.337327671,5.352487186,Nigeria,0.0001075362976965,0.010404417917628198,2024,OIL,Renaissance Africa Energy ,Forcados Yokri,ONSHORE,Small,0.1075362976965
s_3666,5.337327671,5.352487186,Nigeria,0.0001623994895839,0.01571257515308152,2025,OIL,Renaissance Africa Energy ,Forcados Yokri,ONSHORE,Small,0.16239948958390002
s_3671,5.43180766,5.26785711,Nigeria,0.0022844450240762,0.22102602795026846,2012,OIL,Renaissance Africa Energy ,Forcados Yokri,OFFSHORE,Small,2.2844450240762
s_3671,5.43180766,5.26785711,Nigeria,0.0015802564932264,0.15289394673951276,2013,OIL,Renaissance Africa Energy ,Forcados Yokri,OFFSHORE,Small,1.5802564932264
s_3671,5.43180766,5.26785711,Nigeria,0.0012124440864481,0.11730713486869038,2014,OIL,Renaissance Africa Energy ,Forcados Yokri,OFFSHORE,Small,1.2124440864481
s_3671,5.43180766,5.26785711,Nigeria,0.0016013590833611,0.15493567750027878,2015,OIL,Renaissance Africa Energy ,Forcados Yokri,OFFSHORE,Small,1.6013590833611
s_3671,5.43180766,5.26785711,Nigeria,0.0005801531259992,0.056131331544907244,2016,OIL,Renaissance Africa Energy ,Forcados Yokri,OFFSHORE,Small,0.5801531259992
s_3671,5.43180766,5.26785711,Nigeria,0.0008579666148753,0.08301051283845641,2017,OIL,Renaissance Africa Energy ,Forcados Yokri,OFFSHORE,Small,0.8579666148753
s_3671,5.43180766,5.26785711,Nigeria,0.0013309163699785,0.12876963800400282,2018,OIL,Renaissance Africa Energy ,Forcados Yokri,OFFSHORE,Small,1.3309163699785
s_3671,5.43180766,5.26785711,Nigeria,0.0012010425505931,0.1162040064694494,2019,OIL,Renaissance Africa Energy ,Forcados Yokri,OFFSHORE,Small,1.2010425505931
s_3671,5.43180766,5.26785711,Nigeria,0.0011672373465442,0.11293326460600787,2020,OIL,Renaissance Africa Energy ,Forcados Yokri,OFFSHORE,Small,1.1672373465442
s_3671,5.43180766,5.26785711,Nigeria,0.0010426418210322,0.10087832180193228,2021,OIL,Renaissance Africa Energy ,Forcados Yokri,OFFSHORE,Small,1.0426418210322002
s_3671,5.43180766,5.26785711,Nigeria,0.0005652280746169,0.05468729380741892,2022,OIL,Renaissance Africa Energy ,Forcados Yokri,OFFSHORE,Small,0.5652280746169
s_3671,5.43180766,5.26785711,Nigeria,0.0004028003876815,0.038971990486867815,2023,OIL,Renaissance Africa Energy ,Forcados Yokri,OFFSHORE,Small,0.4028003876815
s_3671,5.43180766,5.26785711,Nigeria,0.0005203368924839,0.05034395458398481,2024,OIL,Renaissance Africa Energy ,Forcados Yokri,OFFSHORE,Small,0.5203368924839
s_3671,5.43180766,5.26785711,Nigeria,3.78229026239882e-05,0.0036594647034285757,2025,OIL,Renaissance Africa Energy ,Forcados Yokri,OFFSHORE,Small,0.0378229026239882
s_3672,5.506307232,5.187508049,Nigeria,0.0,0.0,2012,OIL,Renaissance Africa Energy ,Escravos Beach,OFFSHORE,Small,0.0
s_3672,5.506307232,5.187508049,Nigeria,0.0,0.0,2013,OIL,Renaissance Africa Energy ,Escravos Beach,OFFSHORE,Small,0.0
s_3672,5.506307232,5.187508049,Nigeria,0.0,0.0,2014,OIL,Renaissance Africa Energy ,Escravos Beach,OFFSHORE,Small,0.0
s_3672,5.506307232,5.187508049,Nigeria,0.0,0.0,2015,OIL,Renaissance Africa Energy ,Escravos Beach,OFFSHORE,Small,0.0
s_3672,5.506307232,5.187508049,Nigeria,0.0,0.0,2016,OIL,Renaissance Africa Energy ,Escravos Beach,OFFSHORE,Small,0.0
s_3672,5.506307232,5.187508049,Nigeria,0.0,0.0,2017,OIL,Renaissance Africa Energy ,Escravos Beach,OFFSHORE,Small,0.0
s_3672,5.506307232,5.187508049,Nigeria,0.0,0.0,2018,OIL,Renaissance Africa Energy ,Escravos Beach,OFFSHORE,Small,0.0
s_3672,5.506307232,5.187508049,Nigeria,0.0051828288407277,0.5014522390073184,2019,OIL,Renaissance Africa Energy ,Escravos Beach,OFFSHORE,Small,5.1828288407277
s_3672,5.506307232,5.187508049,Nigeria,0.0011114734418028,0.10753796104733591,2020,OIL,Renaissance Africa Energy ,Escravos Beach,OFFSHORE,Small,1.1114734418028
s_3672,5.506307232,5.187508049,Nigeria,0.003112123420462,0.301106076472066,2021,OIL,Renaissance Africa Energy ,Escravos Beach,OFFSHORE,Small,3.112123420462
s_3672,5.506307232,5.187508049,Nigeria,0.0056669335581584,0.5482906359387412,2022,OIL,Renaissance Africa Energy ,Escravos Beach,OFFSHORE,Small,5.6669335581584
s_3672,5.506307232,5.187508049,Nigeria,0.0,0.0,2023,OIL,Renaissance Africa Energy ,Escravos Beach,OFFSHORE,Small,0.0
s_3672,5.506307232,5.187508049,Nigeria,0.0,0.0,2024,OIL,Renaissance Africa Energy ,Escravos Beach,OFFSHORE,Small,0.0
s_3672,5.506307232,5.187508049,Nigeria,0.0,0.0,2025,OIL,Renaissance Africa Energy ,Escravos Beach,OFFSHORE,Small,0.0
s_3674,4.692023337,7.215976326,Nigeria,0.0,0.0,2012,OIL,NNPC Limited,Alakiri,ONSHORE,Small,0.0
s_3674,4.692023337,7.215976326,Nigeria,0.0005093745776784,0.04928332196947052,2013,OIL,NNPC Limited,Alakiri,ONSHORE,Small,0.5093745776784
s_3674,4.692023337,7.215976326,Nigeria,5.00564322654184e-05,0.004843090676459213,2014,OIL,NNPC Limited,Alakiri,ONSHORE,Small,0.0500564322654184
s_3674,4.692023337,7.215976326,Nigeria,0.000326160526424,0.031556883562482554,2015,OIL,NNPC Limited,Alakiri,ONSHORE,Small,0.326160526424
s_3674,4.692023337,7.215976326,Nigeria,0.000774737237482,0.07495785300198081,2016,OIL,NNPC Limited,Alakiri,ONSHORE,Small,0.7747372374820001
s_3674,4.692023337,7.215976326,Nigeria,0.0007954225619638,0.07695921222003577,2017,OIL,NNPC Limited,Alakiri,ONSHORE,Small,0.7954225619638
s_3674,4.692023337,7.215976326,Nigeria,0.0017651685546221,0.1707846720665165,2018,OIL,NNPC Limited,Alakiri,ONSHORE,Small,1.7651685546221
s_3674,4.692023337,7.215976326,Nigeria,0.0009909383773423,0.09587587846462753,2019,OIL,NNPC Limited,Alakiri,ONSHORE,Small,0.9909383773423
s_3674,4.692023337,7.215976326,Nigeria,0.0,0.0,2020,OIL,NNPC Limited,Alakiri,ONSHORE,Small,0.0
s_3674,4.692023337,7.215976326,Nigeria,0.0,0.0,2021,OIL,NNPC Limited,Alakiri,ONSHORE,Small,0.0
s_3674,4.692023337,7.215976326,Nigeria,0.0,0.0,2022,OIL,NNPC Limited,Alakiri,ONSHORE,Small,0.0
s_3674,4.692023337,7.215976326,Nigeria,3.4984321641286e-06,0.00033848245728894096,2023,OIL,NNPC Limited,Alakiri,ONSHORE,Small,0.0034984321641286
s_3674,4.692023337,7.215976326,Nigeria,1.28913962716935e-07,1.2472762892674765e-05,2024,OIL,NNPC Limited,Alakiri,ONSHORE,Small,0.00012891396271693498
s_3674,4.692023337,7.215976326,Nigeria,0.0,0.0,2025,OIL,NNPC Limited,Alakiri,ONSHORE,Small,0.0
s_3675,5.575456625,5.058194828,Nigeria,0.0129076893039181,1.248852682727558,2012,OIL,Chevron,Okan,OFFSHORE,Small,12.9076893039181
s_3675,5.575456625,5.058194828,Nigeria,0.0103105312712331,0.997570853717191,2013,OIL,Chevron,Okan,OFFSHORE,Small,10.3105312712331
s_3675,5.575456625,5.058194828,Nigeria,0.0057560893343778,0.5569166903541087,2014,OIL,Chevron,Okan,OFFSHORE,Small,5.7560893343777995
s_3675,5.575456625,5.058194828,Nigeria,0.0051797920279453,0.5011584194319517,2015,OIL,Chevron,Okan,OFFSHORE,Small,5.179792027945299
s_3675,5.575456625,5.058194828,Nigeria,0.0060708167880973,0.5873673942447193,2016,OIL,Chevron,Okan,OFFSHORE,Small,6.0708167880973
s_3675,5.575456625,5.058194828,Nigeria,0.0063611554943977,0.615458423066806,2017,OIL,Chevron,Okan,OFFSHORE,Small,6.3611554943977
s_3675,5.575456625,5.058194828,Nigeria,0.0060218227804223,0.5826270959247152,2018,OIL,Chevron,Okan,OFFSHORE,Small,6.0218227804223
s_3675,5.575456625,5.058194828,Nigeria,0.0113180673633806,1.0950526044780573,2019,OIL,Chevron,Okan,OFFSHORE,Small,11.3180673633806
s_3675,5.575456625,5.058194828,Nigeria,0.0072663964944237,0.7030428562506976,2020,OIL,Chevron,Okan,OFFSHORE,Small,7.2663964944237005
s_3675,5.575456625,5.058194828,Nigeria,0.0095093876849082,0.9200581174346308,2021,OIL,Chevron,Okan,OFFSHORE,Small,9.509387684908202
s_3675,5.575456625,5.058194828,Nigeria,0.0027135250479177,0.2625406419343998,2022,OIL,Chevron,Okan,OFFSHORE,Small,2.7135250479176998
s_3675,5.575456625,5.058194828,Nigeria,0.0013471827952018,0.1303434571671538,2023,OIL,Chevron,Okan,OFFSHORE,Small,1.3471827952018
s_3675,5.575456625,5.058194828,Nigeria,0.0036781505074357,0.35587067681373963,2024,OIL,Chevron,Okan,OFFSHORE,Small,3.6781505074357
s_3675,5.575456625,5.058194828,Nigeria,0.0006155642542524,0.05955745077323377,2025,OIL,Chevron,Okan,OFFSHORE,Small,0.6155642542524
s_3676,4.959673705,6.773576836,Nigeria,0.0,0.0,2012,GAS,TotalEnergies,Ubeta,ONSHORE,Small,0.0
s_3676,4.959673705,6.773576836,Nigeria,0.0,0.0,2013,GAS,TotalEnergies,Ubeta,ONSHORE,Small,0.0
s_3676,4.959673705,6.773576836,Nigeria,0.0,0.0,2014,GAS,TotalEnergies,Ubeta,ONSHORE,Small,0.0
s_3676,4.959673705,6.773576836,Nigeria,0.0,0.0,2015,GAS,TotalEnergies,Ubeta,ONSHORE,Small,0.0
s_3676,4.959673705,6.773576836,Nigeria,0.0,0.0,2016,GAS,TotalEnergies,Ubeta,ONSHORE,Small,0.0
s_3676,4.959673705,6.773576836,Nigeria,0.0,0.0,2017,GAS,TotalEnergies,Ubeta,ONSHORE,Small,0.0
s_3676,4.959673705,6.773576836,Nigeria,0.0,0.0,2018,GAS,TotalEnergies,Ubeta,ONSHORE,Small,0.0
s_3676,4.959673705,6.773576836,Nigeria,0.0005905815930196,0.05714031299065749,2019,GAS,TotalEnergies,Ubeta,ONSHORE,Small,0.5905815930196
s_3676,4.959673705,6.773576836,Nigeria,0.0004597314926909,0.044480223722699705,2020,GAS,TotalEnergies,Ubeta,ONSHORE,Small,0.4597314926909
s_3676,4.959673705,6.773576836,Nigeria,0.0016405568697807,0.15872816580507862,2021,GAS,TotalEnergies,Ubeta,ONSHORE,Small,1.6405568697807
s_3676,4.959673705,6.773576836,Nigeria,0.0012037937937226,0.11647019643437741,2022,GAS,TotalEnergies,Ubeta,ONSHORE,Small,1.2037937937226
s_3676,4.959673705,6.773576836,Nigeria,0.0019448115968509,0.1881656060151417,2023,GAS,TotalEnergies,Ubeta,ONSHORE,Small,1.9448115968508999
s_3676,4.959673705,6.773576836,Nigeria,0.0012051788070676,0.1166042000961321,2024,GAS,TotalEnergies,Ubeta,ONSHORE,Small,1.2051788070676
s_3676,4.959673705,6.773576836,Nigeria,0.0006366855853441,0.061600994770581126,2025,GAS,TotalEnergies,Ubeta,ONSHORE,Small,0.6366855853441
s_3677a,4.559332556,6.974879513,Nigeria,0.0487392010349241,4.715645111475247,2012,OIL,NNPC Limited,Cawthorne Channel,ONSHORE,Small,48.7392010349241
s_3677a,4.559332556,6.974879513,Nigeria,0.0358116903994006,3.4648746630990295,2013,OIL,NNPC Limited,Cawthorne Channel,ONSHORE,Small,35.811690399400604
s_3677a,4.559332556,6.974879513,Nigeria,0.0325466252984656,3.148971079229447,2014,OIL,NNPC Limited,Cawthorne Channel,ONSHORE,Small,32.5466252984656
s_3677a,4.559332556,6.974879513,Nigeria,0.0400465157712199,3.8746050882707825,2015,OIL,NNPC Limited,Cawthorne Channel,ONSHORE,Small,40.0465157712199
s_3677a,4.559332556,6.974879513,Nigeria,0.0637461127628843,6.167603051401012,2016,OIL,NNPC Limited,Cawthorne Channel,ONSHORE,Medium,63.7461127628843
s_3677a,4.559332556,6.974879513,Nigeria,0.0687326767914742,6.65006615676929,2017,OIL,NNPC Limited,Cawthorne Channel,ONSHORE,Medium,68.7326767914742
s_3677a,4.559332556,6.974879513,Nigeria,0.0777493470049514,7.522452570807979,2018,OIL,NNPC Limited,Cawthorne Channel,ONSHORE,Medium,77.7493470049514
s_3677a,4.559332556,6.974879513,Nigeria,0.0602930135729272,5.833506677870138,2019,OIL,NNPC Limited,Cawthorne Channel,ONSHORE,Medium,60.2930135729272
s_3677a,4.559332556,6.974879513,Nigeria,0.0436744266633711,4.2256149509721,2020,OIL,NNPC Limited,Cawthorne Channel,ONSHORE,Small,43.6744266633711
s_3677a,4.559332556,6.974879513,Nigeria,0.011128540249808,1.0767153607885223,2021,OIL,NNPC Limited,Cawthorne Channel,ONSHORE,Small,11.128540249808
s_3677a,4.559332556,6.974879513,Nigeria,0.0026587382098318,0.25723987212884153,2022,OIL,NNPC Limited,Cawthorne Channel,ONSHORE,Small,2.6587382098318
s_3677a,4.559332556,6.974879513,Nigeria,0.0019833667313015,0.1918959160619553,2023,OIL,NNPC Limited,Cawthorne Channel,ONSHORE,Small,1.9833667313015002
s_3677a,4.559332556,6.974879513,Nigeria,0.0113697553655623,1.1000535538090774,2024,OIL,NNPC Limited,Cawthorne Channel,ONSHORE,Small,11.3697553655623
s_3677a,4.559332556,6.974879513,Nigeria,0.0229103161302466,2.2166329764933157,2025,OIL,NNPC Limited,Cawthorne Channel,ONSHORE,Small,22.910316130246603
s_3677b,4.540671278,6.981751079,Nigeria,0.0,0.0,2012,OIL,NNPC Limited,Akaso,OFFSHORE,Small,0.0
s_3677b,4.540671278,6.981751079,Nigeria,0.0,0.0,2013,OIL,NNPC Limited,Akaso,OFFSHORE,Small,0.0
s_3677b,4.540671278,6.981751079,Nigeria,0.0,0.0,2014,OIL,NNPC Limited,Akaso,OFFSHORE,Small,0.0
s_3677b,4.540671278,6.981751079,Nigeria,0.0,0.0,2015,OIL,NNPC Limited,Akaso,OFFSHORE,Small,0.0
s_3677b,4.540671278,6.981751079,Nigeria,0.0,0.0,2016,OIL,NNPC Limited,Akaso,OFFSHORE,Small,0.0
s_3677b,4.540671278,6.981751079,Nigeria,0.0,0.0,2017,OIL,NNPC Limited,Akaso,OFFSHORE,Small,0.0
s_3677b,4.540671278,6.981751079,Nigeria,0.0,0.0,2018,OIL,NNPC Limited,Akaso,OFFSHORE,Small,0.0
s_3677b,4.540671278,6.981751079,Nigeria,0.0,0.0,2019,OIL,NNPC Limited,Akaso,OFFSHORE,Small,0.0
s_3677b,4.540671278,6.981751079,Nigeria,0.0,0.0,2020,OIL,NNPC Limited,Akaso,OFFSHORE,Small,0.0
s_3677b,4.540671278,6.981751079,Nigeria,0.0,0.0,2021,OIL,NNPC Limited,Akaso,OFFSHORE,Small,0.0
s_3677b,4.540671278,6.981751079,Nigeria,0.0,0.0,2022,OIL,NNPC Limited,Akaso,OFFSHORE,Small,0.0
s_3677b,4.540671278,6.981751079,Nigeria,0.0,0.0,2023,OIL,NNPC Limited,Akaso,OFFSHORE,Small,0.0
s_3677b,4.540671278,6.981751079,Nigeria,0.0,0.0,2024,OIL,NNPC Limited,Akaso,OFFSHORE,Small,0.0
s_3677b,4.540671278,6.981751079,Nigeria,7.08229441954773e-05,0.006852304992369001,2025,OIL,NNPC Limited,Akaso,OFFSHORE,Small,0.0708229441954773
s_3678,4.136004028,7.515892071,Nigeria,0.0326630627599782,3.160236708015217,2012,OIL,TotalEnergies,Amenam-Kpono,OFFSHORE,Small,32.663062759978196
s_3678,4.136004028,7.515892071,Nigeria,0.0915684256724427,8.859484556965334,2013,OIL,TotalEnergies,Amenam-Kpono,OFFSHORE,Medium,91.5684256724427
s_3678,4.136004028,7.515892071,Nigeria,0.0941354052319372,9.107846539803612,2014,OIL,TotalEnergies,Amenam-Kpono,OFFSHORE,Medium,94.1354052319372
s_3678,4.136004028,7.515892071,Nigeria,0.106611458422555,10.31493730020991,2015,OIL,TotalEnergies,Amenam-Kpono,OFFSHORE,Medium,106.611458422555
s_3678,4.136004028,7.515892071,Nigeria,0.0697845557393897,6.751838194744372,2016,OIL,TotalEnergies,Amenam-Kpono,OFFSHORE,Medium,69.7845557393897
s_3678,4.136004028,7.515892071,Nigeria,0.0589213809851473,5.700797639355747,2017,OIL,TotalEnergies,Amenam-Kpono,OFFSHORE,Medium,58.9213809851473
s_3678,4.136004028,7.515892071,Nigeria,0.0520465484397648,5.035639618779785,2018,OIL,TotalEnergies,Amenam-Kpono,OFFSHORE,Medium,52.0465484397648
s_3678,4.136004028,7.515892071,Nigeria,0.0306199429700232,2.962559527325367,2019,OIL,TotalEnergies,Amenam-Kpono,OFFSHORE,Small,30.619942970023203
s_3678,4.136004028,7.515892071,Nigeria,0.0317384920403138,3.0707820739256175,2020,OIL,TotalEnergies,Amenam-Kpono,OFFSHORE,Small,31.7384920403138
s_3678,4.136004028,7.515892071,Nigeria,0.025295190846363,2.447375839686266,2021,OIL,TotalEnergies,Amenam-Kpono,OFFSHORE,Small,25.295190846363
s_3678,4.136004028,7.515892071,Nigeria,0.0253608731820742,2.4537307773694845,2022,OIL,TotalEnergies,Amenam-Kpono,OFFSHORE,Small,25.360873182074197
s_3678,4.136004028,7.515892071,Nigeria,0.0401766868693679,3.8871994823027474,2023,OIL,TotalEnergies,Amenam-Kpono,OFFSHORE,Small,40.1766868693679
s_3678,4.136004028,7.515892071,Nigeria,0.0241494446006292,2.336521895264522,2024,OIL,TotalEnergies,Amenam-Kpono,OFFSHORE,Small,24.149444600629202
s_3678,4.136004028,7.515892071,Nigeria,0.0328562798378216,3.1789309653940543,2025,OIL,TotalEnergies,Amenam-Kpono,OFFSHORE,Small,32.856279837821596
s_3680,5.438309345,5.374923595,Nigeria,0.0,0.0,2012,GAS,Chevron,Sonam,ONSHORE,Small,0.0
s_3680,5.438309345,5.374923595,Nigeria,0.0,0.0,2013,GAS,Chevron,Sonam,ONSHORE,Small,0.0
s_3680,5.438309345,5.374923595,Nigeria,0.0,0.0,2014,GAS,Chevron,Sonam,ONSHORE,Small,0.0
s_3680,5.438309345,5.374923595,Nigeria,0.0027136325970452,0.26255104759363446,2015,GAS,Chevron,Sonam,ONSHORE,Small,2.7136325970452
s_3680,5.438309345,5.374923595,Nigeria,0.0016563461024989,0.1602558153459107,2016,GAS,Chevron,Sonam,ONSHORE,Small,1.6563461024989
s_3680,5.438309345,5.374923595,Nigeria,0.0007460309861203,0.07218044814042834,2017,GAS,Chevron,Sonam,ONSHORE,Small,0.7460309861202999
s_3680,5.438309345,5.374923595,Nigeria,0.0052605146877977,0.5089685477934218,2018,GAS,Chevron,Sonam,ONSHORE,Small,5.2605146877977
s_3680,5.438309345,5.374923595,Nigeria,0.0062026211503332,0.6001198108467779,2019,GAS,Chevron,Sonam,ONSHORE,Small,6.2026211503332
s_3680,5.438309345,5.374923595,Nigeria,0.0003309662792205,0.03202185270847932,2020,GAS,Chevron,Sonam,ONSHORE,Small,0.3309662792205
s_3680,5.438309345,5.374923595,Nigeria,1.82905787768757e-05,0.0017696613108906518,2021,GAS,Chevron,Sonam,ONSHORE,Small,0.018290578776875697
s_3680,5.438309345,5.374923595,Nigeria,6.46775666155434e-06,0.0006257723646601358,2022,GAS,Chevron,Sonam,ONSHORE,Small,0.006467756661554341
s_3680,5.438309345,5.374923595,Nigeria,0.0,0.0,2023,GAS,Chevron,Sonam,ONSHORE,Small,0.0
s_3680,5.438309345,5.374923595,Nigeria,0.0,0.0,2024,GAS,Chevron,Sonam,ONSHORE,Small,0.0
s_3680,5.438309345,5.374923595,Nigeria,0.0,0.0,2025,GAS,Chevron,Sonam,ONSHORE,Small,0.0
s_3683,4.662606047,7.073710698,Nigeria,0.001479368462,0.14313276598240035,2012,OIL,NNPC Limited,Alakiri,ONSHORE,Small,1.479368462
s_3683,4.662606047,7.073710698,Nigeria,0.0004760183121967,0.04605601608599619,2013,OIL,NNPC Limited,Alakiri,ONSHORE,Small,0.4760183121967
s_3683,4.662606047,7.073710698,Nigeria,0.0001218440188958,0.011788727346120553,2014,OIL,NNPC Limited,Alakiri,ONSHORE,Small,0.1218440188958
s_3683,4.662606047,7.073710698,Nigeria,5.49498030804467e-05,0.005316537094794818,2015,OIL,NNPC Limited,Alakiri,ONSHORE,Small,0.054949803080446696
s_3683,4.662606047,7.073710698,Nigeria,0.000869575971261,0.08413374841731565,2016,OIL,NNPC Limited,Alakiri,ONSHORE,Small,0.8695759712610001
s_3683,4.662606047,7.073710698,Nigeria,0.0010029337029041,0.0970364575702539,2017,OIL,NNPC Limited,Alakiri,ONSHORE,Small,1.0029337029041
s_3683,4.662606047,7.073710698,Nigeria,0.0050900312757454,0.4924738320089758,2018,OIL,NNPC Limited,Alakiri,ONSHORE,Small,5.0900312757454
s_3683,4.662606047,7.073710698,Nigeria,0.0018615387076326,0.18010873629585114,2019,OIL,NNPC Limited,Alakiri,ONSHORE,Small,1.8615387076326
s_3683,4.662606047,7.073710698,Nigeria,0.0013933704407083,0.1348122326111175,2020,OIL,NNPC Limited,Alakiri,ONSHORE,Small,1.3933704407083
s_3683,4.662606047,7.073710698,Nigeria,0.0006169909303007,0.059695485410445066,2021,OIL,NNPC Limited,Alakiri,ONSHORE,Small,0.6169909303007
s_3683,4.662606047,7.073710698,Nigeria,0.0010081385187455,0.09754003710905346,2022,OIL,NNPC Limited,Alakiri,ONSHORE,Small,1.0081385187454999
s_3683,4.662606047,7.073710698,Nigeria,0.0001462364429059,0.014148758134434822,2023,OIL,NNPC Limited,Alakiri,ONSHORE,Small,0.1462364429059
s_3683,4.662606047,7.073710698,Nigeria,0.0555575421812943,5.375337441520051,2024,OIL,NNPC Limited,Alakiri,ONSHORE,Medium,55.5575421812943
s_3683,4.662606047,7.073710698,Nigeria,0.121339722108402,11.739935313634794,2025,OIL,NNPC Limited,Alakiri,ONSHORE,Medium,121.339722108402
s_3687,5.197801641,6.490681953,Nigeria,0.0,0.0,2012,OIL,Renaissance Africa Energy ,Adibawa,ONSHORE,Small,0.0
s_3687,5.197801641,6.490681953,Nigeria,0.0043650890385685,0.4223337754578723,2013,OIL,Renaissance Africa Energy ,Adibawa,ONSHORE,Small,4.3650890385685
s_3687,5.197801641,6.490681953,Nigeria,0.0045942156715084,0.4445023761650855,2014,OIL,Renaissance Africa Energy ,Adibawa,ONSHORE,Small,4.594215671508399
s_3687,5.197801641,6.490681953,Nigeria,0.0041424473940584,0.4007926143339434,2015,OIL,Renaissance Africa Energy ,Adibawa,ONSHORE,Small,4.1424473940584
s_3687,5.197801641,6.490681953,Nigeria,0.0,0.0,2016,OIL,Renaissance Africa Energy ,Adibawa,ONSHORE,Small,0.0
s_3687,5.197801641,6.490681953,Nigeria,0.0001728464457166,0.016723345468780022,2017,OIL,Renaissance Africa Energy ,Adibawa,ONSHORE,Small,0.17284644571660002
s_3687,5.197801641,6.490681953,Nigeria,0.0007902567001091,0.07645940158128078,2018,OIL,Renaissance Africa Energy ,Adibawa,ONSHORE,Small,0.7902567001091
s_3687,5.197801641,6.490681953,Nigeria,0.0014490804512725,0.14020232176725814,2019,OIL,Renaissance Africa Energy ,Adibawa,ONSHORE,Small,1.4490804512725
s_3687,5.197801641,6.490681953,Nigeria,0.0011608968527809,0.11231980525943752,2020,OIL,Renaissance Africa Energy ,Adibawa,ONSHORE,Small,1.1608968527809
s_3687,5.197801641,6.490681953,Nigeria,0.0005024860500209,0.048616838910996184,2021,OIL,Renaissance Africa Energy ,Adibawa,ONSHORE,Small,0.5024860500209
s_3687,5.197801641,6.490681953,Nigeria,9.83419717344266e-05,0.009514842845494911,2022,OIL,Renaissance Africa Energy ,Adibawa,ONSHORE,Small,0.09834197173442659
s_3687,5.197801641,6.490681953,Nigeria,2.32584530215795e-06,0.0002250316130810142,2023,OIL,Renaissance Africa Energy ,Adibawa,ONSHORE,Small,0.00232584530215795
s_3687,5.197801641,6.490681953,Nigeria,0.0003424650855491,0.03313439228032025,2024,OIL,Renaissance Africa Energy ,Adibawa,ONSHORE,Small,0.3424650855491
s_3687,5.197801641,6.490681953,Nigeria,0.00079638778184,0.07705259976628298,2025,OIL,Renaissance Africa Energy ,Adibawa,ONSHORE,Small,0.79638778184
s_3688,4.577193616,8.42247541,Nigeria,0.0013873898480796,0.1342335946401535,2012,OIL,Moni Pulo,Abana East,OFFSHORE,Small,1.3873898480796
s_3688,4.577193616,8.42247541,Nigeria,0.0012431067419613,0.12027382694622489,2013,OIL,Moni Pulo,Abana East,OFFSHORE,Small,1.2431067419613
s_3688,4.577193616,8.42247541,Nigeria,0.0016166924327194,0.15641921913429527,2014,OIL,Moni Pulo,Abana East,OFFSHORE,Small,1.6166924327193999
s_3688,4.577193616,8.42247541,Nigeria,0.0006307873032754,0.06103032056146889,2015,OIL,Moni Pulo,Abana East,OFFSHORE,Small,0.6307873032754
s_3688,4.577193616,8.42247541,Nigeria,0.0004135847967747,0.04001541025864572,2016,OIL,Moni Pulo,Abana East,OFFSHORE,Small,0.4135847967747
s_3688,4.577193616,8.42247541,Nigeria,0.0005871288531405,0.05680625138139134,2017,OIL,Moni Pulo,Abana East,OFFSHORE,Small,0.5871288531405
s_3688,4.577193616,8.42247541,Nigeria,0.0015794306909493,0.15281404821043632,2018,OIL,Moni Pulo,Abana East,OFFSHORE,Small,1.5794306909493
s_3688,4.577193616,8.42247541,Nigeria,0.0015196671073966,0.14703176527103007,2019,OIL,Moni Pulo,Abana East,OFFSHORE,Small,1.5196671073966
s_3688,4.577193616,8.42247541,Nigeria,0.0012887263926749,0.12468764740915467,2020,OIL,Moni Pulo,Abana East,OFFSHORE,Small,1.2887263926749
s_3688,4.577193616,8.42247541,Nigeria,0.0014047914491266,0.13591724503176184,2021,OIL,Moni Pulo,Abana East,OFFSHORE,Small,1.4047914491265998
s_3688,4.577193616,8.42247541,Nigeria,0.0013140570716282,0.12713845681595815,2022,OIL,Moni Pulo,Abana East,OFFSHORE,Small,1.3140570716282
s_3688,4.577193616,8.42247541,Nigeria,0.0002025700694717,0.019599183768953032,2023,OIL,Moni Pulo,Abana East,OFFSHORE,Small,0.2025700694717
s_3688,4.577193616,8.42247541,Nigeria,0.0005455322047159,0.05278166690663426,2024,OIL,Moni Pulo,Abana East,OFFSHORE,Small,0.5455322047159
s_3688,4.577193616,8.42247541,Nigeria,0.0002579109544415,0.02495355905888761,2025,OIL,Moni Pulo,Abana East,OFFSHORE,Small,0.2579109544415
s_3689,5.421390451,5.356084695,Nigeria,0.0,0.0,2012,GAS,Chevron,Sonam,ONSHORE,Small,0.0
s_3689,5.421390451,5.356084695,Nigeria,0.0,0.0,2013,GAS,Chevron,Sonam,ONSHORE,Small,0.0
s_3689,5.421390451,5.356084695,Nigeria,0.0,0.0,2014,GAS,Chevron,Sonam,ONSHORE,Small,0.0
s_3689,5.421390451,5.356084695,Nigeria,0.0,0.0,2015,GAS,Chevron,Sonam,ONSHORE,Small,0.0
s_3689,5.421390451,5.356084695,Nigeria,0.0,0.0,2016,GAS,Chevron,Sonam,ONSHORE,Small,0.0
s_3689,5.421390451,5.356084695,Nigeria,0.0003803602557868,0.03680084906429347,2017,GAS,Chevron,Sonam,ONSHORE,Small,0.3803602557868
s_3689,5.421390451,5.356084695,Nigeria,0.0019479364641293,0.1884679450931836,2018,GAS,Chevron,Sonam,ONSHORE,Small,1.9479364641293
s_3689,5.421390451,5.356084695,Nigeria,0.0024920359656958,0.24111099422481938,2019,GAS,Chevron,Sonam,ONSHORE,Small,2.4920359656957998
s_3689,5.421390451,5.356084695,Nigeria,0.0013513231711854,0.13074404936711093,2020,GAS,Chevron,Sonam,ONSHORE,Small,1.3513231711854001
s_3689,5.421390451,5.356084695,Nigeria,0.0026937066748169,0.26062316252879336,2021,GAS,Chevron,Sonam,ONSHORE,Small,2.6937066748169
s_3689,5.421390451,5.356084695,Nigeria,0.0006691272315628,0.0647398088494127,2022,GAS,Chevron,Sonam,ONSHORE,Small,0.6691272315628
s_3689,5.421390451,5.356084695,Nigeria,1.32811875938955e-05,0.0012849896186616172,2023,GAS,Chevron,Sonam,ONSHORE,Small,0.0132811875938955
s_3689,5.421390451,5.356084695,Nigeria,8.74132734252749e-08,8.457462714880728e-06,2024,GAS,Chevron,Sonam,ONSHORE,Small,8.74132734252749e-05
s_3689,5.421390451,5.356084695,Nigeria,0.0,0.0,2025,GAS,Chevron,Sonam,ONSHORE,Small,0.0
s_3690,4.692517819,7.207074204,Nigeria,0.0,0.0,2012,OIL,NNPC Limited,Alakiri,ONSHORE,Small,0.0
s_3690,4.692517819,7.207074204,Nigeria,0.0004122217664368,0.03988353351029473,2013,OIL,NNPC Limited,Alakiri,ONSHORE,Small,0.4122217664368
s_3690,4.692517819,7.207074204,Nigeria,0.0002489750666025,0.024088988550756446,2014,OIL,NNPC Limited,Alakiri,ONSHORE,Small,0.24897506660250002
s_3690,4.692517819,7.207074204,Nigeria,0.0007187860427708,0.06954442864912752,2015,OIL,NNPC Limited,Alakiri,ONSHORE,Small,0.7187860427708
s_3690,4.692517819,7.207074204,Nigeria,0.0003561866846712,0.03446199286563531,2016,OIL,NNPC Limited,Alakiri,ONSHORE,Small,0.35618668467119996
s_3690,4.692517819,7.207074204,Nigeria,0.0011547847000578,0.11172843850542316,2017,OIL,NNPC Limited,Alakiri,ONSHORE,Small,1.1547847000578
s_3690,4.692517819,7.207074204,Nigeria,0.0087878597155708,0.8502484002223907,2018,OIL,NNPC Limited,Alakiri,ONSHORE,Small,8.7878597155708
s_3690,4.692517819,7.207074204,Nigeria,0.0018777418177953,0.18167642956137434,2019,OIL,NNPC Limited,Alakiri,ONSHORE,Small,1.8777418177953
s_3690,4.692517819,7.207074204,Nigeria,4.21579230811914e-05,0.0040788892650357195,2020,OIL,NNPC Limited,Alakiri,ONSHORE,Small,0.0421579230811914
s_3690,4.692517819,7.207074204,Nigeria,0.0,0.0,2021,OIL,NNPC Limited,Alakiri,ONSHORE,Small,0.0
s_3690,4.692517819,7.207074204,Nigeria,0.0,0.0,2022,OIL,NNPC Limited,Alakiri,ONSHORE,Small,0.0
s_3690,4.692517819,7.207074204,Nigeria,0.0,0.0,2023,OIL,NNPC Limited,Alakiri,ONSHORE,Small,0.0
s_3690,4.692517819,7.207074204,Nigeria,0.0,0.0,2024,OIL,NNPC Limited,Alakiri,ONSHORE,Small,0.0
s_3690,4.692517819,7.207074204,Nigeria,0.0,0.0,2025,OIL,NNPC Limited,Alakiri,ONSHORE,Small,0.0
s_3691,5.429781652,5.381695405,Nigeria,0.0,0.0,2012,OIL,Renaissance Africa Energy ,Forcados Yokri,ONSHORE,Small,0.0
s_3691,5.429781652,5.381695405,Nigeria,0.0,0.0,2013,OIL,Renaissance Africa Energy ,Forcados Yokri,ONSHORE,Small,0.0
s_3691,5.429781652,5.381695405,Nigeria,0.0,0.0,2014,OIL,Renaissance Africa Energy ,Forcados Yokri,ONSHORE,Small,0.0
s_3691,5.429781652,5.381695405,Nigeria,0.0010064315565571,0.09737488405507884,2015,OIL,Renaissance Africa Energy ,Forcados Yokri,ONSHORE,Small,1.0064315565571
s_3691,5.429781652,5.381695405,Nigeria,0.0,0.0,2016,OIL,Renaissance Africa Energy ,Forcados Yokri,ONSHORE,Small,0.0
s_3691,5.429781652,5.381695405,Nigeria,0.0,0.0,2017,OIL,Renaissance Africa Energy ,Forcados Yokri,ONSHORE,Small,0.0
s_3691,5.429781652,5.381695405,Nigeria,0.0019632470706205,0.18994928629535499,2018,OIL,Renaissance Africa Energy ,Forcados Yokri,ONSHORE,Small,1.9632470706204999
s_3691,5.429781652,5.381695405,Nigeria,0.0023480903860504,0.22718388309948706,2019,OIL,Renaissance Africa Energy ,Forcados Yokri,ONSHORE,Small,2.3480903860504
s_3691,5.429781652,5.381695405,Nigeria,0.0002325039582546,0.022495365760229,2020,OIL,Renaissance Africa Energy ,Forcados Yokri,ONSHORE,Small,0.2325039582546
s_3691,5.429781652,5.381695405,Nigeria,0.0,0.0,2021,OIL,Renaissance Africa Energy ,Forcados Yokri,ONSHORE,Small,0.0
s_3691,5.429781652,5.381695405,Nigeria,0.0,0.0,2022,OIL,Renaissance Africa Energy ,Forcados Yokri,ONSHORE,Small,0.0
s_3691,5.429781652,5.381695405,Nigeria,9.05176639042553e-05,0.008757820609049418,2023,OIL,Renaissance Africa Energy ,Forcados Yokri,ONSHORE,Small,0.09051766390425531
s_3691,5.429781652,5.381695405,Nigeria,1.12309816627823e-06,0.00010866268352905094,2024,OIL,Renaissance Africa Energy ,Forcados Yokri,ONSHORE,Small,0.00112309816627823
s_3691,5.429781652,5.381695405,Nigeria,0.0,0.0,2025,OIL,Renaissance Africa Energy ,Forcados Yokri,ONSHORE,Small,0.0
s_3696,5.575024911,5.219259048,Nigeria,0.0020019424240114,0.19369316289119523,2012,OIL,Renaissance Africa Energy ,Escravos Beach,ONSHORE,Small,2.0019424240114
s_3696,5.575024911,5.219259048,Nigeria,0.0035717013137224,0.34557143904833365,2013,OIL,Renaissance Africa Energy ,Escravos Beach,ONSHORE,Small,3.5717013137224
s_3696,5.575024911,5.219259048,Nigeria,0.0002787205131904,0.02696693826705091,2014,OIL,Renaissance Africa Energy ,Escravos Beach,ONSHORE,Small,0.2787205131904
s_3696,5.575024911,5.219259048,Nigeria,0.0,0.0,2015,OIL,Renaissance Africa Energy ,Escravos Beach,ONSHORE,Small,0.0
s_3696,5.575024911,5.219259048,Nigeria,0.0003503722200389,0.033899428212605734,2016,OIL,Renaissance Africa Energy ,Escravos Beach,ONSHORE,Small,0.3503722200389
s_3696,5.575024911,5.219259048,Nigeria,0.0,0.0,2017,OIL,Renaissance Africa Energy ,Escravos Beach,ONSHORE,Small,0.0
s_3696,5.575024911,5.219259048,Nigeria,0.000628735861032,0.060831838161652135,2018,OIL,Renaissance Africa Energy ,Escravos Beach,ONSHORE,Small,0.628735861032
s_3696,5.575024911,5.219259048,Nigeria,0.0014854771268729,0.1437237952777901,2019,OIL,Renaissance Africa Energy ,Escravos Beach,ONSHORE,Small,1.4854771268729001
s_3696,5.575024911,5.219259048,Nigeria,0.0099173570841158,0.9595302232991951,2020,OIL,Renaissance Africa Energy ,Escravos Beach,ONSHORE,Small,9.9173570841158
s_3696,5.575024911,5.219259048,Nigeria,0.0081510829335415,0.788638581934115,2021,OIL,Renaissance Africa Energy ,Escravos Beach,ONSHORE,Small,8.151082933541499
s_3696,5.575024911,5.219259048,Nigeria,0.0025528325922148,0.2469932267717394,2022,OIL,Renaissance Africa Energy ,Escravos Beach,ONSHORE,Small,2.5528325922148
s_3696,5.575024911,5.219259048,Nigeria,0.0,0.0,2023,OIL,Renaissance Africa Energy ,Escravos Beach,ONSHORE,Small,0.0
s_3696,5.575024911,5.219259048,Nigeria,0.0,0.0,2024,OIL,Renaissance Africa Energy ,Escravos Beach,ONSHORE,Small,0.0
s_3696,5.575024911,5.219259048,Nigeria,0.0,0.0,2025,OIL,Renaissance Africa Energy ,Escravos Beach,ONSHORE,Small,0.0
s_3697,4.901121294,6.71497758,Nigeria,0.0,0.0,2012,OIL,Aradel Holdings,Ogbele,ONSHORE,Small,0.0
s_3697,4.901121294,6.71497758,Nigeria,0.0,0.0,2013,OIL,Aradel Holdings,Ogbele,ONSHORE,Small,0.0
s_3697,4.901121294,6.71497758,Nigeria,0.0,0.0,2014,OIL,Aradel Holdings,Ogbele,ONSHORE,Small,0.0
s_3697,4.901121294,6.71497758,Nigeria,0.0,0.0,2015,OIL,Aradel Holdings,Ogbele,ONSHORE,Small,0.0
s_3697,4.901121294,6.71497758,Nigeria,0.0,0.0,2016,OIL,Aradel Holdings,Ogbele,ONSHORE,Small,0.0
s_3697,4.901121294,6.71497758,Nigeria,0.0,0.0,2017,OIL,Aradel Holdings,Ogbele,ONSHORE,Small,0.0
s_3697,4.901121294,6.71497758,Nigeria,0.0,0.0,2018,OIL,Aradel Holdings,Ogbele,ONSHORE,Small,0.0
s_3697,4.901121294,6.71497758,Nigeria,0.0,0.0,2019,OIL,Aradel Holdings,Ogbele,ONSHORE,Small,0.0
s_3697,4.901121294,6.71497758,Nigeria,0.0,0.0,2020,OIL,Aradel Holdings,Ogbele,ONSHORE,Small,0.0
s_3697,4.901121294,6.71497758,Nigeria,0.0,0.0,2021,OIL,Aradel Holdings,Ogbele,ONSHORE,Small,0.0
s_3697,4.901121294,6.71497758,Nigeria,0.0,0.0,2022,OIL,Aradel Holdings,Ogbele,ONSHORE,Small,0.0
s_3697,4.901121294,6.71497758,Nigeria,0.0005654217534911,0.054706032744802464,2023,OIL,Aradel Holdings,Ogbele,ONSHORE,Small,0.5654217534911
s_3697,4.901121294,6.71497758,Nigeria,0.0027863314693748,0.2695848535369283,2024,OIL,Aradel Holdings,Ogbele,ONSHORE,Small,2.7863314693748
s_3697,4.901121294,6.71497758,Nigeria,0.0015098383616553,0.14608080842679122,2025,OIL,Aradel Holdings,Ogbele,ONSHORE,Small,1.5098383616553
s_3698,4.681929517,6.855285568,Nigeria,0.0,0.0,2012,NA,NA,NA,ONSHORE,Small,0.0
s_3698,4.681929517,6.855285568,Nigeria,0.0,0.0,2013,NA,NA,NA,ONSHORE,Small,0.0
s_3698,4.681929517,6.855285568,Nigeria,0.0,0.0,2014,NA,NA,NA,ONSHORE,Small,0.0
s_3698,4.681929517,6.855285568,Nigeria,6.42299344915621e-05,0.006214414068430818,2015,NA,NA,NA,ONSHORE,Small,0.06422993449156211
s_3698,4.681929517,6.855285568,Nigeria,4.84604891450804e-05,0.004688679007539532,2016,NA,NA,NA,ONSHORE,Small,0.048460489145080395
s_3698,4.681929517,6.855285568,Nigeria,0.0,0.0,2017,NA,NA,NA,ONSHORE,Small,0.0
s_3698,4.681929517,6.855285568,Nigeria,5.72427853886128e-05,0.005538389127298485,2018,NA,NA,NA,ONSHORE,Small,0.0572427853886128
s_3698,4.681929517,6.855285568,Nigeria,0.0,0.0,2019,NA,NA,NA,ONSHORE,Small,0.0
s_3698,4.681929517,6.855285568,Nigeria,0.0018490411404953,0.17889956400486276,2020,NA,NA,NA,ONSHORE,Small,1.8490411404953
s_3698,4.681929517,6.855285568,Nigeria,0.0028973862294712,0.2803296918895183,2021,NA,NA,NA,ONSHORE,Small,2.8973862294712
s_3698,4.681929517,6.855285568,Nigeria,7.09228480114146e-05,0.006861970947724011,2022,NA,NA,NA,ONSHORE,Small,0.0709228480114146
s_3698,4.681929517,6.855285568,Nigeria,0.0,0.0,2023,NA,NA,NA,ONSHORE,Small,0.0
s_3698,4.681929517,6.855285568,Nigeria,0.0,0.0,2024,NA,NA,NA,ONSHORE,Small,0.0
s_3698,4.681929517,6.855285568,Nigeria,0.0,0.0,2025,NA,NA,NA,ONSHORE,Small,0.0
s_3700,5.014186331,6.700430402,Nigeria,0.0,0.0,2012,OIL,Renaissance Africa Energy ,Mini Nta,ONSHORE,Small,0.0
s_3700,5.014186331,6.700430402,Nigeria,0.0,0.0,2013,OIL,Renaissance Africa Energy ,Mini Nta,ONSHORE,Small,0.0
s_3700,5.014186331,6.700430402,Nigeria,0.0,0.0,2014,OIL,Renaissance Africa Energy ,Mini Nta,ONSHORE,Small,0.0
s_3700,5.014186331,6.700430402,Nigeria,0.0,0.0,2015,OIL,Renaissance Africa Energy ,Mini Nta,ONSHORE,Small,0.0
s_3700,5.014186331,6.700430402,Nigeria,0.0,0.0,2016,OIL,Renaissance Africa Energy ,Mini Nta,ONSHORE,Small,0.0
s_3700,5.014186331,6.700430402,Nigeria,0.0,0.0,2017,OIL,Renaissance Africa Energy ,Mini Nta,ONSHORE,Small,0.0
s_3700,5.014186331,6.700430402,Nigeria,3.98527503629951e-06,0.000385585777849413,2018,OIL,Renaissance Africa Energy ,Mini Nta,ONSHORE,Small,0.00398527503629951
s_3700,5.014186331,6.700430402,Nigeria,0.0,0.0,2019,OIL,Renaissance Africa Energy ,Mini Nta,ONSHORE,Small,0.0
s_3700,5.014186331,6.700430402,Nigeria,3.45786720011835e-05,0.00334557690978245,2020,OIL,Renaissance Africa Energy ,Mini Nta,ONSHORE,Small,0.0345786720011835
s_3700,5.014186331,6.700430402,Nigeria,0.0047007726651898,0.4548120438592099,2021,OIL,Renaissance Africa Energy ,Mini Nta,ONSHORE,Small,4.7007726651898
s_3700,5.014186331,6.700430402,Nigeria,0.0032589813928407,0.3153149692077625,2022,OIL,Renaissance Africa Energy ,Mini Nta,ONSHORE,Small,3.2589813928407
s_3700,5.014186331,6.700430402,Nigeria,3.37132333920018e-05,0.0032618434619619717,2023,OIL,Renaissance Africa Energy ,Mini Nta,ONSHORE,Small,0.033713233392001794
s_3700,5.014186331,6.700430402,Nigeria,0.0,0.0,2024,OIL,Renaissance Africa Energy ,Mini Nta,ONSHORE,Small,0.0
s_3700,5.014186331,6.700430402,Nigeria,0.0,0.0,2025,OIL,Renaissance Africa Energy ,Mini Nta,ONSHORE,Small,0.0
s_3701,4.641597788,6.897466117,Nigeria,0.0,0.0,2012,NA,NA,NA,ONSHORE,Small,0.0
s_3701,4.641597788,6.897466117,Nigeria,0.0,0.0,2013,NA,NA,NA,ONSHORE,Small,0.0
s_3701,4.641597788,6.897466117,Nigeria,0.0,0.0,2014,NA,NA,NA,ONSHORE,Small,0.0
s_3701,4.641597788,6.897466117,Nigeria,0.0,0.0,2015,NA,NA,NA,ONSHORE,Small,0.0
s_3701,4.641597788,6.897466117,Nigeria,0.0010686416053869,0.10339386890545986,2016,NA,NA,NA,ONSHORE,Small,1.0686416053869001
s_3701,4.641597788,6.897466117,Nigeria,0.0012347543271579,0.11946570897957122,2017,NA,NA,NA,ONSHORE,Small,1.2347543271579
s_3701,4.641597788,6.897466117,Nigeria,0.0012297490261661,0.11898143302403122,2018,NA,NA,NA,ONSHORE,Small,1.2297490261661
s_3701,4.641597788,6.897466117,Nigeria,0.0014072427422839,0.13615441405276676,2019,NA,NA,NA,ONSHORE,Small,1.4072427422839
s_3701,4.641597788,6.897466117,Nigeria,0.0029148151511649,0.282015985625115,2020,NA,NA,NA,ONSHORE,Small,2.9148151511649
s_3701,4.641597788,6.897466117,Nigeria,0.0003622118751812,0.03504494579820041,2021,NA,NA,NA,ONSHORE,Small,0.3622118751812
s_3701,4.641597788,6.897466117,Nigeria,0.0002249128211989,0.021760903405755854,2022,NA,NA,NA,ONSHORE,Small,0.2249128211989
s_3701,4.641597788,6.897466117,Nigeria,0.0,0.0,2023,NA,NA,NA,ONSHORE,Small,0.0
s_3701,4.641597788,6.897466117,Nigeria,0.0,0.0,2024,NA,NA,NA,ONSHORE,Small,0.0
s_3701,4.641597788,6.897466117,Nigeria,0.0,0.0,2025,NA,NA,NA,ONSHORE,Small,0.0
s_3705,3.979029005,7.757707236,Nigeria,0.0019997594076584,0.19348195035232085,2012,OIL,TotalEnergies,Odudu,OFFSHORE,Small,1.9997594076584
s_3705,3.979029005,7.757707236,Nigeria,0.0012483977830059,0.12078574899883926,2013,OIL,TotalEnergies,Odudu,OFFSHORE,Small,1.2483977830058999
s_3705,3.979029005,7.757707236,Nigeria,0.0022797085973339,0.22056776628124386,2014,OIL,TotalEnergies,Odudu,OFFSHORE,Small,2.2797085973339
s_3705,3.979029005,7.757707236,Nigeria,0.002972741571278,0.287620518199128,2015,OIL,TotalEnergies,Odudu,OFFSHORE,Small,2.9727415712779997
s_3705,3.979029005,7.757707236,Nigeria,0.0031100219869031,0.3009027572817901,2016,OIL,TotalEnergies,Odudu,OFFSHORE,Small,3.1100219869031003
s_3705,3.979029005,7.757707236,Nigeria,0.0020253694204632,0.1959597860394762,2017,OIL,TotalEnergies,Odudu,OFFSHORE,Small,2.0253694204632
s_3705,3.979029005,7.757707236,Nigeria,0.0028714606163987,0.27782132105143803,2018,OIL,TotalEnergies,Odudu,OFFSHORE,Small,2.8714606163987
s_3705,3.979029005,7.757707236,Nigeria,0.0034690934045233,0.33564385560135185,2019,OIL,TotalEnergies,Odudu,OFFSHORE,Small,3.4690934045233
s_3705,3.979029005,7.757707236,Nigeria,0.0036580858991057,0.35392937350601344,2020,OIL,TotalEnergies,Odudu,OFFSHORE,Small,3.6580858991057004
s_3705,3.979029005,7.757707236,Nigeria,0.0044507784235112,0.4306244474555692,2021,OIL,TotalEnergies,Odudu,OFFSHORE,Small,4.4507784235112
s_3705,3.979029005,7.757707236,Nigeria,0.0056273006363327,0.5444560471458941,2022,OIL,TotalEnergies,Odudu,OFFSHORE,Small,5.6273006363327
s_3705,3.979029005,7.757707236,Nigeria,0.0063954497421545,0.6187764811874181,2023,OIL,TotalEnergies,Odudu,OFFSHORE,Small,6.395449742154501
s_3705,3.979029005,7.757707236,Nigeria,0.0052929834891333,0.5121099892008009,2024,OIL,TotalEnergies,Odudu,OFFSHORE,Small,5.2929834891333
s_3705,3.979029005,7.757707236,Nigeria,0.0064268196985916,0.6218116064783271,2025,OIL,TotalEnergies,Odudu,OFFSHORE,Small,6.4268196985916
s_3707,3.955861082,7.757868125,Nigeria,0.0100635953986323,0.9736791625168483,2012,OIL,TotalEnergies,Afia,OFFSHORE,Small,10.0635953986323
s_3707,3.955861082,7.757868125,Nigeria,0.006607419969338,0.6392851547883646,2013,OIL,TotalEnergies,Afia,OFFSHORE,Small,6.607419969338
s_3707,3.955861082,7.757868125,Nigeria,0.0039324810293251,0.3804778196634412,2014,OIL,TotalEnergies,Afia,OFFSHORE,Small,3.9324810293251002
s_3707,3.955861082,7.757868125,Nigeria,0.0058094947935952,0.5620838081430148,2015,OIL,TotalEnergies,Afia,OFFSHORE,Small,5.8094947935952
s_3707,3.955861082,7.757868125,Nigeria,0.0071612229680788,0.6928670426379641,2016,OIL,TotalEnergies,Afia,OFFSHORE,Small,7.161222968078801
s_3707,3.955861082,7.757868125,Nigeria,0.0080389992474977,0.7777941923063523,2017,OIL,TotalEnergies,Afia,OFFSHORE,Small,8.0389992474977
s_3707,3.955861082,7.757868125,Nigeria,0.0051339815484322,0.4967261357838162,2018,OIL,TotalEnergies,Afia,OFFSHORE,Small,5.1339815484322
s_3707,3.955861082,7.757868125,Nigeria,0.0051146347701655,0.49485428441122625,2019,OIL,TotalEnergies,Afia,OFFSHORE,Small,5.1146347701655
s_3707,3.955861082,7.757868125,Nigeria,0.0065560024918112,0.6343103794248968,2020,OIL,TotalEnergies,Afia,OFFSHORE,Small,6.5560024918112
s_3707,3.955861082,7.757868125,Nigeria,0.0056508481091955,0.5467343267018822,2021,OIL,TotalEnergies,Afia,OFFSHORE,Small,5.6508481091955
s_3707,3.955861082,7.757868125,Nigeria,0.0059028574082706,0.5711168851762867,2022,OIL,TotalEnergies,Afia,OFFSHORE,Small,5.9028574082706
s_3707,3.955861082,7.757868125,Nigeria,0.0024788088598309,0.23983123715481558,2023,OIL,TotalEnergies,Afia,OFFSHORE,Small,2.4788088598308997
s_3707,3.955861082,7.757868125,Nigeria,0.0,0.0,2024,OIL,TotalEnergies,Afia,OFFSHORE,Small,0.0
s_3707,3.955861082,7.757868125,Nigeria,0.0,0.0,2025,OIL,TotalEnergies,Afia,OFFSHORE,Small,0.0
s_3708,4.404249632,7.828413438,Nigeria,0.0332300368544531,3.215092933808247,2012,OIL,Amni International,Okoro,OFFSHORE,Small,33.230036854453104
s_3708,4.404249632,7.828413438,Nigeria,0.0528671693661694,5.115036838631651,2013,OIL,Amni International,Okoro,OFFSHORE,Medium,52.8671693661694
s_3708,4.404249632,7.828413438,Nigeria,0.0538264557325284,5.2078503022906935,2014,OIL,Amni International,Okoro,OFFSHORE,Medium,53.8264557325284
s_3708,4.404249632,7.828413438,Nigeria,0.0265456724386556,2.568363202680974,2015,OIL,Amni International,Okoro,OFFSHORE,Small,26.5456724386556
s_3708,4.404249632,7.828413438,Nigeria,0.0316206481802796,3.0593803724063524,2016,OIL,Amni International,Okoro,OFFSHORE,Small,31.6206481802796
s_3708,4.404249632,7.828413438,Nigeria,0.0569217307884299,5.5073262554474605,2017,OIL,Amni International,Okoro,OFFSHORE,Medium,56.921730788429905
s_3708,4.404249632,7.828413438,Nigeria,0.0564058885483404,5.457417170232308,2018,OIL,Amni International,Okoro,OFFSHORE,Medium,56.4058885483404
s_3708,4.404249632,7.828413438,Nigeria,0.0432825735991492,4.187702142647841,2019,OIL,Amni International,Okoro,OFFSHORE,Small,43.2825735991492
s_3708,4.404249632,7.828413438,Nigeria,0.0481646076626876,4.660051700640884,2020,OIL,Amni International,Okoro,OFFSHORE,Small,48.1646076626876
s_3708,4.404249632,7.828413438,Nigeria,0.0344177005734877,3.330002503350203,2021,OIL,Amni International,Okoro,OFFSHORE,Small,34.4177005734877
s_3708,4.404249632,7.828413438,Nigeria,0.0349277566210083,3.379351759308368,2022,OIL,Amni International,Okoro,OFFSHORE,Small,34.9277566210083
s_3708,4.404249632,7.828413438,Nigeria,0.022683522866503,2.19469013535561,2023,OIL,Amni International,Okoro,OFFSHORE,Small,22.683522866502997
s_3708,4.404249632,7.828413438,Nigeria,0.015454835502835,1.495295736082668,2024,OIL,Amni International,Okoro,OFFSHORE,Small,15.454835502835
s_3708,4.404249632,7.828413438,Nigeria,0.0089385151040082,0.8648247028887631,2025,OIL,Amni International,Okoro,OFFSHORE,Small,8.9385151040082
s_3709,5.449319714,5.879817169,Nigeria,0.0491182714511214,4.752321165187429,2012,OIL,NEPL,Utorogu,ONSHORE,Small,49.1182714511214
s_3709,5.449319714,5.879817169,Nigeria,0.0446105979499503,4.3161919702362725,2013,OIL,NEPL,Utorogu,ONSHORE,Small,44.610597949950304
s_3709,5.449319714,5.879817169,Nigeria,0.0461471105966632,4.46485358547284,2014,OIL,NEPL,Utorogu,ONSHORE,Small,46.147110596663204
s_3709,5.449319714,5.879817169,Nigeria,0.0322942845510431,3.1245564522609772,2015,OIL,NEPL,Utorogu,ONSHORE,Small,32.2942845510431
s_3709,5.449319714,5.879817169,Nigeria,0.0163824775190757,1.5850475261448398,2016,OIL,NEPL,Utorogu,ONSHORE,Small,16.3824775190757
s_3709,5.449319714,5.879817169,Nigeria,0.0167899384121159,1.6244704327083994,2017,OIL,NEPL,Utorogu,ONSHORE,Small,16.7899384121159
s_3709,5.449319714,5.879817169,Nigeria,0.0214734167120456,2.0776092015187135,2018,OIL,NEPL,Utorogu,ONSHORE,Small,21.4734167120456
s_3709,5.449319714,5.879817169,Nigeria,0.0311484494645992,3.013693912268288,2019,OIL,NEPL,Utorogu,ONSHORE,Small,31.1484494645992
s_3709,5.449319714,5.879817169,Nigeria,0.0321748658663049,3.11300238233478,2020,OIL,NEPL,Utorogu,ONSHORE,Small,32.1748658663049
s_3709,5.449319714,5.879817169,Nigeria,0.0435409979467905,4.212705373840893,2021,OIL,NEPL,Utorogu,ONSHORE,Small,43.5409979467905
s_3709,5.449319714,5.879817169,Nigeria,0.0428373930870992,4.144629764340523,2022,OIL,NEPL,Utorogu,ONSHORE,Small,42.837393087099194
s_3709,5.449319714,5.879817169,Nigeria,0.0380674566932535,3.68312594892983,2023,OIL,NEPL,Utorogu,ONSHORE,Small,38.067456693253504
s_3709,5.449319714,5.879817169,Nigeria,0.01251710392267,1.2110625260449213,2024,OIL,NEPL,Utorogu,ONSHORE,Small,12.51710392267
s_3709,5.449319714,5.879817169,Nigeria,0.0129214863499804,1.2501875830015665,2025,OIL,NEPL,Utorogu,ONSHORE,Small,12.9214863499804
s_3712,5.53767385,5.091851407,Nigeria,0.0102145531408645,0.9882847187032643,2012,OIL,Chevron,Okan,OFFSHORE,Small,10.214553140864501
s_3712,5.53767385,5.091851407,Nigeria,0.0056242511088138,0.5441609973865329,2013,OIL,Chevron,Okan,OFFSHORE,Small,5.6242511088138
s_3712,5.53767385,5.091851407,Nigeria,0.0046742549525646,0.45224638584157184,2014,OIL,Chevron,Okan,OFFSHORE,Small,4.6742549525646
s_3712,5.53767385,5.091851407,Nigeria,0.0053784286888206,0.5203770356367021,2015,OIL,Chevron,Okan,OFFSHORE,Small,5.3784286888206
s_3712,5.53767385,5.091851407,Nigeria,0.0080179735495038,0.7757599010612158,2016,OIL,Chevron,Okan,OFFSHORE,Small,8.0179735495038
s_3712,5.53767385,5.091851407,Nigeria,0.0058007515621813,0.5612378776476439,2017,OIL,Chevron,Okan,OFFSHORE,Small,5.8007515621813
s_3712,5.53767385,5.091851407,Nigeria,0.0070183628386603,0.6790449516596087,2018,OIL,Chevron,Okan,OFFSHORE,Small,7.0183628386603
s_3712,5.53767385,5.091851407,Nigeria,0.0273379166977058,2.6450149057855734,2019,OIL,Chevron,Okan,OFFSHORE,Small,27.3379166977058
s_3712,5.53767385,5.091851407,Nigeria,0.0102867378106741,0.9952687742085481,2020,OIL,Chevron,Okan,OFFSHORE,Small,10.286737810674099
s_3712,5.53767385,5.091851407,Nigeria,0.0259147169216643,2.5073166070027564,2021,OIL,Chevron,Okan,OFFSHORE,Small,25.9147169216643
s_3712,5.53767385,5.091851407,Nigeria,0.0075102752669751,0.7266387650295577,2022,OIL,Chevron,Okan,OFFSHORE,Small,7.510275266975101
s_3712,5.53767385,5.091851407,Nigeria,0.0104047650059502,1.0066882138917317,2023,OIL,Chevron,Okan,OFFSHORE,Small,10.4047650059502
s_3712,5.53767385,5.091851407,Nigeria,0.001141953037595,0.11048694161831898,2024,OIL,Chevron,Okan,OFFSHORE,Small,1.141953037595
s_3712,5.53767385,5.091851407,Nigeria,0.0001564339514164,0.015135393740593183,2025,OIL,Chevron,Okan,OFFSHORE,Small,0.15643395141639999
s_3716,4.648948116,6.632562129,Nigeria,0.0,0.0,2012,GAS,Renaissance Africa Energy,Soku,ONSHORE,Small,0.0
s_3716,4.648948116,6.632562129,Nigeria,0.0004336528484134,0.04195704671548994,2013,GAS,Renaissance Africa Energy,Soku,ONSHORE,Small,0.4336528484134
s_3716,4.648948116,6.632562129,Nigeria,0.0025968534860023,0.25125236332268636,2014,GAS,Renaissance Africa Energy,Soku,ONSHORE,Small,2.5968534860023
s_3716,4.648948116,6.632562129,Nigeria,0.0012192165461205,0.11796238804618772,2015,GAS,Renaissance Africa Energy,Soku,ONSHORE,Small,1.2192165461205
s_3716,4.648948116,6.632562129,Nigeria,0.001022752748333,0.0989540020253616,2016,GAS,Renaissance Africa Energy,Soku,ONSHORE,Small,1.022752748333
s_3716,4.648948116,6.632562129,Nigeria,0.0010274566868745,0.09940912037602988,2017,GAS,Renaissance Africa Energy,Soku,ONSHORE,Small,1.0274566868744999
s_3716,4.648948116,6.632562129,Nigeria,0.0027706891323929,0.26807141654259,2018,GAS,Renaissance Africa Energy,Soku,ONSHORE,Small,2.7706891323928997
s_3716,4.648948116,6.632562129,Nigeria,0.0025969554425436,0.25126222788458635,2019,GAS,Renaissance Africa Energy,Soku,ONSHORE,Small,2.5969554425436
s_3716,4.648948116,6.632562129,Nigeria,0.0023611658888336,0.22844897217502394,2020,GAS,Renaissance Africa Energy,Soku,ONSHORE,Small,2.3611658888336002
s_3716,4.648948116,6.632562129,Nigeria,0.0006659982017022,0.06443706703066139,2021,GAS,Renaissance Africa Energy,Soku,ONSHORE,Small,0.6659982017021999
s_3716,4.648948116,6.632562129,Nigeria,0.0015994825108668,0.15475411420582236,2022,GAS,Renaissance Africa Energy,Soku,ONSHORE,Small,1.5994825108668
s_3716,4.648948116,6.632562129,Nigeria,0.0003995641225814,0.0386588733783664,2023,GAS,Renaissance Africa Energy,Soku,ONSHORE,Small,0.3995641225814
s_3716,4.648948116,6.632562129,Nigeria,0.0007008122483887,0.0678054170565518,2024,GAS,Renaissance Africa Energy,Soku,ONSHORE,Small,0.7008122483887
s_3716,4.648948116,6.632562129,Nigeria,0.0003950135183655,0.038218590524538104,2025,GAS,Renaissance Africa Energy,Soku,ONSHORE,Small,0.39501351836549997
s_3717,5.712473112,5.572214925,Nigeria,0.0017492470606976,0.16924422590822488,2012,OIL,ConOil,Upomami,ONSHORE,Small,1.7492470606975998
s_3717,5.712473112,5.572214925,Nigeria,0.0009238306410091,0.0893830295450265,2013,OIL,ConOil,Upomami,ONSHORE,Small,0.9238306410091001
s_3717,5.712473112,5.572214925,Nigeria,0.0005312777163114,0.051402507890197055,2014,OIL,ConOil,Upomami,ONSHORE,Small,0.5312777163114
s_3717,5.712473112,5.572214925,Nigeria,0.0,0.0,2015,OIL,ConOil,Upomami,ONSHORE,Small,0.0
s_3717,5.712473112,5.572214925,Nigeria,0.0,0.0,2016,OIL,ConOil,Upomami,ONSHORE,Small,0.0
s_3717,5.712473112,5.572214925,Nigeria,0.0,0.0,2017,OIL,ConOil,Upomami,ONSHORE,Small,0.0
s_3717,5.712473112,5.572214925,Nigeria,4.75990715078398e-06,0.00046053345992657594,2018,OIL,ConOil,Upomami,ONSHORE,Small,0.00475990715078398
s_3717,5.712473112,5.572214925,Nigeria,0.0001812545312754,0.017536849726550063,2019,OIL,ConOil,Upomami,ONSHORE,Small,0.1812545312754
s_3717,5.712473112,5.572214925,Nigeria,0.0003156604679193,0.030540975453475734,2020,OIL,ConOil,Upomami,ONSHORE,Small,0.31566046791929997
s_3717,5.712473112,5.572214925,Nigeria,0.0010332602478922,0.09997063007584328,2021,OIL,ConOil,Upomami,ONSHORE,Small,1.0332602478922002
s_3717,5.712473112,5.572214925,Nigeria,0.0002760936317862,0.026712780624145258,2022,OIL,ConOil,Upomami,ONSHORE,Small,0.2760936317862
s_3717,5.712473112,5.572214925,Nigeria,0.0,0.0,2023,OIL,ConOil,Upomami,ONSHORE,Small,0.0
s_3717,5.712473112,5.572214925,Nigeria,0.0,0.0,2024,OIL,ConOil,Upomami,ONSHORE,Small,0.0
s_3717,5.712473112,5.572214925,Nigeria,0.0,0.0,2025,OIL,ConOil,Upomami,ONSHORE,Small,0.0
s_3719,4.980945183,7.181975323,Nigeria,0.0253542940927214,2.4530942332759067,2012,OIL,NEPL,Imo River,ONSHORE,Small,25.3542940927214
s_3719,4.980945183,7.181975323,Nigeria,0.0251006365507313,2.4285522029907294,2013,OIL,NEPL,Imo River,ONSHORE,Small,25.1006365507313
s_3719,4.980945183,7.181975323,Nigeria,0.0171610574033898,1.660377165273063,2014,OIL,NEPL,Imo River,ONSHORE,Small,17.1610574033898
s_3719,4.980945183,7.181975323,Nigeria,0.0086673206770417,0.8385859331381563,2015,OIL,NEPL,Imo River,ONSHORE,Small,8.6673206770417
s_3719,4.980945183,7.181975323,Nigeria,0.0112929514391936,1.0926225731562937,2016,OIL,NEPL,Imo River,ONSHORE,Small,11.292951439193601
s_3719,4.980945183,7.181975323,Nigeria,0.0080577712705773,0.7796104346120969,2017,OIL,NEPL,Imo River,ONSHORE,Small,8.0577712705773
s_3719,4.980945183,7.181975323,Nigeria,0.003611904905253,0.3494612416269433,2018,OIL,NEPL,Imo River,ONSHORE,Small,3.611904905253
s_3719,4.980945183,7.181975323,Nigeria,0.0060873427060346,0.5889663200063013,2019,OIL,NEPL,Imo River,ONSHORE,Small,6.087342706034599
s_3719,4.980945183,7.181975323,Nigeria,0.0055925257109008,0.5410914822036549,2020,OIL,NEPL,Imo River,ONSHORE,Small,5.5925257109008
s_3719,4.980945183,7.181975323,Nigeria,0.0123951426492321,1.1992624540153323,2021,OIL,NEPL,Imo River,ONSHORE,Small,12.3951426492321
s_3719,4.980945183,7.181975323,Nigeria,0.004170674290967,0.4035236403990563,2022,OIL,NEPL,Imo River,ONSHORE,Small,4.170674290967
s_3719,4.980945183,7.181975323,Nigeria,0.0142725728251771,1.380908731413013,2023,OIL,NEPL,Imo River,ONSHORE,Small,14.272572825177098
s_3719,4.980945183,7.181975323,Nigeria,0.0307030012957654,2.9705956374674445,2024,OIL,NEPL,Imo River,ONSHORE,Small,30.7030012957654
s_3719,4.980945183,7.181975323,Nigeria,0.0296057739568542,2.8644360241162516,2025,OIL,NEPL,Imo River,ONSHORE,Small,29.605773956854197
s_3720,5.356604386,6.144101932,Nigeria,0.0048482395719975,0.4690798525927552,2012,OIL,Shoreline Natural Resources,Oroni,ONSHORE,Small,4.8482395719975
s_3720,5.356604386,6.144101932,Nigeria,0.0060229882234883,0.582739855587988,2013,OIL,Shoreline Natural Resources,Oroni,ONSHORE,Small,6.0229882234883
s_3720,5.356604386,6.144101932,Nigeria,0.0077775161950601,0.7524950234283594,2014,OIL,Shoreline Natural Resources,Oroni,ONSHORE,Small,7.7775161950601
s_3720,5.356604386,6.144101932,Nigeria,0.0024003229996394,0.23223752500785666,2015,OIL,Shoreline Natural Resources,Oroni,ONSHORE,Small,2.4003229996394
s_3720,5.356604386,6.144101932,Nigeria,0.001912885360081,0.18507665914783666,2016,OIL,Shoreline Natural Resources,Oroni,ONSHORE,Small,1.912885360081
s_3720,5.356604386,6.144101932,Nigeria,0.0025851001055678,0.2501151930406059,2017,OIL,Shoreline Natural Resources,Oroni,ONSHORE,Small,2.5851001055678
s_3720,5.356604386,6.144101932,Nigeria,0.0101344392177124,0.9805334872088745,2018,OIL,Shoreline Natural Resources,Oroni,ONSHORE,Small,10.1344392177124
s_3720,5.356604386,6.144101932,Nigeria,0.0072500296701071,0.701459323212812,2019,OIL,Shoreline Natural Resources,Oroni,ONSHORE,Small,7.2500296701071
s_3720,5.356604386,6.144101932,Nigeria,0.0042207315715608,0.4083668131535041,2020,OIL,Shoreline Natural Resources,Oroni,ONSHORE,Small,4.220731571560799
s_3720,5.356604386,6.144101932,Nigeria,0.0023909118145422,0.23132696824749863,2021,OIL,Shoreline Natural Resources,Oroni,ONSHORE,Small,2.3909118145422
s_3720,5.356604386,6.144101932,Nigeria,0.0018748457206446,0.18139622459122576,2022,OIL,Shoreline Natural Resources,Oroni,ONSHORE,Small,1.8748457206445999
s_3720,5.356604386,6.144101932,Nigeria,0.0015778597118187,0.15266205187278326,2023,OIL,Shoreline Natural Resources,Oroni,ONSHORE,Small,1.5778597118186999
s_3720,5.356604386,6.144101932,Nigeria,0.003915961571326,0.37887951891776717,2024,OIL,Shoreline Natural Resources,Oroni,ONSHORE,Small,3.9159615713260005
s_3720,5.356604386,6.144101932,Nigeria,0.0039488067169237,0.3820573726163229,2025,OIL,Shoreline Natural Resources,Oroni,ONSHORE,Small,3.9488067169237
s_3726,5.651203376,5.192087377,Nigeria,0.0,0.0,2012,OIL,Renaissance Africa Energy ,Otumara,ONSHORE,Small,0.0
s_3726,5.651203376,5.192087377,Nigeria,0.0,0.0,2013,OIL,Renaissance Africa Energy ,Otumara,ONSHORE,Small,0.0
s_3726,5.651203376,5.192087377,Nigeria,0.0,0.0,2014,OIL,Renaissance Africa Energy ,Otumara,ONSHORE,Small,0.0
s_3726,5.651203376,5.192087377,Nigeria,0.0,0.0,2015,OIL,Renaissance Africa Energy ,Otumara,ONSHORE,Small,0.0
s_3726,5.651203376,5.192087377,Nigeria,0.0,0.0,2016,OIL,Renaissance Africa Energy ,Otumara,ONSHORE,Small,0.0
s_3726,5.651203376,5.192087377,Nigeria,0.0,0.0,2017,OIL,Renaissance Africa Energy ,Otumara,ONSHORE,Small,0.0
s_3726,5.651203376,5.192087377,Nigeria,0.0,0.0,2018,OIL,Renaissance Africa Energy ,Otumara,ONSHORE,Small,0.0
s_3726,5.651203376,5.192087377,Nigeria,0.0002840167855075,0.02747936645895496,2019,OIL,Renaissance Africa Energy ,Otumara,ONSHORE,Small,0.2840167855075
s_3726,5.651203376,5.192087377,Nigeria,0.0014312280804723,0.1384750582236501,2020,OIL,Renaissance Africa Energy ,Otumara,ONSHORE,Small,1.4312280804722999
s_3726,5.651203376,5.192087377,Nigeria,0.0037367019922549,0.3615356860320777,2021,OIL,Renaissance Africa Energy ,Otumara,ONSHORE,Small,3.7367019922549
s_3726,5.651203376,5.192087377,Nigeria,0.0022983081532191,0.2223673219350759,2022,OIL,Renaissance Africa Energy ,Otumara,ONSHORE,Small,2.2983081532191
s_3726,5.651203376,5.192087377,Nigeria,9.3378594783321e-06,0.0009034623150487625,2023,OIL,Renaissance Africa Energy ,Otumara,ONSHORE,Small,0.0093378594783321
s_3726,5.651203376,5.192087377,Nigeria,0.0,0.0,2024,OIL,Renaissance Africa Energy ,Otumara,ONSHORE,Small,0.0
s_3726,5.651203376,5.192087377,Nigeria,0.0,0.0,2025,OIL,Renaissance Africa Energy ,Otumara,ONSHORE,Small,0.0
s_3728,5.00827,7.019073996,Nigeria,0.0068810828571868,0.6657627545822488,2012,OIL,Heirs Energies,Umuechem,ONSHORE,Small,6.8810828571868
s_3728,5.00827,7.019073996,Nigeria,0.0038676610100289,0.3742063133475943,2013,OIL,Heirs Energies,Umuechem,ONSHORE,Small,3.8676610100289
s_3728,5.00827,7.019073996,Nigeria,0.0014900612347963,0.14416731970290259,2014,OIL,Heirs Energies,Umuechem,ONSHORE,Small,1.4900612347963
s_3728,5.00827,7.019073996,Nigeria,0.000311183103406,0.030107778732333203,2015,OIL,Heirs Energies,Umuechem,ONSHORE,Small,0.311183103406
s_3728,5.00827,7.019073996,Nigeria,0.000825148946845,0.07983531766637694,2016,OIL,Heirs Energies,Umuechem,ONSHORE,Small,0.8251489468450001
s_3728,5.00827,7.019073996,Nigeria,0.0011145936640836,0.10783985070971727,2017,OIL,Heirs Energies,Umuechem,ONSHORE,Small,1.1145936640836
s_3728,5.00827,7.019073996,Nigeria,0.0024817830177305,0.24011899470648235,2018,OIL,Heirs Energies,Umuechem,ONSHORE,Small,2.4817830177305
s_3728,5.00827,7.019073996,Nigeria,0.0017131350822941,0.16575029759573282,2019,OIL,Heirs Energies,Umuechem,ONSHORE,Small,1.7131350822941
s_3728,5.00827,7.019073996,Nigeria,0.0009214191433897,0.08914971084634472,2020,OIL,Heirs Energies,Umuechem,ONSHORE,Small,0.9214191433897
s_3728,5.00827,7.019073996,Nigeria,0.0125190887042421,1.2112545588505292,2021,OIL,Heirs Energies,Umuechem,ONSHORE,Small,12.5190887042421
s_3728,5.00827,7.019073996,Nigeria,0.003257199722428,0.3151425879377887,2022,OIL,Heirs Energies,Umuechem,ONSHORE,Small,3.257199722428
s_3728,5.00827,7.019073996,Nigeria,0.0042361231051422,0.4098559842632076,2023,OIL,Heirs Energies,Umuechem,ONSHORE,Small,4.2361231051422
s_3728,5.00827,7.019073996,Nigeria,0.0065008220345567,0.6289715259357987,2024,OIL,Heirs Energies,Umuechem,ONSHORE,Small,6.5008220345567
s_3728,5.00827,7.019073996,Nigeria,0.0142383826651155,1.377600744049012,2025,OIL,Heirs Energies,Umuechem,ONSHORE,Small,14.2383826651155
s_3730,4.469261492,7.196303025,Nigeria,0.0192127443192616,1.8588832377910744,2012,OIL,NEPL,Bonny,ONSHORE,Small,19.2127443192616
s_3730,4.469261492,7.196303025,Nigeria,0.0027965126983387,0.270569914054396,2013,OIL,NEPL,Bonny,ONSHORE,Small,2.7965126983387
s_3730,4.469261492,7.196303025,Nigeria,0.0023694544559727,0.22925091271324952,2014,OIL,NEPL,Bonny,ONSHORE,Small,2.3694544559727
s_3730,4.469261492,7.196303025,Nigeria,0.0005324383211587,0.051514799443162874,2015,OIL,NEPL,Bonny,ONSHORE,Small,0.5324383211587
s_3730,4.469261492,7.196303025,Nigeria,0.0008540148229483,0.08262816663896143,2016,OIL,NEPL,Bonny,ONSHORE,Small,0.8540148229483
s_3730,4.469261492,7.196303025,Nigeria,0.0016161735181762,0.1563690127957227,2017,OIL,NEPL,Bonny,ONSHORE,Small,1.6161735181761998
s_3730,4.469261492,7.196303025,Nigeria,0.0005458448980457,0.05281192080371816,2018,OIL,NEPL,Bonny,ONSHORE,Small,0.5458448980456999
s_3730,4.469261492,7.196303025,Nigeria,0.0006644798385714,0.06429016142853486,2019,OIL,NEPL,Bonny,ONSHORE,Small,0.6644798385714
s_3730,4.469261492,7.196303025,Nigeria,0.0009457273951506,0.09150159774951042,2020,OIL,NEPL,Bonny,ONSHORE,Small,0.9457273951506
s_3730,4.469261492,7.196303025,Nigeria,0.0025849665344866,0.25010226968932564,2021,OIL,NEPL,Bonny,ONSHORE,Small,2.5849665344866
s_3730,4.469261492,7.196303025,Nigeria,0.002103277653203,0.20349761122048118,2022,OIL,NEPL,Bonny,ONSHORE,Small,2.103277653203
s_3730,4.469261492,7.196303025,Nigeria,0.0028876630546085,0.27938894930376157,2023,OIL,NEPL,Bonny,ONSHORE,Small,2.8876630546085
s_3730,4.469261492,7.196303025,Nigeria,0.0048184927545891,0.4662017702459938,2024,OIL,NEPL,Bonny,ONSHORE,Small,4.8184927545891005
s_3730,4.469261492,7.196303025,Nigeria,0.004896119709915,0.47371238110190395,2025,OIL,NEPL,Bonny,ONSHORE,Small,4.896119709915
s_3731,4.42887731,7.170755061,Nigeria,0.0116074852079122,1.1230545375167464,2012,LNG,Nigeria LNG,NLNG,ONSHORE,Small,11.6074852079122
s_3731,4.42887731,7.170755061,Nigeria,0.0083313303345752,0.806077989176996,2013,LNG,Nigeria LNG,NLNG,ONSHORE,Small,8.3313303345752
s_3731,4.42887731,7.170755061,Nigeria,0.0084590653305728,0.818436683957585,2014,LNG,Nigeria LNG,NLNG,ONSHORE,Small,8.4590653305728
s_3731,4.42887731,7.170755061,Nigeria,0.0060603334734414,0.5863531061468548,2015,LNG,Nigeria LNG,NLNG,ONSHORE,Small,6.0603334734414
s_3731,4.42887731,7.170755061,Nigeria,0.0097677102075307,0.945051496790929,2016,LNG,Nigeria LNG,NLNG,ONSHORE,Small,9.7677102075307
s_3731,4.42887731,7.170755061,Nigeria,0.0097130182236785,0.939759904380444,2017,LNG,Nigeria LNG,NLNG,ONSHORE,Small,9.7130182236785
s_3731,4.42887731,7.170755061,Nigeria,0.0077723039830621,0.7519907282920741,2018,LNG,Nigeria LNG,NLNG,ONSHORE,Small,7.7723039830621
s_3731,4.42887731,7.170755061,Nigeria,0.0096213785843355,0.9308935297146894,2019,LNG,Nigeria LNG,NLNG,ONSHORE,Small,9.6213785843355
s_3731,4.42887731,7.170755061,Nigeria,0.0060767145312357,0.5879380163109161,2020,LNG,Nigeria LNG,NLNG,ONSHORE,Small,6.0767145312357
s_3731,4.42887731,7.170755061,Nigeria,0.0064281343713073,0.6219388045003165,2021,LNG,Nigeria LNG,NLNG,ONSHORE,Small,6.4281343713073005
s_3731,4.42887731,7.170755061,Nigeria,0.0045565820596153,0.4408612258347038,2022,LNG,Nigeria LNG,NLNG,ONSHORE,Small,4.5565820596153
s_3731,4.42887731,7.170755061,Nigeria,0.0052638542247673,0.509291656725265,2023,LNG,Nigeria LNG,NLNG,ONSHORE,Small,5.2638542247673
s_3731,4.42887731,7.170755061,Nigeria,0.0196777916976697,1.90387778735341,2024,LNG,Nigeria LNG,NLNG,ONSHORE,Small,19.6777916976697
s_3731,4.42887731,7.170755061,Nigeria,0.01468367150917,1.42068360376096,2025,LNG,Nigeria LNG,NLNG,ONSHORE,Small,14.68367150917
s_3732,5.535381513,5.537587699,Nigeria,0.0057576971080555,0.55707224666038,2012,OIL,NEPL,Batan,ONSHORE,Small,5.7576971080555
s_3732,5.535381513,5.537587699,Nigeria,0.0082123952928931,0.7945707129807895,2013,OIL,NEPL,Batan,ONSHORE,Small,8.212395292893099
s_3732,5.535381513,5.537587699,Nigeria,0.0040441550117393,0.39128256939401534,2014,OIL,NEPL,Batan,ONSHORE,Small,4.0441550117393
s_3732,5.535381513,5.537587699,Nigeria,0.0026392187466125,0.25535131303566405,2015,OIL,NEPL,Batan,ONSHORE,Small,2.6392187466125003
s_3732,5.535381513,5.537587699,Nigeria,0.0006144629693313,0.0594508985781987,2016,OIL,NEPL,Batan,ONSHORE,Small,0.6144629693313
s_3732,5.535381513,5.537587699,Nigeria,0.0017694645170883,0.17120031766539082,2017,OIL,NEPL,Batan,ONSHORE,Small,1.7694645170883
s_3732,5.535381513,5.537587699,Nigeria,0.0059688009459817,0.5774970948358153,2018,OIL,NEPL,Batan,ONSHORE,Small,5.9688009459817
s_3732,5.535381513,5.537587699,Nigeria,0.0040510414329343,0.3919488486467362,2019,OIL,NEPL,Batan,ONSHORE,Small,4.0510414329343005
s_3732,5.535381513,5.537587699,Nigeria,0.0031066098004215,0.30057261931974455,2020,OIL,NEPL,Batan,ONSHORE,Small,3.1066098004215
s_3732,5.535381513,5.537587699,Nigeria,0.0012658744728794,0.12247666443070458,2021,OIL,NEPL,Batan,ONSHORE,Small,1.2658744728794
s_3732,5.535381513,5.537587699,Nigeria,0.0011290788571569,0.10924133100595637,2022,OIL,NEPL,Batan,ONSHORE,Small,1.1290788571569002
s_3732,5.535381513,5.537587699,Nigeria,0.0020259540597662,0.19601635142037346,2023,OIL,NEPL,Batan,ONSHORE,Small,2.0259540597662
s_3732,5.535381513,5.537587699,Nigeria,0.0040284858459491,0.38976653664233957,2024,OIL,NEPL,Batan,ONSHORE,Small,4.0284858459491
s_3732,5.535381513,5.537587699,Nigeria,0.0061415953876053,0.5942154087726514,2025,OIL,NEPL,Batan,ONSHORE,Small,6.1415953876052995
s_3734,4.968331076,6.63943348,Nigeria,0.0,0.0,2012,OIL,Aradel Holdings,Ogbele,ONSHORE,Small,0.0
s_3734,4.968331076,6.63943348,Nigeria,0.0,0.0,2013,OIL,Aradel Holdings,Ogbele,ONSHORE,Small,0.0
s_3734,4.968331076,6.63943348,Nigeria,0.0,0.0,2014,OIL,Aradel Holdings,Ogbele,ONSHORE,Small,0.0
s_3734,4.968331076,6.63943348,Nigeria,0.0,0.0,2015,OIL,Aradel Holdings,Ogbele,ONSHORE,Small,0.0
s_3734,4.968331076,6.63943348,Nigeria,0.0,0.0,2016,OIL,Aradel Holdings,Ogbele,ONSHORE,Small,0.0
s_3734,4.968331076,6.63943348,Nigeria,0.0,0.0,2017,OIL,Aradel Holdings,Ogbele,ONSHORE,Small,0.0
s_3734,4.968331076,6.63943348,Nigeria,0.0,0.0,2018,OIL,Aradel Holdings,Ogbele,ONSHORE,Small,0.0
s_3734,4.968331076,6.63943348,Nigeria,0.0039415918384263,0.38135931426095976,2019,OIL,Aradel Holdings,Ogbele,ONSHORE,Small,3.9415918384263002
s_3734,4.968331076,6.63943348,Nigeria,0.0199145870891805,1.926788360499606,2020,OIL,Aradel Holdings,Ogbele,ONSHORE,Small,19.9145870891805
s_3734,4.968331076,6.63943348,Nigeria,0.0225960416384005,2.1862260978480643,2021,OIL,Aradel Holdings,Ogbele,ONSHORE,Small,22.5960416384005
s_3734,4.968331076,6.63943348,Nigeria,0.0057304898423019,0.5544398725749773,2022,OIL,Aradel Holdings,Ogbele,ONSHORE,Small,5.7304898423019
s_3734,4.968331076,6.63943348,Nigeria,0.000220758980817,0.021359008490065313,2023,OIL,Aradel Holdings,Ogbele,ONSHORE,Small,0.22075898081700002
s_3734,4.968331076,6.63943348,Nigeria,0.0,0.0,2024,OIL,Aradel Holdings,Ogbele,ONSHORE,Small,0.0
s_3734,4.968331076,6.63943348,Nigeria,0.0,0.0,2025,OIL,Aradel Holdings,Ogbele,ONSHORE,Small,0.0
s_3735,6.153934963,5.342440161,Nigeria,0.0226958610243057,2.195883884376757,2012,OIL,Dubri Oil,Gilli Gilli,ONSHORE,Small,22.6958610243057
s_3735,6.153934963,5.342440161,Nigeria,0.0213818463673529,2.068749531291522,2013,OIL,Dubri Oil,Gilli Gilli,ONSHORE,Small,21.3818463673529
s_3735,6.153934963,5.342440161,Nigeria,0.0168628547396144,1.6315252780077438,2014,OIL,Dubri Oil,Gilli Gilli,ONSHORE,Small,16.862854739614402
s_3735,6.153934963,5.342440161,Nigeria,0.0161762196420778,1.5650915373572627,2015,OIL,Dubri Oil,Gilli Gilli,ONSHORE,Small,16.1762196420778
s_3735,6.153934963,5.342440161,Nigeria,0.0159901180646756,1.5470857232470625,2016,OIL,Dubri Oil,Gilli Gilli,ONSHORE,Small,15.990118064675599
s_3735,6.153934963,5.342440161,Nigeria,0.0165641647750701,1.6026262431191585,2017,OIL,Dubri Oil,Gilli Gilli,ONSHORE,Small,16.5641647750701
s_3735,6.153934963,5.342440161,Nigeria,0.0183647861825488,1.7768410713784546,2018,OIL,Dubri Oil,Gilli Gilli,ONSHORE,Small,18.3647861825488
s_3735,6.153934963,5.342440161,Nigeria,0.0172824869031853,1.6721257868126165,2019,OIL,Dubri Oil,Gilli Gilli,ONSHORE,Small,17.2824869031853
s_3735,6.153934963,5.342440161,Nigeria,0.0114326109361611,1.1061349945780967,2020,OIL,Dubri Oil,Gilli Gilli,ONSHORE,Small,11.4326109361611
s_3735,6.153934963,5.342440161,Nigeria,0.0044355626770709,0.4291522842113003,2021,OIL,Dubri Oil,Gilli Gilli,ONSHORE,Small,4.4355626770709
s_3735,6.153934963,5.342440161,Nigeria,0.0195074855048518,1.887400217993169,2022,OIL,Dubri Oil,Gilli Gilli,ONSHORE,Small,19.5074855048518
s_3735,6.153934963,5.342440161,Nigeria,0.017062696791038,1.650860518899108,2023,OIL,Dubri Oil,Gilli Gilli,ONSHORE,Small,17.062696791038
s_3735,6.153934963,5.342440161,Nigeria,0.0102483316600251,0.9915528787340047,2024,OIL,Dubri Oil,Gilli Gilli,ONSHORE,Small,10.2483316600251
s_3735,6.153934963,5.342440161,Nigeria,0.0049000700608382,0.4740945878805143,2025,OIL,Dubri Oil,Gilli Gilli,ONSHORE,Small,4.900070060838201
s_3736,4.641857044,6.839698428,Nigeria,0.0021698539249221,0.20993903954934237,2012,OIL,SEPLAT Energy,Idama,ONSHORE,Small,2.1698539249221
s_3736,4.641857044,6.839698428,Nigeria,0.0,0.0,2013,OIL,SEPLAT Energy,Idama,ONSHORE,Small,0.0
s_3736,4.641857044,6.839698428,Nigeria,0.0,0.0,2014,OIL,SEPLAT Energy,Idama,ONSHORE,Small,0.0
s_3736,4.641857044,6.839698428,Nigeria,0.0,0.0,2015,OIL,SEPLAT Energy,Idama,ONSHORE,Small,0.0
s_3736,4.641857044,6.839698428,Nigeria,0.0,0.0,2016,OIL,SEPLAT Energy,Idama,ONSHORE,Small,0.0
s_3736,4.641857044,6.839698428,Nigeria,0.00040301389856,0.03899264822251112,2017,OIL,SEPLAT Energy,Idama,ONSHORE,Small,0.40301389856
s_3736,4.641857044,6.839698428,Nigeria,0.0002232396966592,0.021599024232749467,2018,OIL,SEPLAT Energy,Idama,ONSHORE,Small,0.2232396966592
s_3736,4.641857044,6.839698428,Nigeria,5.646579272733e-05,0.005463213056147771,2019,OIL,SEPLAT Energy,Idama,ONSHORE,Small,0.05646579272733
s_3736,4.641857044,6.839698428,Nigeria,0.0002397158708228,0.023193137154188664,2020,OIL,SEPLAT Energy,Idama,ONSHORE,Small,0.23971587082280002
s_3736,4.641857044,6.839698428,Nigeria,0.0001046166272026,0.010121932164900892,2021,OIL,SEPLAT Energy,Idama,ONSHORE,Small,0.1046166272026
s_3736,4.641857044,6.839698428,Nigeria,7.54923139825985e-05,0.007304078725683391,2022,OIL,SEPLAT Energy,Idama,ONSHORE,Small,0.0754923139825985
s_3736,4.641857044,6.839698428,Nigeria,0.0,0.0,2023,OIL,SEPLAT Energy,Idama,ONSHORE,Small,0.0
s_3736,4.641857044,6.839698428,Nigeria,0.0,0.0,2024,OIL,SEPLAT Energy,Idama,ONSHORE,Small,0.0
s_3736,4.641857044,6.839698428,Nigeria,0.0,0.0,2025,OIL,SEPLAT Energy,Idama,ONSHORE,Small,0.0
s_3739,5.100090826,6.506639657,Nigeria,0.0866158576053746,8.38031064974467,2012,OIL,Oando Oil,Oshi,ONSHORE,Medium,86.6158576053746
s_3739,5.100090826,6.506639657,Nigeria,0.100777521027325,9.75048860646222,2013,OIL,Oando Oil,Oshi,ONSHORE,Medium,100.777521027325
s_3739,5.100090826,6.506639657,Nigeria,0.0938419728550205,9.079456190262093,2014,OIL,Oando Oil,Oshi,ONSHORE,Medium,93.8419728550205
s_3739,5.100090826,6.506639657,Nigeria,0.100125764756973,9.687429483520166,2015,OIL,Oando Oil,Oshi,ONSHORE,Medium,100.125764756973
s_3739,5.100090826,6.506639657,Nigeria,0.0929397447333157,8.99216326093188,2016,OIL,Oando Oil,Oshi,ONSHORE,Medium,92.9397447333157
s_3739,5.100090826,6.506639657,Nigeria,0.0807660432422093,7.814325817844541,2017,OIL,Oando Oil,Oshi,ONSHORE,Medium,80.7660432422093
s_3739,5.100090826,6.506639657,Nigeria,0.0707549437074575,6.845725767389938,2018,OIL,Oando Oil,Oshi,ONSHORE,Medium,70.7549437074575
s_3739,5.100090826,6.506639657,Nigeria,0.0492168663332563,4.761860477775314,2019,OIL,Oando Oil,Oshi,ONSHORE,Small,49.216866333256306
s_3739,5.100090826,6.506639657,Nigeria,0.0378157638126044,3.6587740047653043,2020,OIL,Oando Oil,Oshi,ONSHORE,Small,37.8157638126044
s_3739,5.100090826,6.506639657,Nigeria,0.0376525385828224,3.642981537089452,2021,OIL,Oando Oil,Oshi,ONSHORE,Small,37.6525385828224
s_3739,5.100090826,6.506639657,Nigeria,0.0330117408282292,3.1939722226135845,2022,OIL,Oando Oil,Oshi,ONSHORE,Small,33.0117408282292
s_3739,5.100090826,6.506639657,Nigeria,0.0205463819696687,1.9879161667903662,2023,OIL,Oando Oil,Oshi,ONSHORE,Small,20.546381969668698
s_3739,5.100090826,6.506639657,Nigeria,0.0389096903772414,3.764614259576765,2024,OIL,Oando Oil,Oshi,ONSHORE,Small,38.909690377241404
s_3739,5.100090826,6.506639657,Nigeria,0.0396060265962235,3.831986609087237,2025,OIL,Oando Oil,Oshi,ONSHORE,Small,39.606026596223494
s_3740,4.951467154,6.43527191,Nigeria,5.97354859161549e-05,0.0057795644196191945,2012,GAS,Renaissance Africa Energy ,Zarama,ONSHORE,Small,0.0597354859161549
s_3740,4.951467154,6.43527191,Nigeria,0.0,0.0,2013,GAS,Renaissance Africa Energy ,Zarama,ONSHORE,Small,0.0
s_3740,4.951467154,6.43527191,Nigeria,0.0,0.0,2014,GAS,Renaissance Africa Energy ,Zarama,ONSHORE,Small,0.0
s_3740,4.951467154,6.43527191,Nigeria,0.0,0.0,2015,GAS,Renaissance Africa Energy ,Zarama,ONSHORE,Small,0.0
s_3740,4.951467154,6.43527191,Nigeria,0.0,0.0,2016,GAS,Renaissance Africa Energy ,Zarama,ONSHORE,Small,0.0
s_3740,4.951467154,6.43527191,Nigeria,0.0,0.0,2017,GAS,Renaissance Africa Energy ,Zarama,ONSHORE,Small,0.0
s_3740,4.951467154,6.43527191,Nigeria,0.000341121412968,0.03300438844554365,2018,GAS,Renaissance Africa Energy ,Zarama,ONSHORE,Small,0.341121412968
s_3740,4.951467154,6.43527191,Nigeria,0.0004460239134771,0.04315397960016274,2019,GAS,Renaissance Africa Energy ,Zarama,ONSHORE,Small,0.44602391347709996
s_3740,4.951467154,6.43527191,Nigeria,0.0001605087597051,0.015529642094665261,2020,GAS,Renaissance Africa Energy ,Zarama,ONSHORE,Small,0.1605087597051
s_3740,4.951467154,6.43527191,Nigeria,0.0021464282689637,0.2076725460973021,2021,GAS,Renaissance Africa Energy ,Zarama,ONSHORE,Small,2.1464282689637
s_3740,4.951467154,6.43527191,Nigeria,0.0002836667920697,0.02744550367891416,2022,GAS,Renaissance Africa Energy ,Zarama,ONSHORE,Small,0.28366679206969997
s_3740,4.951467154,6.43527191,Nigeria,0.0,0.0,2023,GAS,Renaissance Africa Energy ,Zarama,ONSHORE,Small,0.0
s_3740,4.951467154,6.43527191,Nigeria,0.0,0.0,2024,GAS,Renaissance Africa Energy ,Zarama,ONSHORE,Small,0.0
s_3740,4.951467154,6.43527191,Nigeria,0.0,0.0,2025,GAS,Renaissance Africa Energy ,Zarama,ONSHORE,Small,0.0
s_3747,5.025668594,6.358553943,Nigeria,0.0072648484782317,0.7028930816373825,2012,OIL,Renaissance Africa Energy ,Gbaran/Ubie Gas Plant,ONSHORE,Small,7.2648484782317
s_3747,5.025668594,6.358553943,Nigeria,0.0054695965710011,0.5291977665637432,2013,OIL,Renaissance Africa Energy ,Gbaran/Ubie Gas Plant,ONSHORE,Small,5.4695965710011
s_3747,5.025668594,6.358553943,Nigeria,0.0033798659680267,0.3270108678668348,2014,OIL,Renaissance Africa Energy ,Gbaran/Ubie Gas Plant,ONSHORE,Small,3.3798659680267003
s_3747,5.025668594,6.358553943,Nigeria,0.0032743999907553,0.31680675886245313,2015,OIL,Renaissance Africa Energy ,Gbaran/Ubie Gas Plant,ONSHORE,Small,3.2743999907553003
s_3747,5.025668594,6.358553943,Nigeria,0.0017021215984395,0.16468471424195477,2016,OIL,Renaissance Africa Energy ,Gbaran/Ubie Gas Plant,ONSHORE,Small,1.7021215984395
s_3747,5.025668594,6.358553943,Nigeria,0.0029436524463439,0.2848060693185588,2017,OIL,Renaissance Africa Energy ,Gbaran/Ubie Gas Plant,ONSHORE,Small,2.9436524463438998
s_3747,5.025668594,6.358553943,Nigeria,1.99103853903193e-05,0.001926381835150934,2018,OIL,Renaissance Africa Energy ,Gbaran/Ubie Gas Plant,ONSHORE,Small,0.0199103853903193
s_3747,5.025668594,6.358553943,Nigeria,0.0053350795282975,0.5161828910350942,2019,OIL,Renaissance Africa Energy ,Gbaran/Ubie Gas Plant,ONSHORE,Small,5.3350795282975
s_3747,5.025668594,6.358553943,Nigeria,0.0046799722179238,0.4527995462108359,2020,OIL,Renaissance Africa Energy ,Gbaran/Ubie Gas Plant,ONSHORE,Small,4.6799722179238
s_3747,5.025668594,6.358553943,Nigeria,0.0003829820449114,0.037054514015835864,2021,OIL,Renaissance Africa Energy ,Gbaran/Ubie Gas Plant,ONSHORE,Small,0.3829820449114
s_3747,5.025668594,6.358553943,Nigeria,0.0,0.0,2022,OIL,Renaissance Africa Energy ,Gbaran/Ubie Gas Plant,ONSHORE,Small,0.0
s_3747,5.025668594,6.358553943,Nigeria,0.0001894808454798,0.018332767130605204,2023,OIL,Renaissance Africa Energy ,Gbaran/Ubie Gas Plant,ONSHORE,Small,0.18948084547980001
s_3747,5.025668594,6.358553943,Nigeria,0.0013164878416984,0.12737364017463582,2024,OIL,Renaissance Africa Energy ,Gbaran/Ubie Gas Plant,ONSHORE,Small,1.3164878416984
s_3747,5.025668594,6.358553943,Nigeria,0.0029090957238699,0.2814626160829106,2025,OIL,Renaissance Africa Energy ,Gbaran/Ubie Gas Plant,ONSHORE,Small,2.9090957238699002
s_3749,5.237638158,6.627496286,Nigeria,0.0540671860036552,5.231141585326084,2012,OIL,TotalEnergies,Obagi,ONSHORE,Medium,54.067186003655195
s_3749,5.237638158,6.627496286,Nigeria,0.0833942324310594,8.068609992333826,2013,OIL,TotalEnergies,Obagi,ONSHORE,Medium,83.3942324310594
s_3749,5.237638158,6.627496286,Nigeria,0.0923498483540934,8.93508924416736,2014,OIL,TotalEnergies,Obagi,ONSHORE,Medium,92.34984835409341
s_3749,5.237638158,6.627496286,Nigeria,0.0478681260432924,4.63136632891841,2015,OIL,TotalEnergies,Obagi,ONSHORE,Small,47.8681260432924
s_3749,5.237638158,6.627496286,Nigeria,0.0206887772774446,2.0016932850596887,2016,OIL,TotalEnergies,Obagi,ONSHORE,Small,20.6887772774446
s_3749,5.237638158,6.627496286,Nigeria,0.0200499025588726,1.9398804859265961,2017,OIL,TotalEnergies,Obagi,ONSHORE,Small,20.0499025588726
s_3749,5.237638158,6.627496286,Nigeria,0.0169553279232092,1.6404723002588655,2018,OIL,TotalEnergies,Obagi,ONSHORE,Small,16.9553279232092
s_3749,5.237638158,6.627496286,Nigeria,0.019810975485339,1.9167636669721684,2019,OIL,TotalEnergies,Obagi,ONSHORE,Small,19.810975485339
s_3749,5.237638158,6.627496286,Nigeria,0.017844731451294,1.7265244166309957,2020,OIL,TotalEnergies,Obagi,ONSHORE,Small,17.844731451294003
s_3749,5.237638158,6.627496286,Nigeria,0.0091049618805866,0.8809288636387582,2021,OIL,TotalEnergies,Obagi,ONSHORE,Small,9.1049618805866
s_3749,5.237638158,6.627496286,Nigeria,0.013321677665539,1.2889071389400504,2022,OIL,TotalEnergies,Obagi,ONSHORE,Small,13.321677665539
s_3749,5.237638158,6.627496286,Nigeria,0.0109671193154618,1.0610974634127737,2023,OIL,TotalEnergies,Obagi,ONSHORE,Small,10.9671193154618
s_3749,5.237638158,6.627496286,Nigeria,0.0040474569002522,0.39160203573925423,2024,OIL,TotalEnergies,Obagi,ONSHORE,Small,4.047456900252199
s_3749,5.237638158,6.627496286,Nigeria,0.0102444505987521,0.9911773759101844,2025,OIL,TotalEnergies,Obagi,ONSHORE,Small,10.2444505987521
s_3751,5.630324776,5.156639932,Nigeria,0.0034593267402845,0.3346989053047699,2012,OIL,Renaissance Africa Energy ,Otumara,ONSHORE,Small,3.4593267402845
s_3751,5.630324776,5.156639932,Nigeria,0.0020403527648593,0.19740946377843607,2013,OIL,Renaissance Africa Energy ,Otumara,ONSHORE,Small,2.0403527648593003
s_3751,5.630324776,5.156639932,Nigeria,0.0008808055558528,0.08522024008233647,2014,OIL,Renaissance Africa Energy ,Otumara,ONSHORE,Small,0.8808055558528
s_3751,5.630324776,5.156639932,Nigeria,0.0004961605337411,0.04800482867510779,2015,OIL,Renaissance Africa Energy ,Otumara,ONSHORE,Small,0.4961605337411
s_3751,5.630324776,5.156639932,Nigeria,0.0001701268208029,0.01646021464888525,2016,OIL,Renaissance Africa Energy ,Otumara,ONSHORE,Small,0.1701268208029
s_3751,5.630324776,5.156639932,Nigeria,0.0007243849430277,0.07008613688532059,2017,OIL,Renaissance Africa Energy ,Otumara,ONSHORE,Small,0.7243849430277
s_3751,5.630324776,5.156639932,Nigeria,0.0071211515953742,0.688990032576409,2018,OIL,Renaissance Africa Energy ,Otumara,ONSHORE,Small,7.1211515953742
s_3751,5.630324776,5.156639932,Nigeria,0.015076209170429,1.4586626486381942,2019,OIL,Renaissance Africa Energy ,Otumara,ONSHORE,Small,15.076209170429
s_3751,5.630324776,5.156639932,Nigeria,1.46781553732206e-05,0.0014201499031878755,2020,OIL,Renaissance Africa Energy ,Otumara,ONSHORE,Small,0.0146781553732206
s_3751,5.630324776,5.156639932,Nigeria,0.0,0.0,2021,OIL,Renaissance Africa Energy ,Otumara,ONSHORE,Small,0.0
s_3751,5.630324776,5.156639932,Nigeria,1.17539536062603e-05,0.0011372257379465792,2022,OIL,Renaissance Africa Energy ,Otumara,ONSHORE,Small,0.0117539536062603
s_3751,5.630324776,5.156639932,Nigeria,2.67300207754559e-05,0.0025861993861797145,2023,OIL,Renaissance Africa Energy ,Otumara,ONSHORE,Small,0.0267300207754559
s_3751,5.630324776,5.156639932,Nigeria,0.0,0.0,2024,OIL,Renaissance Africa Energy ,Otumara,ONSHORE,Small,0.0
s_3751,5.630324776,5.156639932,Nigeria,0.0,0.0,2025,OIL,Renaissance Africa Energy ,Otumara,ONSHORE,Small,0.0
s_3753,4.993512929,5.55483872,Nigeria,0.0,0.0,2012,OIL,Renaissance Africa Energy ,Ogbotobo,ONSHORE,Small,0.0
s_3753,4.993512929,5.55483872,Nigeria,0.0,0.0,2013,OIL,Renaissance Africa Energy ,Ogbotobo,ONSHORE,Small,0.0
s_3753,4.993512929,5.55483872,Nigeria,0.0,0.0,2014,OIL,Renaissance Africa Energy ,Ogbotobo,ONSHORE,Small,0.0
s_3753,4.993512929,5.55483872,Nigeria,0.0,0.0,2015,OIL,Renaissance Africa Energy ,Ogbotobo,ONSHORE,Small,0.0
s_3753,4.993512929,5.55483872,Nigeria,0.0,0.0,2016,OIL,Renaissance Africa Energy ,Ogbotobo,ONSHORE,Small,0.0
s_3753,4.993512929,5.55483872,Nigeria,0.0,0.0,2017,OIL,Renaissance Africa Energy ,Ogbotobo,ONSHORE,Small,0.0
s_3753,4.993512929,5.55483872,Nigeria,0.0005334433331884,0.05161203698428368,2018,OIL,Renaissance Africa Energy ,Ogbotobo,ONSHORE,Small,0.5334433331884
s_3753,4.993512929,5.55483872,Nigeria,0.0103386868245028,1.0002949770987377,2019,OIL,Renaissance Africa Energy ,Ogbotobo,ONSHORE,Small,10.338686824502801
s_3753,4.993512929,5.55483872,Nigeria,0.0030589693413218,0.29596328036277314,2020,OIL,Renaissance Africa Energy ,Ogbotobo,ONSHORE,Small,3.0589693413218
s_3753,4.993512929,5.55483872,Nigeria,0.0020145240920995,0.19491047216902563,2021,OIL,Renaissance Africa Energy ,Ogbotobo,ONSHORE,Small,2.0145240920995002
s_3753,4.993512929,5.55483872,Nigeria,0.000480419851582,0.04648187652778683,2022,OIL,Renaissance Africa Energy ,Ogbotobo,ONSHORE,Small,0.480419851582
s_3753,4.993512929,5.55483872,Nigeria,0.0051747316910559,0.5006688186094472,2023,OIL,Renaissance Africa Energy ,Ogbotobo,ONSHORE,Small,5.1747316910559
s_3753,4.993512929,5.55483872,Nigeria,0.0034078450236613,0.32971791464079514,2024,OIL,Renaissance Africa Energy ,Ogbotobo,ONSHORE,Small,3.4078450236613
s_3753,4.993512929,5.55483872,Nigeria,0.002702458405719,0.26146991537186653,2025,OIL,Renaissance Africa Energy ,Ogbotobo,ONSHORE,Small,2.702458405719
s_3754,4.452109452,6.283374838,Nigeria,0.0018518861703531,0.17917482808092594,2012,OIL,Aiteo Eastern E&P Company,Nembe Creek,ONSHORE,Small,1.8518861703531
s_3754,4.452109452,6.283374838,Nigeria,0.000528510900712,0.05113481124809751,2013,OIL,Aiteo Eastern E&P Company,Nembe Creek,ONSHORE,Small,0.528510900712
s_3754,4.452109452,6.283374838,Nigeria,0.0004522444193278,0.04375582980252321,2014,OIL,Aiteo Eastern E&P Company,Nembe Creek,ONSHORE,Small,0.4522444193278
s_3754,4.452109452,6.283374838,Nigeria,0.0009089525375303,0.08794353413993043,2015,OIL,Aiteo Eastern E&P Company,Nembe Creek,ONSHORE,Small,0.9089525375303
s_3754,4.452109452,6.283374838,Nigeria,0.0046695964551868,0.45179566404228133,2016,OIL,Aiteo Eastern E&P Company,Nembe Creek,ONSHORE,Small,4.6695964551868006
s_3754,4.452109452,6.283374838,Nigeria,0.0042268295622784,0.4089568096964648,2017,OIL,Aiteo Eastern E&P Company,Nembe Creek,ONSHORE,Small,4.226829562278399
s_3754,4.452109452,6.283374838,Nigeria,0.0058514864462418,0.5661466103088487,2018,OIL,Aiteo Eastern E&P Company,Nembe Creek,ONSHORE,Small,5.8514864462418
s_3754,4.452109452,6.283374838,Nigeria,0.0026962365887942,0.26086793831965954,2019,OIL,Aiteo Eastern E&P Company,Nembe Creek,ONSHORE,Small,2.6962365887942
s_3754,4.452109452,6.283374838,Nigeria,0.0032695072991515,0.3163333781595794,2020,OIL,Aiteo Eastern E&P Company,Nembe Creek,ONSHORE,Small,3.2695072991515
s_3754,4.452109452,6.283374838,Nigeria,0.0034778072711907,0.3364869449807351,2021,OIL,Aiteo Eastern E&P Company,Nembe Creek,ONSHORE,Small,3.4778072711907
s_3754,4.452109452,6.283374838,Nigeria,0.0010954433022123,0.10598700313684326,2022,OIL,Aiteo Eastern E&P Company,Nembe Creek,ONSHORE,Small,1.0954433022123
s_3754,4.452109452,6.283374838,Nigeria,0.0010586585464804,0.10242798185909088,2023,OIL,Aiteo Eastern E&P Company,Nembe Creek,ONSHORE,Small,1.0586585464804001
s_3754,4.452109452,6.283374838,Nigeria,0.0041201576997427,0.398636028140403,2024,OIL,Aiteo Eastern E&P Company,Nembe Creek,ONSHORE,Small,4.1201576997427
s_3754,4.452109452,6.283374838,Nigeria,0.0057237710390554,0.5537898107969514,2025,OIL,Aiteo Eastern E&P Company,Nembe Creek,ONSHORE,Small,5.7237710390554
s_3756,4.430312101,6.77750392,Nigeria,0.0,0.0,2012,NA,NA,NA,ONSHORE,Small,0.0
s_3756,4.430312101,6.77750392,Nigeria,0.0,0.0,2013,NA,NA,NA,ONSHORE,Small,0.0
s_3756,4.430312101,6.77750392,Nigeria,0.0,0.0,2014,NA,NA,NA,ONSHORE,Small,0.0
s_3756,4.430312101,6.77750392,Nigeria,0.0,0.0,2015,NA,NA,NA,ONSHORE,Small,0.0
s_3756,4.430312101,6.77750392,Nigeria,0.0,0.0,2016,NA,NA,NA,ONSHORE,Small,0.0
s_3756,4.430312101,6.77750392,Nigeria,0.0,0.0,2017,NA,NA,NA,ONSHORE,Small,0.0
s_3756,4.430312101,6.77750392,Nigeria,0.0,0.0,2018,NA,NA,NA,ONSHORE,Small,0.0
s_3756,4.430312101,6.77750392,Nigeria,0.0080516253076472,0.7790157966321704,2019,NA,NA,NA,ONSHORE,Small,8.0516253076472
s_3756,4.430312101,6.77750392,Nigeria,0.0081350817845394,0.7870904289388356,2020,NA,NA,NA,ONSHORE,Small,8.1350817845394
s_3756,4.430312101,6.77750392,Nigeria,0.0183724270589547,1.7775803461450854,2021,NA,NA,NA,ONSHORE,Small,18.3724270589547
s_3756,4.430312101,6.77750392,Nigeria,0.0070279591626895,0.6799734210956178,2022,NA,NA,NA,ONSHORE,Small,7.0279591626895
s_3756,4.430312101,6.77750392,Nigeria,5.60455648513304e-05,0.005422554910608142,2023,NA,NA,NA,ONSHORE,Small,0.0560455648513304
s_3756,4.430312101,6.77750392,Nigeria,0.0001034467354456,0.01000874207914427,2024,NA,NA,NA,ONSHORE,Small,0.1034467354456
s_3756,4.430312101,6.77750392,Nigeria,0.0,0.0,2025,NA,NA,NA,ONSHORE,Small,0.0
s_3758,5.331263649,5.208952133,Nigeria,0.0064137681592728,0.6205488359306149,2012,OIL,Brittania-U Nigeria,Ajapa,OFFSHORE,Small,6.4137681592728
s_3758,5.331263649,5.208952133,Nigeria,0.0052218148607735,0.5052242383618651,2013,OIL,Brittania-U Nigeria,Ajapa,OFFSHORE,Small,5.2218148607735
s_3758,5.331263649,5.208952133,Nigeria,0.0021126325546745,0.20440272239291918,2014,OIL,Brittania-U Nigeria,Ajapa,OFFSHORE,Small,2.1126325546745
s_3758,5.331263649,5.208952133,Nigeria,0.0034111998935998,0.33004250707746197,2015,OIL,Brittania-U Nigeria,Ajapa,OFFSHORE,Small,3.4111998935998
s_3758,5.331263649,5.208952133,Nigeria,0.001240862467399,0.12005668751546289,2016,OIL,Brittania-U Nigeria,Ajapa,OFFSHORE,Small,1.240862467399
s_3758,5.331263649,5.208952133,Nigeria,0.0013356301101964,0.1292257046924858,2017,OIL,Brittania-U Nigeria,Ajapa,OFFSHORE,Small,1.3356301101963999
s_3758,5.331263649,5.208952133,Nigeria,0.0034045827937538,0.329402285369302,2018,OIL,Brittania-U Nigeria,Ajapa,OFFSHORE,Small,3.4045827937538
s_3758,5.331263649,5.208952133,Nigeria,0.0035242809279349,0.34098339275962114,2019,OIL,Brittania-U Nigeria,Ajapa,OFFSHORE,Small,3.5242809279348997
s_3758,5.331263649,5.208952133,Nigeria,0.0081981975062638,0.7931970400093297,2020,OIL,Brittania-U Nigeria,Ajapa,OFFSHORE,Small,8.198197506263801
s_3758,5.331263649,5.208952133,Nigeria,0.0085175266028,0.8240929648718182,2021,OIL,Brittania-U Nigeria,Ajapa,OFFSHORE,Small,8.5175266028
s_3758,5.331263649,5.208952133,Nigeria,0.0049727796601283,0.48112943168527833,2022,OIL,Brittania-U Nigeria,Ajapa,OFFSHORE,Small,4.9727796601283005
s_3758,5.331263649,5.208952133,Nigeria,0.0029663532114469,0.2870024276853692,2023,OIL,Brittania-U Nigeria,Ajapa,OFFSHORE,Small,2.9663532114469002
s_3758,5.331263649,5.208952133,Nigeria,0.001620033366675,0.15674246322818589,2024,OIL,Brittania-U Nigeria,Ajapa,OFFSHORE,Small,1.620033366675
s_3758,5.331263649,5.208952133,Nigeria,0.002213630060558,0.21417449510928865,2025,OIL,Brittania-U Nigeria,Ajapa,OFFSHORE,Small,2.2136300605579997
s_3759,5.007310517,6.811333775,Nigeria,0.0024604143258153,0.23805151790282425,2012,OIL,Renaissance Africa Energy ,Obele,ONSHORE,Small,2.4604143258152997
s_3759,5.007310517,6.811333775,Nigeria,0.0023131878089578,0.22380696752537513,2013,OIL,Renaissance Africa Energy ,Obele,ONSHORE,Small,2.3131878089578
s_3759,5.007310517,6.811333775,Nigeria,0.0005125662990269,0.04959212935356081,2014,OIL,Renaissance Africa Energy ,Obele,ONSHORE,Small,0.5125662990269
s_3759,5.007310517,6.811333775,Nigeria,0.0006965583659598,0.06739384281128959,2015,OIL,Renaissance Africa Energy ,Obele,ONSHORE,Small,0.6965583659598
s_3759,5.007310517,6.811333775,Nigeria,0.0002804047647758,0.02712989401081648,2016,OIL,Renaissance Africa Energy ,Obele,ONSHORE,Small,0.28040476477579995
s_3759,5.007310517,6.811333775,Nigeria,0.0002533902596339,0.024516170018499872,2017,OIL,Renaissance Africa Energy ,Obele,ONSHORE,Small,0.2533902596339
s_3759,5.007310517,6.811333775,Nigeria,0.0007672231835275,0.07423084863905517,2018,OIL,Renaissance Africa Energy ,Obele,ONSHORE,Small,0.7672231835275
s_3759,5.007310517,6.811333775,Nigeria,0.0010763164108853,0.10413642640048568,2019,OIL,Renaissance Africa Energy ,Obele,ONSHORE,Small,1.0763164108853
s_3759,5.007310517,6.811333775,Nigeria,0.0008025113060274,0.07764506673919502,2020,OIL,Renaissance Africa Energy ,Obele,ONSHORE,Small,0.8025113060274001
s_3759,5.007310517,6.811333775,Nigeria,0.0040091999557405,0.3879005763485411,2021,OIL,Renaissance Africa Energy ,Obele,ONSHORE,Small,4.009199955740501
s_3759,5.007310517,6.811333775,Nigeria,0.0006889164681011,0.06665446921643008,2022,OIL,Renaissance Africa Energy ,Obele,ONSHORE,Small,0.6889164681011
s_3759,5.007310517,6.811333775,Nigeria,0.0,0.0,2023,OIL,Renaissance Africa Energy ,Obele,ONSHORE,Small,0.0
s_3759,5.007310517,6.811333775,Nigeria,0.0,0.0,2024,OIL,Renaissance Africa Energy ,Obele,ONSHORE,Small,0.0
s_3759,5.007310517,6.811333775,Nigeria,0.0025201148310307,0.2438276978482008,2025,OIL,Renaissance Africa Energy ,Obele,ONSHORE,Small,2.5201148310306998
s_3760,4.527931479,6.933315322,Nigeria,0.0,0.0,2012,OIL,NNPC Limited,Akaso,ONSHORE,Small,0.0
s_3760,4.527931479,6.933315322,Nigeria,0.0,0.0,2013,OIL,NNPC Limited,Akaso,ONSHORE,Small,0.0
s_3760,4.527931479,6.933315322,Nigeria,0.0,0.0,2014,OIL,NNPC Limited,Akaso,ONSHORE,Small,0.0
s_3760,4.527931479,6.933315322,Nigeria,0.0,0.0,2015,OIL,NNPC Limited,Akaso,ONSHORE,Small,0.0
s_3760,4.527931479,6.933315322,Nigeria,0.0,0.0,2016,OIL,NNPC Limited,Akaso,ONSHORE,Small,0.0
s_3760,4.527931479,6.933315322,Nigeria,0.0,0.0,2017,OIL,NNPC Limited,Akaso,ONSHORE,Small,0.0
s_3760,4.527931479,6.933315322,Nigeria,0.0,0.0,2018,OIL,NNPC Limited,Akaso,ONSHORE,Small,0.0
s_3760,4.527931479,6.933315322,Nigeria,0.0,0.0,2019,OIL,NNPC Limited,Akaso,ONSHORE,Small,0.0
s_3760,4.527931479,6.933315322,Nigeria,0.0,0.0,2020,OIL,NNPC Limited,Akaso,ONSHORE,Small,0.0
s_3760,4.527931479,6.933315322,Nigeria,0.0,0.0,2021,OIL,NNPC Limited,Akaso,ONSHORE,Small,0.0
s_3760,4.527931479,6.933315322,Nigeria,0.0,0.0,2022,OIL,NNPC Limited,Akaso,ONSHORE,Small,0.0
s_3760,4.527931479,6.933315322,Nigeria,0.0,0.0,2023,OIL,NNPC Limited,Akaso,ONSHORE,Small,0.0
s_3760,4.527931479,6.933315322,Nigeria,0.0,0.0,2024,OIL,NNPC Limited,Akaso,ONSHORE,Small,0.0
s_3760,4.527931479,6.933315322,Nigeria,5.44595718154658e-05,0.005269105938372229,2025,OIL,NNPC Limited,Akaso,ONSHORE,Small,0.054459571815465804
s_3766,4.414189893,7.140095189,Nigeria,0.0326483825675655,3.1588163610231343,2012,LNG,Nigeria LNG,NLNG,OFFSHORE,Small,32.6483825675655
s_3766,4.414189893,7.140095189,Nigeria,0.0193135072224549,1.8686323120838815,2013,LNG,Nigeria LNG,NLNG,OFFSHORE,Small,19.3135072224549
s_3766,4.414189893,7.140095189,Nigeria,0.0410515821775865,3.9718478904762295,2014,LNG,Nigeria LNG,NLNG,OFFSHORE,Small,41.051582177586496
s_3766,4.414189893,7.140095189,Nigeria,0.0616208324436806,5.9619766247268,2015,LNG,Nigeria LNG,NLNG,OFFSHORE,Medium,61.6208324436806
s_3766,4.414189893,7.140095189,Nigeria,0.0628125484116904,6.077278259950274,2016,LNG,Nigeria LNG,NLNG,OFFSHORE,Medium,62.8125484116904
s_3766,4.414189893,7.140095189,Nigeria,0.0419699081442819,4.060698328391388,2017,LNG,Nigeria LNG,NLNG,OFFSHORE,Small,41.9699081442819
s_3766,4.414189893,7.140095189,Nigeria,0.0565350578069722,5.469914633672126,2018,LNG,Nigeria LNG,NLNG,OFFSHORE,Medium,56.5350578069722
s_3766,4.414189893,7.140095189,Nigeria,0.0816656724287596,7.901367293404563,2019,LNG,Nigeria LNG,NLNG,OFFSHORE,Medium,81.6656724287596
s_3766,4.414189893,7.140095189,Nigeria,0.0751767317885195,7.273545323428584,2020,LNG,Nigeria LNG,NLNG,OFFSHORE,Medium,75.17673178851949
s_3766,4.414189893,7.140095189,Nigeria,0.033451836734817,3.236552652050537,2021,LNG,Nigeria LNG,NLNG,OFFSHORE,Small,33.451836734817
s_3766,4.414189893,7.140095189,Nigeria,0.0296919977168371,2.872778398296022,2022,LNG,Nigeria LNG,NLNG,OFFSHORE,Small,29.6919977168371
s_3766,4.414189893,7.140095189,Nigeria,0.0291295484846082,2.8183599647539395,2023,LNG,Nigeria LNG,NLNG,OFFSHORE,Small,29.1295484846082
s_3766,4.414189893,7.140095189,Nigeria,0.0207848745854232,2.0109909508189308,2024,LNG,Nigeria LNG,NLNG,OFFSHORE,Small,20.7848745854232
s_3766,4.414189893,7.140095189,Nigeria,0.0459095702885101,4.441870939694181,2025,LNG,Nigeria LNG,NLNG,OFFSHORE,Small,45.9095702885101
s_3767,5.490086611,6.13561261,Nigeria,0.0052231105772337,0.5053496023165803,2012,OIL,Shoreline Natural Resources,Oweh,ONSHORE,Small,5.223110577233699
s_3767,5.490086611,6.13561261,Nigeria,0.0033574523234782,0.32484228916424707,2013,OIL,Shoreline Natural Resources,Oweh,ONSHORE,Small,3.3574523234781997
s_3767,5.490086611,6.13561261,Nigeria,0.0019668154497935,0.19029453630860388,2014,OIL,Shoreline Natural Resources,Oweh,ONSHORE,Small,1.9668154497935
s_3767,5.490086611,6.13561261,Nigeria,0.0018605418495076,0.18001228766632554,2015,OIL,Shoreline Natural Resources,Oweh,ONSHORE,Small,1.8605418495076
s_3767,5.490086611,6.13561261,Nigeria,0.0005711106528221,0.05525644862668535,2016,OIL,Shoreline Natural Resources,Oweh,ONSHORE,Small,0.5711106528220999
s_3767,5.490086611,6.13561261,Nigeria,0.0022764010886866,0.2202477561733099,2017,OIL,Shoreline Natural Resources,Oweh,ONSHORE,Small,2.2764010886866
s_3767,5.490086611,6.13561261,Nigeria,0.0051686959545152,0.500084845320843,2018,OIL,Shoreline Natural Resources,Oweh,ONSHORE,Small,5.1686959545152
s_3767,5.490086611,6.13561261,Nigeria,0.0086635534316525,0.8382214422986249,2019,OIL,Shoreline Natural Resources,Oweh,ONSHORE,Small,8.663553431652499
s_3767,5.490086611,6.13561261,Nigeria,0.0073121610916379,0.7074707006664716,2020,OIL,Shoreline Natural Resources,Oweh,ONSHORE,Small,7.3121610916379
s_3767,5.490086611,6.13561261,Nigeria,0.0049237971489512,0.4763902456814995,2021,OIL,Shoreline Natural Resources,Oweh,ONSHORE,Small,4.9237971489512
s_3767,5.490086611,6.13561261,Nigeria,0.0066426904851678,0.6426976693971458,2022,OIL,Shoreline Natural Resources,Oweh,ONSHORE,Small,6.6426904851678
s_3767,5.490086611,6.13561261,Nigeria,0.008664767242863,0.8383388817063196,2023,OIL,Shoreline Natural Resources,Oweh,ONSHORE,Small,8.664767242863
s_3767,5.490086611,6.13561261,Nigeria,0.0118737673236183,1.1488180283114147,2024,OIL,Shoreline Natural Resources,Oweh,ONSHORE,Small,11.8737673236183
s_3767,5.490086611,6.13561261,Nigeria,0.0136719461122374,1.3227965268106843,2025,OIL,Shoreline Natural Resources,Oweh,ONSHORE,Small,13.6719461122374
s_3768,4.927294327,6.852803136,Nigeria,0.0,0.0,2012,GAS,TotalEnergies,Ibewa,ONSHORE,Small,0.0
s_3768,4.927294327,6.852803136,Nigeria,0.0,0.0,2013,GAS,TotalEnergies,Ibewa,ONSHORE,Small,0.0
s_3768,4.927294327,6.852803136,Nigeria,0.0,0.0,2014,GAS,TotalEnergies,Ibewa,ONSHORE,Small,0.0
s_3768,4.927294327,6.852803136,Nigeria,0.0,0.0,2015,GAS,TotalEnergies,Ibewa,ONSHORE,Small,0.0
s_3768,4.927294327,6.852803136,Nigeria,0.0,0.0,2016,GAS,TotalEnergies,Ibewa,ONSHORE,Small,0.0
s_3768,4.927294327,6.852803136,Nigeria,0.0,0.0,2017,GAS,TotalEnergies,Ibewa,ONSHORE,Small,0.0
s_3768,4.927294327,6.852803136,Nigeria,0.0,0.0,2018,GAS,TotalEnergies,Ibewa,ONSHORE,Small,0.0
s_3768,4.927294327,6.852803136,Nigeria,0.0,0.0,2019,GAS,TotalEnergies,Ibewa,ONSHORE,Small,0.0
s_3768,4.927294327,6.852803136,Nigeria,0.0005385325178418,0.05210442890336755,2020,GAS,TotalEnergies,Ibewa,ONSHORE,Small,0.5385325178418
s_3768,4.927294327,6.852803136,Nigeria,0.0047499617634562,0.4595712177039271,2021,GAS,TotalEnergies,Ibewa,ONSHORE,Small,4.7499617634561995
s_3768,4.927294327,6.852803136,Nigeria,0.0011889263367627,0.11503173110781649,2022,GAS,TotalEnergies,Ibewa,ONSHORE,Small,1.1889263367627
s_3768,4.927294327,6.852803136,Nigeria,0.000167255315674,0.01618238902113295,2023,GAS,TotalEnergies,Ibewa,ONSHORE,Small,0.167255315674
s_3768,4.927294327,6.852803136,Nigeria,0.0012316646659652,0.11916677618235466,2024,GAS,TotalEnergies,Ibewa,ONSHORE,Small,1.2316646659652
s_3768,4.927294327,6.852803136,Nigeria,0.0,0.0,2025,GAS,TotalEnergies,Ibewa,ONSHORE,Small,0.0
s_3769,4.938238175,5.607027368,Nigeria,0.0,0.0,2012,OIL,Excel E&P,Eremor,ONSHORE,Small,0.0
s_3769,4.938238175,5.607027368,Nigeria,0.0,0.0,2013,OIL,Excel E&P,Eremor,ONSHORE,Small,0.0
s_3769,4.938238175,5.607027368,Nigeria,0.0,0.0,2014,OIL,Excel E&P,Eremor,ONSHORE,Small,0.0
s_3769,4.938238175,5.607027368,Nigeria,0.0,0.0,2015,OIL,Excel E&P,Eremor,ONSHORE,Small,0.0
s_3769,4.938238175,5.607027368,Nigeria,0.0,0.0,2016,OIL,Excel E&P,Eremor,ONSHORE,Small,0.0
s_3769,4.938238175,5.607027368,Nigeria,0.0,0.0,2017,OIL,Excel E&P,Eremor,ONSHORE,Small,0.0
s_3769,4.938238175,5.607027368,Nigeria,0.0,0.0,2018,OIL,Excel E&P,Eremor,ONSHORE,Small,0.0
s_3769,4.938238175,5.607027368,Nigeria,7.6395273880973e-05,0.00739144245631937,2019,OIL,Excel E&P,Eremor,ONSHORE,Small,0.076395273880973
s_3769,4.938238175,5.607027368,Nigeria,0.0002033773460748,0.019677289890641183,2020,OIL,Excel E&P,Eremor,ONSHORE,Small,0.20337734607480001
s_3769,4.938238175,5.607027368,Nigeria,0.0005888551647748,0.056973276544839066,2021,OIL,Excel E&P,Eremor,ONSHORE,Small,0.5888551647748
s_3769,4.938238175,5.607027368,Nigeria,0.0113666246693687,1.0997506507682524,2022,OIL,Excel E&P,Eremor,ONSHORE,Small,11.3666246693687
s_3769,4.938238175,5.607027368,Nigeria,0.0203707840771328,1.9709266116491375,2023,OIL,Excel E&P,Eremor,ONSHORE,Small,20.3707840771328
s_3769,4.938238175,5.607027368,Nigeria,0.0149580864386501,1.4472339655486184,2024,OIL,Excel E&P,Eremor,ONSHORE,Small,14.9580864386501
s_3769,4.938238175,5.607027368,Nigeria,0.0015925190639117,0.1540803825094553,2025,OIL,Excel E&P,Eremor,ONSHORE,Small,1.5925190639117002
s_3770,5.823106384,5.296098969,Nigeria,0.0,0.0,2012,NA,NA,NA,ONSHORE,Small,0.0
s_3770,5.823106384,5.296098969,Nigeria,0.0,0.0,2013,NA,NA,NA,ONSHORE,Small,0.0
s_3770,5.823106384,5.296098969,Nigeria,0.0,0.0,2014,NA,NA,NA,ONSHORE,Small,0.0
s_3770,5.823106384,5.296098969,Nigeria,0.0,0.0,2015,NA,NA,NA,ONSHORE,Small,0.0
s_3770,5.823106384,5.296098969,Nigeria,0.0,0.0,2016,NA,NA,NA,ONSHORE,Small,0.0
s_3770,5.823106384,5.296098969,Nigeria,0.0,0.0,2017,NA,NA,NA,ONSHORE,Small,0.0
s_3770,5.823106384,5.296098969,Nigeria,0.0,0.0,2018,NA,NA,NA,ONSHORE,Small,0.0
s_3770,5.823106384,5.296098969,Nigeria,0.0,0.0,2019,NA,NA,NA,ONSHORE,Small,0.0
s_3770,5.823106384,5.296098969,Nigeria,0.0,0.0,2020,NA,NA,NA,ONSHORE,Small,0.0
s_3770,5.823106384,5.296098969,Nigeria,0.0,0.0,2021,NA,NA,NA,ONSHORE,Small,0.0
s_3770,5.823106384,5.296098969,Nigeria,0.0,0.0,2022,NA,NA,NA,ONSHORE,Small,0.0
s_3770,5.823106384,5.296098969,Nigeria,0.0005229600770864,0.050597754551662016,2023,NA,NA,NA,ONSHORE,Small,0.5229600770864
s_3770,5.823106384,5.296098969,Nigeria,0.0012878878775118,0.12460651887512438,2024,NA,NA,NA,ONSHORE,Small,1.2878878775118
s_3770,5.823106384,5.296098969,Nigeria,0.0004923137327995,0.047632640627911935,2025,NA,NA,NA,ONSHORE,Small,0.49231373279949997
s_3772,5.376783219,5.307837655,Nigeria,0.0139104073734218,1.345868277202626,2012,OIL,Renaissance Africa Energy ,Forcados Yokri,OFFSHORE,Small,13.9104073734218
s_3772,5.376783219,5.307837655,Nigeria,0.0135140685177729,1.307521456831295,2013,OIL,Renaissance Africa Energy ,Forcados Yokri,OFFSHORE,Small,13.5140685177729
s_3772,5.376783219,5.307837655,Nigeria,0.0092951687070802,0.8993318713302683,2014,OIL,Renaissance Africa Energy ,Forcados Yokri,OFFSHORE,Small,9.2951687070802
s_3772,5.376783219,5.307837655,Nigeria,0.0077535596294367,0.7501771630783554,2015,OIL,Renaissance Africa Energy ,Forcados Yokri,OFFSHORE,Small,7.7535596294367
s_3772,5.376783219,5.307837655,Nigeria,0.0030919553110443,0.299154759163538,2016,OIL,Renaissance Africa Energy ,Forcados Yokri,OFFSHORE,Small,3.0919553110443
s_3772,5.376783219,5.307837655,Nigeria,0.0047299219294326,0.4576323113751088,2017,OIL,Renaissance Africa Energy ,Forcados Yokri,OFFSHORE,Small,4.7299219294326
s_3772,5.376783219,5.307837655,Nigeria,0.0071915249146108,0.6957988351786217,2018,OIL,Renaissance Africa Energy ,Forcados Yokri,OFFSHORE,Small,7.1915249146108
s_3772,5.376783219,5.307837655,Nigeria,0.0074718726526508,0.7229232117036734,2019,OIL,Renaissance Africa Energy ,Forcados Yokri,OFFSHORE,Small,7.4718726526507995
s_3772,5.376783219,5.307837655,Nigeria,0.0054612848558389,0.5283935863937703,2020,OIL,Renaissance Africa Energy ,Forcados Yokri,OFFSHORE,Small,5.4612848558389
s_3772,5.376783219,5.307837655,Nigeria,0.00211982040657,0.205098165853897,2021,OIL,Renaissance Africa Energy ,Forcados Yokri,OFFSHORE,Small,2.11982040657
s_3772,5.376783219,5.307837655,Nigeria,0.0,0.0,2022,OIL,Renaissance Africa Energy ,Forcados Yokri,OFFSHORE,Small,0.0
s_3772,5.376783219,5.307837655,Nigeria,0.0,0.0,2023,OIL,Renaissance Africa Energy ,Forcados Yokri,OFFSHORE,Small,0.0
s_3772,5.376783219,5.307837655,Nigeria,0.0,0.0,2024,OIL,Renaissance Africa Energy ,Forcados Yokri,OFFSHORE,Small,0.0
s_3772,5.376783219,5.307837655,Nigeria,0.0,0.0,2025,OIL,Renaissance Africa Energy ,Forcados Yokri,OFFSHORE,Small,0.0
s_3773,5.497099131,5.193366698,Nigeria,0.0,0.0,2012,OIL,Renaissance Africa Energy ,Escravos Beach,OFFSHORE,Small,0.0
s_3773,5.497099131,5.193366698,Nigeria,0.0,0.0,2013,OIL,Renaissance Africa Energy ,Escravos Beach,OFFSHORE,Small,0.0
s_3773,5.497099131,5.193366698,Nigeria,0.0,0.0,2014,OIL,Renaissance Africa Energy ,Escravos Beach,OFFSHORE,Small,0.0
s_3773,5.497099131,5.193366698,Nigeria,0.0,0.0,2015,OIL,Renaissance Africa Energy ,Escravos Beach,OFFSHORE,Small,0.0
s_3773,5.497099131,5.193366698,Nigeria,0.0,0.0,2016,OIL,Renaissance Africa Energy ,Escravos Beach,OFFSHORE,Small,0.0
s_3773,5.497099131,5.193366698,Nigeria,0.0,0.0,2017,OIL,Renaissance Africa Energy ,Escravos Beach,OFFSHORE,Small,0.0
s_3773,5.497099131,5.193366698,Nigeria,3.56698122094922e-05,0.0034511475773352086,2018,OIL,Renaissance Africa Energy ,Escravos Beach,OFFSHORE,Small,0.035669812209492203
s_3773,5.497099131,5.193366698,Nigeria,0.0061149598241903,0.5916383483830211,2019,OIL,Renaissance Africa Energy ,Escravos Beach,OFFSHORE,Small,6.1149598241903
s_3773,5.497099131,5.193366698,Nigeria,0.0028757763122882,0.2782388759106027,2020,OIL,Renaissance Africa Energy ,Escravos Beach,OFFSHORE,Small,2.8757763122882003
s_3773,5.497099131,5.193366698,Nigeria,0.0038074314037458,0.3683789414907708,2021,OIL,Renaissance Africa Energy ,Escravos Beach,OFFSHORE,Small,3.8074314037457997
s_3773,5.497099131,5.193366698,Nigeria,0.0022910190530413,0.22166208243810784,2022,OIL,Renaissance Africa Energy ,Escravos Beach,OFFSHORE,Small,2.2910190530413
s_3773,5.497099131,5.193366698,Nigeria,0.0,0.0,2023,OIL,Renaissance Africa Energy ,Escravos Beach,OFFSHORE,Small,0.0
s_3773,5.497099131,5.193366698,Nigeria,0.0,0.0,2024,OIL,Renaissance Africa Energy ,Escravos Beach,OFFSHORE,Small,0.0
s_3773,5.497099131,5.193366698,Nigeria,9.69003895522388e-05,0.009375366000863162,2025,OIL,Renaissance Africa Energy ,Escravos Beach,OFFSHORE,Small,0.0969003895522388
s_3774,4.34839904,7.111655564,Nigeria,0.0067247919576416,0.6506412014841525,2012,OIL,SEPLAT Energy,Inda,OFFSHORE,Small,6.7247919576415995
s_3774,4.34839904,7.111655564,Nigeria,0.0049200808897777,0.47603068789162245,2013,OIL,SEPLAT Energy,Inda,OFFSHORE,Small,4.9200808897777
s_3774,4.34839904,7.111655564,Nigeria,0.0036754059120599,0.3556051300363603,2014,OIL,SEPLAT Energy,Inda,OFFSHORE,Small,3.6754059120599
s_3774,4.34839904,7.111655564,Nigeria,0.0013799133362931,0.13351022258012255,2015,OIL,SEPLAT Energy,Inda,OFFSHORE,Small,1.3799133362931
s_3774,4.34839904,7.111655564,Nigeria,0.000595919697442,0.057656788548104514,2016,OIL,SEPLAT Energy,Inda,OFFSHORE,Small,0.595919697442
s_3774,4.34839904,7.111655564,Nigeria,0.0,0.0,2017,OIL,SEPLAT Energy,Inda,OFFSHORE,Small,0.0
s_3774,4.34839904,7.111655564,Nigeria,0.0,0.0,2018,OIL,SEPLAT Energy,Inda,OFFSHORE,Small,0.0
s_3774,4.34839904,7.111655564,Nigeria,0.0003563245135659,0.03447532817150228,2019,OIL,SEPLAT Energy,Inda,OFFSHORE,Small,0.3563245135659
s_3774,4.34839904,7.111655564,Nigeria,9.08482930597797e-05,0.008789809844159007,2020,OIL,SEPLAT Energy,Inda,OFFSHORE,Small,0.0908482930597797
s_3774,4.34839904,7.111655564,Nigeria,0.0,0.0,2021,OIL,SEPLAT Energy,Inda,OFFSHORE,Small,0.0
s_3774,4.34839904,7.111655564,Nigeria,0.0,0.0,2022,OIL,SEPLAT Energy,Inda,OFFSHORE,Small,0.0
s_3774,4.34839904,7.111655564,Nigeria,0.0,0.0,2023,OIL,SEPLAT Energy,Inda,OFFSHORE,Small,0.0
s_3774,4.34839904,7.111655564,Nigeria,0.0,0.0,2024,OIL,SEPLAT Energy,Inda,OFFSHORE,Small,0.0
s_3774,4.34839904,7.111655564,Nigeria,0.0,0.0,2025,OIL,SEPLAT Energy,Inda,OFFSHORE,Small,0.0
s_3775,5.673586366,5.274819083,Nigeria,0.034393708639279,3.327681220997113,2012,OIL,NEPL,Abiteye,ONSHORE,Small,34.393708639279
s_3775,5.673586366,5.274819083,Nigeria,0.0181262341982791,1.7537605432908467,2013,OIL,NEPL,Abiteye,ONSHORE,Small,18.1262341982791
s_3775,5.673586366,5.274819083,Nigeria,0.0015257743198236,0.14762265403848213,2014,OIL,NEPL,Abiteye,ONSHORE,Small,1.5257743198236
s_3775,5.673586366,5.274819083,Nigeria,0.0012563494913444,0.12155509756750897,2015,OIL,NEPL,Abiteye,ONSHORE,Small,1.2563494913444
s_3775,5.673586366,5.274819083,Nigeria,0.0079403759635808,0.7682521317718122,2016,OIL,NEPL,Abiteye,ONSHORE,Small,7.9403759635808
s_3775,5.673586366,5.274819083,Nigeria,0.0057599057813297,0.5572859415734513,2017,OIL,NEPL,Abiteye,ONSHORE,Small,5.759905781329699
s_3775,5.673586366,5.274819083,Nigeria,0.003366535676071,0.32572112727280267,2018,OIL,NEPL,Abiteye,ONSHORE,Small,3.366535676071
s_3775,5.673586366,5.274819083,Nigeria,0.0011131114887237,0.1076964463690254,2019,OIL,NEPL,Abiteye,ONSHORE,Small,1.1131114887237
s_3775,5.673586366,5.274819083,Nigeria,0.0011690301917718,0.11310672706853583,2020,OIL,NEPL,Abiteye,ONSHORE,Small,1.1690301917718
s_3775,5.673586366,5.274819083,Nigeria,0.0009445511471737,0.09138779268286237,2021,OIL,NEPL,Abiteye,ONSHORE,Small,0.9445511471736999
s_3775,5.673586366,5.274819083,Nigeria,0.0033286659102738,0.32205712843485873,2022,OIL,NEPL,Abiteye,ONSHORE,Small,3.3286659102738
s_3775,5.673586366,5.274819083,Nigeria,0.0070165756498357,0.6788720364688575,2023,OIL,NEPL,Abiteye,ONSHORE,Small,7.0165756498356995
s_3775,5.673586366,5.274819083,Nigeria,0.0018320855996333,0.17725907110221925,2024,OIL,NEPL,Abiteye,ONSHORE,Small,1.8320855996333
s_3775,5.673586366,5.274819083,Nigeria,0.0088845165761675,0.8596002041601853,2025,OIL,NEPL,Abiteye,ONSHORE,Small,8.8845165761675
s_3776a,5.677122709,5.36383604,Nigeria,0.0,0.0,2012,OIL,NEPL,Jones Creek,ONSHORE,Small,0.0
s_3776a,5.677122709,5.36383604,Nigeria,0.0,0.0,2013,OIL,NEPL,Jones Creek,ONSHORE,Small,0.0
s_3776a,5.677122709,5.36383604,Nigeria,0.0,0.0,2014,OIL,NEPL,Jones Creek,ONSHORE,Small,0.0
s_3776a,5.677122709,5.36383604,Nigeria,0.0,0.0,2015,OIL,NEPL,Jones Creek,ONSHORE,Small,0.0
s_3776a,5.677122709,5.36383604,Nigeria,0.0001085480347851,0.010502306125777858,2016,OIL,NEPL,Jones Creek,ONSHORE,Small,0.1085480347851
s_3776a,5.677122709,5.36383604,Nigeria,0.0001769795255298,0.0171232317451777,2017,OIL,NEPL,Jones Creek,ONSHORE,Small,0.1769795255298
s_3776a,5.677122709,5.36383604,Nigeria,0.0006162739598793,0.05962611664790987,2018,OIL,NEPL,Jones Creek,ONSHORE,Small,0.6162739598793
s_3776a,5.677122709,5.36383604,Nigeria,0.0005147209182334,0.049800594394277045,2019,OIL,NEPL,Jones Creek,ONSHORE,Small,0.5147209182333999
s_3776a,5.677122709,5.36383604,Nigeria,0.0002635193076699,0.025496181894784743,2020,OIL,NEPL,Jones Creek,ONSHORE,Small,0.2635193076699
s_3776a,5.677122709,5.36383604,Nigeria,0.0001117773523876,0.010814751045724704,2021,OIL,NEPL,Jones Creek,ONSHORE,Small,0.1117773523876
s_3776a,5.677122709,5.36383604,Nigeria,0.0001761085120659,0.017038958915589746,2022,OIL,NEPL,Jones Creek,ONSHORE,Small,0.1761085120659
s_3776a,5.677122709,5.36383604,Nigeria,2.26566981334405e-05,0.0021920947723080672,2023,OIL,NEPL,Jones Creek,ONSHORE,Small,0.0226566981334405
s_3776a,5.677122709,5.36383604,Nigeria,4.63250853860631e-06,0.00044820731115992134,2024,OIL,NEPL,Jones Creek,ONSHORE,Small,0.00463250853860631
s_3776a,5.677122709,5.36383604,Nigeria,3.5268664711377e-06,0.00034123355082347736,2025,OIL,NEPL,Jones Creek,ONSHORE,Small,0.0035268664711377
s_3776b,5.672219116,5.381699793,Nigeria,0.0,0.0,2012,OIL,NEPL,Jones Creek,ONSHORE,Small,0.0
s_3776b,5.672219116,5.381699793,Nigeria,0.0,0.0,2013,OIL,NEPL,Jones Creek,ONSHORE,Small,0.0
s_3776b,5.672219116,5.381699793,Nigeria,0.0,0.0,2014,OIL,NEPL,Jones Creek,ONSHORE,Small,0.0
s_3776b,5.672219116,5.381699793,Nigeria,0.0,0.0,2015,OIL,NEPL,Jones Creek,ONSHORE,Small,0.0
s_3776b,5.672219116,5.381699793,Nigeria,0.0,0.0,2016,OIL,NEPL,Jones Creek,ONSHORE,Small,0.0
s_3776b,5.672219116,5.381699793,Nigeria,0.0,0.0,2017,OIL,NEPL,Jones Creek,ONSHORE,Small,0.0
s_3776b,5.672219116,5.381699793,Nigeria,0.0,0.0,2018,OIL,NEPL,Jones Creek,ONSHORE,Small,0.0
s_3776b,5.672219116,5.381699793,Nigeria,0.0,0.0,2019,OIL,NEPL,Jones Creek,ONSHORE,Small,0.0
s_3776b,5.672219116,5.381699793,Nigeria,0.0,0.0,2020,OIL,NEPL,Jones Creek,ONSHORE,Small,0.0
s_3776b,5.672219116,5.381699793,Nigeria,0.0,0.0,2021,OIL,NEPL,Jones Creek,ONSHORE,Small,0.0
s_3776b,5.672219116,5.381699793,Nigeria,0.0,0.0,2022,OIL,NEPL,Jones Creek,ONSHORE,Small,0.0
s_3776b,5.672219116,5.381699793,Nigeria,0.0,0.0,2023,OIL,NEPL,Jones Creek,ONSHORE,Small,0.0
s_3776b,5.672219116,5.381699793,Nigeria,0.0,0.0,2024,OIL,NEPL,Jones Creek,ONSHORE,Small,0.0
s_3776b,5.672219116,5.381699793,Nigeria,4.43485729322398e-05,0.00429084036480135,2025,OIL,NEPL,Jones Creek,ONSHORE,Small,0.0443485729322398
s_3777,5.414077279,5.364028697,Nigeria,0.0,0.0,2012,OIL,Renaissance Africa Energy ,Forcados Yokri,ONSHORE,Small,0.0
s_3777,5.414077279,5.364028697,Nigeria,0.0,0.0,2013,OIL,Renaissance Africa Energy ,Forcados Yokri,ONSHORE,Small,0.0
s_3777,5.414077279,5.364028697,Nigeria,0.0,0.0,2014,OIL,Renaissance Africa Energy ,Forcados Yokri,ONSHORE,Small,0.0
s_3777,5.414077279,5.364028697,Nigeria,0.0,0.0,2015,OIL,Renaissance Africa Energy ,Forcados Yokri,ONSHORE,Small,0.0
s_3777,5.414077279,5.364028697,Nigeria,0.0,0.0,2016,OIL,Renaissance Africa Energy ,Forcados Yokri,ONSHORE,Small,0.0
s_3777,5.414077279,5.364028697,Nigeria,0.0015367487350947,0.1486844574046756,2017,OIL,Renaissance Africa Energy ,Forcados Yokri,ONSHORE,Small,1.5367487350947
s_3777,5.414077279,5.364028697,Nigeria,0.005917260287077,0.5725104013520218,2018,OIL,Renaissance Africa Energy ,Forcados Yokri,ONSHORE,Small,5.917260287077
s_3777,5.414077279,5.364028697,Nigeria,0.0034254344810355,0.3314197406231438,2019,OIL,Renaissance Africa Energy ,Forcados Yokri,ONSHORE,Small,3.4254344810355
s_3777,5.414077279,5.364028697,Nigeria,0.0019999058548161,0.19349611949766246,2020,OIL,Renaissance Africa Energy ,Forcados Yokri,ONSHORE,Small,1.9999058548161
s_3777,5.414077279,5.364028697,Nigeria,0.0108654698159937,1.0512626086126884,2021,OIL,Renaissance Africa Energy ,Forcados Yokri,ONSHORE,Small,10.8654698159937
s_3777,5.414077279,5.364028697,Nigeria,0.0015742709842678,0.15231483310077895,2022,OIL,Renaissance Africa Energy ,Forcados Yokri,ONSHORE,Small,1.5742709842678
s_3777,5.414077279,5.364028697,Nigeria,1.25928942199716e-05,0.0012183954354356898,2023,OIL,Renaissance Africa Energy ,Forcados Yokri,ONSHORE,Small,0.0125928942199716
s_3777,5.414077279,5.364028697,Nigeria,6.64888785377936e-06,0.0006432972810111354,2024,OIL,Renaissance Africa Energy ,Forcados Yokri,ONSHORE,Small,0.00664888785377936
s_3777,5.414077279,5.364028697,Nigeria,3.51147383312337e-06,0.0003397442728570008,2025,OIL,Renaissance Africa Energy ,Forcados Yokri,ONSHORE,Small,0.00351147383312337
s_3779,4.641770285,7.053277473,Nigeria,0.0006303599015717,0.060988968329345826,2012,OIL,NNPC Limited,Alakiri,ONSHORE,Small,0.6303599015717001
s_3779,4.641770285,7.053277473,Nigeria,0.0012465982458524,0.1206116390749868,2013,OIL,NNPC Limited,Alakiri,ONSHORE,Small,1.2465982458524
s_3779,4.641770285,7.053277473,Nigeria,0.0002087605605658,0.02019812996514952,2014,OIL,NNPC Limited,Alakiri,ONSHORE,Small,0.2087605605658
s_3779,4.641770285,7.053277473,Nigeria,0.0006009630020693,0.05814474145472616,2015,OIL,NNPC Limited,Alakiri,ONSHORE,Small,0.6009630020693
s_3779,4.641770285,7.053277473,Nigeria,0.0027806743124433,0.2690375088151763,2016,OIL,NNPC Limited,Alakiri,ONSHORE,Small,2.7806743124433
s_3779,4.641770285,7.053277473,Nigeria,0.0029338693661402,0.2838595307344591,2017,OIL,NNPC Limited,Alakiri,ONSHORE,Small,2.9338693661402
s_3779,4.641770285,7.053277473,Nigeria,0.0052419984521511,0.5071770535904855,2018,OIL,NNPC Limited,Alakiri,ONSHORE,Small,5.2419984521511
s_3779,4.641770285,7.053277473,Nigeria,0.005698902956576,0.551383758808292,2019,OIL,NNPC Limited,Alakiri,ONSHORE,Small,5.698902956576
s_3779,4.641770285,7.053277473,Nigeria,0.0083847733776047,0.8112487432979723,2020,OIL,NNPC Limited,Alakiri,ONSHORE,Small,8.3847733776047
s_3779,4.641770285,7.053277473,Nigeria,0.0022817119676443,0.22076159759587585,2021,OIL,NNPC Limited,Alakiri,ONSHORE,Small,2.2817119676443
s_3779,4.641770285,7.053277473,Nigeria,0.0006578558027415,0.06364926864580085,2022,OIL,NNPC Limited,Alakiri,ONSHORE,Small,0.6578558027414999
s_3779,4.641770285,7.053277473,Nigeria,0.0004388583377526,0.042460691416962286,2023,OIL,NNPC Limited,Alakiri,ONSHORE,Small,0.4388583377526
s_3779,4.641770285,7.053277473,Nigeria,0.0006507017020263,0.06295709069974752,2024,OIL,NNPC Limited,Alakiri,ONSHORE,Small,0.6507017020263
s_3779,4.641770285,7.053277473,Nigeria,0.0001338481553718,0.012950158930728787,2025,OIL,NNPC Limited,Alakiri,ONSHORE,Small,0.1338481553718
s_3780,5.624521427,5.172435242,Nigeria,0.0432428436495569,4.183858166164931,2012,OIL,Renaissance Africa Energy ,Saghara,ONSHORE,Small,43.242843649556896
s_3780,5.624521427,5.172435242,Nigeria,0.0355133371543051,3.4360082066973487,2013,OIL,Renaissance Africa Energy ,Saghara,ONSHORE,Small,35.513337154305106
s_3780,5.624521427,5.172435242,Nigeria,0.0258177338867885,2.497933244850792,2014,OIL,Renaissance Africa Energy ,Saghara,ONSHORE,Small,25.8177338867885
s_3780,5.624521427,5.172435242,Nigeria,0.0182854311038628,1.7691632600698897,2015,OIL,Renaissance Africa Energy ,Saghara,ONSHORE,Small,18.285431103862802
s_3780,5.624521427,5.172435242,Nigeria,0.0046978799298646,0.45453216415446673,2016,OIL,Renaissance Africa Energy ,Saghara,ONSHORE,Small,4.6978799298646
s_3780,5.624521427,5.172435242,Nigeria,0.0002359735040073,0.022831053381698954,2017,OIL,Renaissance Africa Energy ,Saghara,ONSHORE,Small,0.2359735040073
s_3780,5.624521427,5.172435242,Nigeria,0.0016894906990238,0.16346264170448127,2018,OIL,Renaissance Africa Energy ,Saghara,ONSHORE,Small,1.6894906990238001
s_3780,5.624521427,5.172435242,Nigeria,0.000771743634966,0.07466821413284627,2019,OIL,Renaissance Africa Energy ,Saghara,ONSHORE,Small,0.771743634966
s_3780,5.624521427,5.172435242,Nigeria,0.0001773205721312,0.01715622889540847,2020,OIL,Renaissance Africa Energy ,Saghara,ONSHORE,Small,0.17732057213119998
s_3780,5.624521427,5.172435242,Nigeria,0.0001299106157582,0.012569191679812875,2021,OIL,Renaissance Africa Energy ,Saghara,ONSHORE,Small,0.1299106157582
s_3780,5.624521427,5.172435242,Nigeria,0.0001724260637881,0.016682672418258264,2022,OIL,Renaissance Africa Energy ,Saghara,ONSHORE,Small,0.17242606378810002
s_3780,5.624521427,5.172435242,Nigeria,6.21065030155555e-05,0.006008966522169069,2023,OIL,Renaissance Africa Energy ,Saghara,ONSHORE,Small,0.062106503015555495
s_3780,5.624521427,5.172435242,Nigeria,1.84350754829679e-05,0.001783641744940437,2024,OIL,Renaissance Africa Energy ,Saghara,ONSHORE,Small,0.0184350754829679
s_3780,5.624521427,5.172435242,Nigeria,0.0001233102024684,0.011930584439586289,2025,OIL,Renaissance Africa Energy ,Saghara,ONSHORE,Small,0.1233102024684
s_3781,4.606243303,8.015667998,Nigeria,0.0004208092260348,0.04071439267526715,2012,GAS,Frontier Oil Ltd,Uquo,ONSHORE,Small,0.4208092260348
s_3781,4.606243303,8.015667998,Nigeria,0.0016875351629824,0.16327343848042075,2013,GAS,Frontier Oil Ltd,Uquo,ONSHORE,Small,1.6875351629824
s_3781,4.606243303,8.015667998,Nigeria,0.0,0.0,2014,GAS,Frontier Oil Ltd,Uquo,ONSHORE,Small,0.0
s_3781,4.606243303,8.015667998,Nigeria,0.0003984719351542,0.03855320138964833,2015,GAS,Frontier Oil Ltd,Uquo,ONSHORE,Small,0.39847193515420004
s_3781,4.606243303,8.015667998,Nigeria,0.0007176683053412,0.06943628463088583,2016,GAS,Frontier Oil Ltd,Uquo,ONSHORE,Small,0.7176683053412
s_3781,4.606243303,8.015667998,Nigeria,0.0006277761069413,0.06073897944444041,2017,GAS,Frontier Oil Ltd,Uquo,ONSHORE,Small,0.6277761069413
s_3781,4.606243303,8.015667998,Nigeria,5.18880890884753e-05,0.005020308262306781,2018,GAS,Frontier Oil Ltd,Uquo,ONSHORE,Small,0.0518880890884753
s_3781,4.606243303,8.015667998,Nigeria,0.0,0.0,2019,GAS,Frontier Oil Ltd,Uquo,ONSHORE,Small,0.0
s_3781,4.606243303,8.015667998,Nigeria,0.0021280693736694,0.20589627498476135,2020,GAS,Frontier Oil Ltd,Uquo,ONSHORE,Small,2.1280693736694
s_3781,4.606243303,8.015667998,Nigeria,0.0091667953587682,0.8869114142945155,2021,GAS,Frontier Oil Ltd,Uquo,ONSHORE,Small,9.1667953587682
s_3781,4.606243303,8.015667998,Nigeria,0.0077992587211084,0.7545986696616516,2022,GAS,Frontier Oil Ltd,Uquo,ONSHORE,Small,7.799258721108401
s_3781,4.606243303,8.015667998,Nigeria,0.002440370086511,0.23611218535158215,2023,GAS,Frontier Oil Ltd,Uquo,ONSHORE,Small,2.440370086511
s_3781,4.606243303,8.015667998,Nigeria,0.0011559672324585,0.11184285160650224,2024,GAS,Frontier Oil Ltd,Uquo,ONSHORE,Small,1.1559672324585
s_3781,4.606243303,8.015667998,Nigeria,0.0003131571967912,0.030298777427917964,2025,GAS,Frontier Oil Ltd,Uquo,ONSHORE,Small,0.31315719679119997
s_3782,3.9543006,7.7749147,Nigeria,0.0098411977228715,0.9521616060071838,2012,OIL,TotalEnergies,Ime,OFFSHORE,Small,9.8411977228715
s_3782,3.9543006,7.7749147,Nigeria,0.0105039211649408,1.0162818314826652,2013,OIL,TotalEnergies,Ime,OFFSHORE,Small,10.5039211649408
s_3782,3.9543006,7.7749147,Nigeria,0.0111708574706593,1.0808096625292436,2014,OIL,TotalEnergies,Ime,OFFSHORE,Small,11.170857470659302
s_3782,3.9543006,7.7749147,Nigeria,0.0084899651227967,0.8214263196317895,2015,OIL,TotalEnergies,Ime,OFFSHORE,Small,8.4899651227967
s_3782,3.9543006,7.7749147,Nigeria,0.0097616814712084,0.9444682007917546,2016,OIL,TotalEnergies,Ime,OFFSHORE,Small,9.7616814712084
s_3782,3.9543006,7.7749147,Nigeria,0.0088756293680142,0.8587403435389014,2017,OIL,TotalEnergies,Ime,OFFSHORE,Small,8.8756293680142
s_3782,3.9543006,7.7749147,Nigeria,0.0111784156529815,1.081540936427102,2018,OIL,TotalEnergies,Ime,OFFSHORE,Small,11.1784156529815
s_3782,3.9543006,7.7749147,Nigeria,0.0113060556231454,1.0938904372098692,2019,OIL,TotalEnergies,Ime,OFFSHORE,Small,11.3060556231454
s_3782,3.9543006,7.7749147,Nigeria,0.0116855247362386,1.1306050658889806,2020,OIL,TotalEnergies,Ime,OFFSHORE,Small,11.6855247362386
s_3782,3.9543006,7.7749147,Nigeria,0.0104780516067215,1.0137788840981674,2021,OIL,TotalEnergies,Ime,OFFSHORE,Small,10.4780516067215
s_3782,3.9543006,7.7749147,Nigeria,0.0122451819204704,1.184753361488525,2022,OIL,TotalEnergies,Ime,OFFSHORE,Small,12.2451819204704
s_3782,3.9543006,7.7749147,Nigeria,0.0048548203427204,0.46971655936328566,2023,OIL,TotalEnergies,Ime,OFFSHORE,Small,4.8548203427204
s_3782,3.9543006,7.7749147,Nigeria,0.0,0.0,2024,OIL,TotalEnergies,Ime,OFFSHORE,Small,0.0
s_3782,3.9543006,7.7749147,Nigeria,0.0,0.0,2025,OIL,TotalEnergies,Ime,OFFSHORE,Small,0.0
s_3783,5.600549759,5.454634538,Nigeria,0.0,0.0,2012,OIL,NEPL,Egwa,ONSHORE,Small,0.0
s_3783,5.600549759,5.454634538,Nigeria,0.0,0.0,2013,OIL,NEPL,Egwa,ONSHORE,Small,0.0
s_3783,5.600549759,5.454634538,Nigeria,0.0,0.0,2014,OIL,NEPL,Egwa,ONSHORE,Small,0.0
s_3783,5.600549759,5.454634538,Nigeria,0.0,0.0,2015,OIL,NEPL,Egwa,ONSHORE,Small,0.0
s_3783,5.600549759,5.454634538,Nigeria,0.0,0.0,2016,OIL,NEPL,Egwa,ONSHORE,Small,0.0
s_3783,5.600549759,5.454634538,Nigeria,0.0,0.0,2017,OIL,NEPL,Egwa,ONSHORE,Small,0.0
s_3783,5.600549759,5.454634538,Nigeria,0.0,0.0,2018,OIL,NEPL,Egwa,ONSHORE,Small,0.0
s_3783,5.600549759,5.454634538,Nigeria,0.0002169260259097,0.02098816008288353,2019,OIL,NEPL,Egwa,ONSHORE,Small,0.2169260259097
s_3783,5.600549759,5.454634538,Nigeria,0.0027419241217065,0.26528832656276746,2020,OIL,NEPL,Egwa,ONSHORE,Small,2.7419241217065
s_3783,5.600549759,5.454634538,Nigeria,0.0039200630358126,0.3792763463286692,2021,OIL,NEPL,Egwa,ONSHORE,Small,3.9200630358126
s_3783,5.600549759,5.454634538,Nigeria,0.0039911143658453,0.3861507482478232,2022,OIL,NEPL,Egwa,ONSHORE,Small,3.9911143658453
s_3783,5.600549759,5.454634538,Nigeria,0.0056519664584675,0.5468425299174754,2023,OIL,NEPL,Egwa,ONSHORE,Small,5.651966458467499
s_3783,5.600549759,5.454634538,Nigeria,0.0076231765379426,0.737562258135974,2024,OIL,NEPL,Egwa,ONSHORE,Small,7.6231765379426
s_3783,5.600549759,5.454634538,Nigeria,0.0197810204763235,1.913865441543177,2025,OIL,NEPL,Egwa,ONSHORE,Small,19.7810204763235
s_3784,5.539064258,5.894374925,Nigeria,0.0029064695759039,0.2812085294020681,2012,OIL,NEPL,Ughelli West,ONSHORE,Small,2.9064695759039
s_3784,5.539064258,5.894374925,Nigeria,0.0043354714075872,0.41946819223564497,2013,OIL,NEPL,Ughelli West,ONSHORE,Small,4.3354714075872
s_3784,5.539064258,5.894374925,Nigeria,0.002894125984254,0.2800142546419999,2014,OIL,NEPL,Ughelli West,ONSHORE,Small,2.894125984254
s_3784,5.539064258,5.894374925,Nigeria,0.0016826609497805,0.1628018456112361,2015,OIL,NEPL,Ughelli West,ONSHORE,Small,1.6826609497805
s_3784,5.539064258,5.894374925,Nigeria,0.0014930132189423,0.14445293188594313,2016,OIL,NEPL,Ughelli West,ONSHORE,Small,1.4930132189423
s_3784,5.539064258,5.894374925,Nigeria,0.0014010383509636,0.13555412297334823,2017,OIL,NEPL,Ughelli West,ONSHORE,Small,1.4010383509636
s_3784,5.539064258,5.894374925,Nigeria,0.0077995099334525,0.7546229751126488,2018,OIL,NEPL,Ughelli West,ONSHORE,Small,7.7995099334525
s_3784,5.539064258,5.894374925,Nigeria,0.0116662027361896,1.1287356118737268,2019,OIL,NEPL,Ughelli West,ONSHORE,Small,11.6662027361896
s_3784,5.539064258,5.894374925,Nigeria,0.0071634075383168,0.6930784055192742,2020,OIL,NEPL,Ughelli West,ONSHORE,Small,7.1634075383168
s_3784,5.539064258,5.894374925,Nigeria,0.0054983181122109,0.5319766507580691,2021,OIL,NEPL,Ughelli West,ONSHORE,Small,5.4983181122108995
s_3784,5.539064258,5.894374925,Nigeria,0.0060406318974171,0.5844469271637242,2022,OIL,NEPL,Ughelli West,ONSHORE,Small,6.0406318974171
s_3784,5.539064258,5.894374925,Nigeria,0.0081941329235484,0.7928037810062055,2023,OIL,NEPL,Ughelli West,ONSHORE,Small,8.1941329235484
s_3784,5.539064258,5.894374925,Nigeria,0.0225231640440697,2.179175000083949,2024,OIL,NEPL,Ughelli West,ONSHORE,Small,22.523164044069702
s_3784,5.539064258,5.894374925,Nigeria,0.0296525276637016,2.868959567474714,2025,OIL,NEPL,Ughelli West,ONSHORE,Small,29.652527663701598
s_3787,4.885980715,6.372027936,Nigeria,0.0043000848318305,0.4160444485255387,2012,OIL,Renaissance Africa Energy ,Kolo Creek,ONSHORE,Small,4.3000848318305005
s_3787,4.885980715,6.372027936,Nigeria,0.0061669655387631,0.5966700372184264,2013,OIL,Renaissance Africa Energy ,Kolo Creek,ONSHORE,Small,6.1669655387631
s_3787,4.885980715,6.372027936,Nigeria,0.0036375477982608,0.3519422585596925,2014,OIL,Renaissance Africa Energy ,Kolo Creek,ONSHORE,Small,3.6375477982608
s_3787,4.885980715,6.372027936,Nigeria,0.0036900832035745,0.35702519635896834,2015,OIL,Renaissance Africa Energy ,Kolo Creek,ONSHORE,Small,3.6900832035745
s_3787,4.885980715,6.372027936,Nigeria,0.0010963590229182,0.10607560150896593,2016,OIL,Renaissance Africa Energy ,Kolo Creek,ONSHORE,Small,1.0963590229182
s_3787,4.885980715,6.372027936,Nigeria,0.0242347115640713,2.344771696877764,2017,OIL,Renaissance Africa Energy ,Kolo Creek,ONSHORE,Small,24.2347115640713
s_3787,4.885980715,6.372027936,Nigeria,0.0053073141378256,0.5134965169241769,2018,OIL,Renaissance Africa Energy ,Kolo Creek,ONSHORE,Small,5.307314137825601
s_3787,4.885980715,6.372027936,Nigeria,0.0028738359543469,0.2780511412074046,2019,OIL,Renaissance Africa Energy ,Kolo Creek,ONSHORE,Small,2.8738359543469
s_3787,4.885980715,6.372027936,Nigeria,0.0007062950084262,0.06833588842291052,2020,OIL,Renaissance Africa Energy ,Kolo Creek,ONSHORE,Small,0.7062950084262
s_3787,4.885980715,6.372027936,Nigeria,0.0022060048321608,0.21343673432840568,2021,OIL,Renaissance Africa Energy ,Kolo Creek,ONSHORE,Small,2.2060048321608
s_3787,4.885980715,6.372027936,Nigeria,0.0079686867752511,0.770991276809485,2022,OIL,Renaissance Africa Energy ,Kolo Creek,ONSHORE,Small,7.968686775251101
s_3787,4.885980715,6.372027936,Nigeria,0.0,0.0,2023,OIL,Renaissance Africa Energy ,Kolo Creek,ONSHORE,Small,0.0
s_3787,4.885980715,6.372027936,Nigeria,0.0,0.0,2024,OIL,Renaissance Africa Energy ,Kolo Creek,ONSHORE,Small,0.0
s_3787,4.885980715,6.372027936,Nigeria,0.0,0.0,2025,OIL,Renaissance Africa Energy ,Kolo Creek,ONSHORE,Small,0.0
s_3788,4.892914302,7.119972929,Nigeria,0.0025985966920981,0.2514210230694488,2012,OIL,Heirs Energies,Obigbo North (OML 17),ONSHORE,Small,2.5985966920981003
s_3788,4.892914302,7.119972929,Nigeria,0.0104118815643015,1.0073767595159364,2013,OIL,Heirs Energies,Obigbo North (OML 17),ONSHORE,Small,10.411881564301499
s_3788,4.892914302,7.119972929,Nigeria,0.0117328065025884,1.1351797003847242,2014,OIL,Heirs Energies,Obigbo North (OML 17),ONSHORE,Small,11.7328065025884
s_3788,4.892914302,7.119972929,Nigeria,0.0048949566361038,0.47359985067022653,2015,OIL,Heirs Energies,Obigbo North (OML 17),ONSHORE,Small,4.8949566361037995
s_3788,4.892914302,7.119972929,Nigeria,0.0068026162255417,0.6581709028474203,2016,OIL,Heirs Energies,Obigbo North (OML 17),ONSHORE,Small,6.8026162255416995
s_3788,4.892914302,7.119972929,Nigeria,0.0044702595043407,0.4325092929521965,2017,OIL,Heirs Energies,Obigbo North (OML 17),ONSHORE,Small,4.4702595043407
s_3788,4.892914302,7.119972929,Nigeria,0.0061721227787323,0.5971690136672204,2018,OIL,Heirs Energies,Obigbo North (OML 17),ONSHORE,Small,6.172122778732301
s_3788,4.892914302,7.119972929,Nigeria,0.0088349840425062,0.8548078020432216,2019,OIL,Heirs Energies,Obigbo North (OML 17),ONSHORE,Small,8.8349840425062
s_3788,4.892914302,7.119972929,Nigeria,0.004020085536202,0.3889537847146786,2020,OIL,Heirs Energies,Obigbo North (OML 17),ONSHORE,Small,4.020085536202
s_3788,4.892914302,7.119972929,Nigeria,0.0064920724773054,0.6281249833991228,2021,OIL,Heirs Energies,Obigbo North (OML 17),ONSHORE,Small,6.4920724773054
s_3788,4.892914302,7.119972929,Nigeria,0.0313985970999978,3.037896349915332,2022,OIL,Heirs Energies,Obigbo North (OML 17),ONSHORE,Small,31.3985970999978
s_3788,4.892914302,7.119972929,Nigeria,0.0768609234449108,7.4364952689059045,2023,OIL,Heirs Energies,Obigbo North (OML 17),ONSHORE,Medium,76.8609234449108
s_3788,4.892914302,7.119972929,Nigeria,0.102635299648039,9.930233544519284,2024,OIL,Heirs Energies,Obigbo North (OML 17),ONSHORE,Medium,102.635299648039
s_3788,4.892914302,7.119972929,Nigeria,0.0473201446508844,4.578347696700033,2025,OIL,Heirs Energies,Obigbo North (OML 17),ONSHORE,Small,47.3201446508844
s_3790,4.675530468,6.809357711,Nigeria,0.001012734380878,0.0979846987846236,2012,OIL,SEPLAT Energy,Idama,ONSHORE,Small,1.012734380878
s_3790,4.675530468,6.809357711,Nigeria,0.0,0.0,2013,OIL,SEPLAT Energy,Idama,ONSHORE,Small,0.0
s_3790,4.675530468,6.809357711,Nigeria,0.0,0.0,2014,OIL,SEPLAT Energy,Idama,ONSHORE,Small,0.0
s_3790,4.675530468,6.809357711,Nigeria,0.0,0.0,2015,OIL,SEPLAT Energy,Idama,ONSHORE,Small,0.0
s_3790,4.675530468,6.809357711,Nigeria,0.001727065228674,0.16709807567341284,2016,OIL,SEPLAT Energy,Idama,ONSHORE,Small,1.727065228674
s_3790,4.675530468,6.809357711,Nigeria,0.0105756362998613,1.023220458259996,2017,OIL,SEPLAT Energy,Idama,ONSHORE,Small,10.5756362998613
s_3790,4.675530468,6.809357711,Nigeria,0.0065405068969124,0.6328111401107035,2018,OIL,SEPLAT Energy,Idama,ONSHORE,Small,6.5405068969124
s_3790,4.675530468,6.809357711,Nigeria,0.0009716217677847,0.0940069459935084,2019,OIL,SEPLAT Energy,Idama,ONSHORE,Small,0.9716217677847
s_3790,4.675530468,6.809357711,Nigeria,7.35263296743413e-05,0.007113864604491149,2020,OIL,SEPLAT Energy,Idama,ONSHORE,Small,0.07352632967434129
s_3790,4.675530468,6.809357711,Nigeria,0.0010106115978979,0.09777931398203607,2021,OIL,SEPLAT Energy,Idama,ONSHORE,Small,1.0106115978979
s_3790,4.675530468,6.809357711,Nigeria,0.0003926149977944,0.037986527389203245,2022,OIL,SEPLAT Energy,Idama,ONSHORE,Small,0.3926149977944
s_3790,4.675530468,6.809357711,Nigeria,0.0001761280470883,0.01704084898007433,2023,OIL,SEPLAT Energy,Idama,ONSHORE,Small,0.17612804708830002
s_3790,4.675530468,6.809357711,Nigeria,0.0,0.0,2024,OIL,SEPLAT Energy,Idama,ONSHORE,Small,0.0
s_3790,4.675530468,6.809357711,Nigeria,0.0,0.0,2025,OIL,SEPLAT Energy,Idama,ONSHORE,Small,0.0
s_3791,5.679845102,5.417085207,Nigeria,0.0,0.0,2012,OIL,NEPL,Jones Creek,ONSHORE,Small,0.0
s_3791,5.679845102,5.417085207,Nigeria,0.0,0.0,2013,OIL,NEPL,Jones Creek,ONSHORE,Small,0.0
s_3791,5.679845102,5.417085207,Nigeria,0.0002350679240422,0.022743436152758048,2014,OIL,NEPL,Jones Creek,ONSHORE,Small,0.2350679240422
s_3791,5.679845102,5.417085207,Nigeria,0.0001873193303949,0.018123634895626937,2015,OIL,NEPL,Jones Creek,ONSHORE,Small,0.1873193303949
s_3791,5.679845102,5.417085207,Nigeria,9.58615400509459e-05,0.00927485459590968,2016,OIL,NEPL,Jones Creek,ONSHORE,Small,0.0958615400509459
s_3791,5.679845102,5.417085207,Nigeria,0.0001185456568211,0.011469602192996085,2017,OIL,NEPL,Jones Creek,ONSHORE,Small,0.1185456568211
s_3791,5.679845102,5.417085207,Nigeria,0.0007410412857589,0.07169768158666186,2018,OIL,NEPL,Jones Creek,ONSHORE,Small,0.7410412857588999
s_3791,5.679845102,5.417085207,Nigeria,0.0011335124114518,0.10967028897394243,2019,OIL,NEPL,Jones Creek,ONSHORE,Small,1.1335124114518
s_3791,5.679845102,5.417085207,Nigeria,0.0002598442628465,0.025140611701020166,2020,OIL,NEPL,Jones Creek,ONSHORE,Small,0.25984426284650003
s_3791,5.679845102,5.417085207,Nigeria,0.0007486727915308,0.07243604971995704,2021,OIL,NEPL,Jones Creek,ONSHORE,Small,0.7486727915308
s_3791,5.679845102,5.417085207,Nigeria,0.0003768125261825,0.03645759695079728,2022,OIL,NEPL,Jones Creek,ONSHORE,Small,0.3768125261825
s_3791,5.679845102,5.417085207,Nigeria,0.0,0.0,2023,OIL,NEPL,Jones Creek,ONSHORE,Small,0.0
s_3791,5.679845102,5.417085207,Nigeria,0.0,0.0,2024,OIL,NEPL,Jones Creek,ONSHORE,Small,0.0
s_3791,5.679845102,5.417085207,Nigeria,0.0,0.0,2025,OIL,NEPL,Jones Creek,ONSHORE,Small,0.0
s_3792,4.930770833,7.016027957,Nigeria,0.0058369360749613,0.5647388238506778,2012,OIL,Heirs Energies,Agbada,ONSHORE,Small,5.8369360749613
s_3792,4.930770833,7.016027957,Nigeria,0.0104505636797683,1.0111193553080142,2013,OIL,Heirs Energies,Agbada,ONSHORE,Small,10.450563679768301
s_3792,4.930770833,7.016027957,Nigeria,0.0166044791845715,1.606526767626137,2014,OIL,Heirs Energies,Agbada,ONSHORE,Small,16.6044791845715
s_3792,4.930770833,7.016027957,Nigeria,0.013594069780246,1.3152617881104802,2015,OIL,Heirs Energies,Agbada,ONSHORE,Small,13.594069780246
s_3792,4.930770833,7.016027957,Nigeria,0.015976843727231,1.5458013963982524,2016,OIL,Heirs Energies,Agbada,ONSHORE,Small,15.976843727230998
s_3792,4.930770833,7.016027957,Nigeria,0.0082287825139978,0.7961562194612439,2017,OIL,Heirs Energies,Agbada,ONSHORE,Small,8.2287825139978
s_3792,4.930770833,7.016027957,Nigeria,0.0070865734327979,0.6856445049548158,2018,OIL,Heirs Energies,Agbada,ONSHORE,Small,7.086573432797899
s_3792,4.930770833,7.016027957,Nigeria,0.0058577039389229,0.5667481689791736,2019,OIL,Heirs Energies,Agbada,ONSHORE,Small,5.8577039389229
s_3792,4.930770833,7.016027957,Nigeria,0.0052568385783358,0.5086128745930992,2020,OIL,Heirs Energies,Agbada,ONSHORE,Small,5.2568385783358
s_3792,4.930770833,7.016027957,Nigeria,0.0134973379795318,1.305902733520413,2021,OIL,Heirs Energies,Agbada,ONSHORE,Small,13.4973379795318
s_3792,4.930770833,7.016027957,Nigeria,0.0278966723575881,2.6990759765475882,2022,OIL,Heirs Energies,Agbada,ONSHORE,Small,27.8966723575881
s_3792,4.930770833,7.016027957,Nigeria,0.0225801982433093,2.184693207956056,2023,OIL,Heirs Energies,Agbada,ONSHORE,Small,22.580198243309297
s_3792,4.930770833,7.016027957,Nigeria,0.0250838929541025,2.426932216246701,2024,OIL,Heirs Energies,Agbada,ONSHORE,Small,25.0838929541025
s_3792,4.930770833,7.016027957,Nigeria,0.0318343079168386,3.080052510456001,2025,OIL,Heirs Energies,Agbada,ONSHORE,Small,31.834307916838597
s_3793,4.784239206,5.651198171,Nigeria,0.0,0.0,2012,NA,NA,NA,ONSHORE,Small,0.0
s_3793,4.784239206,5.651198171,Nigeria,0.0,0.0,2013,NA,NA,NA,ONSHORE,Small,0.0
s_3793,4.784239206,5.651198171,Nigeria,0.0006644012370005,0.06428255652107437,2014,NA,NA,NA,ONSHORE,Small,0.6644012370004999
s_3793,4.784239206,5.651198171,Nigeria,0.0003396396531935,0.03286102431382564,2015,NA,NA,NA,ONSHORE,Small,0.33963965319350004
s_3793,4.784239206,5.651198171,Nigeria,0.0,0.0,2016,NA,NA,NA,ONSHORE,Small,0.0
s_3793,4.784239206,5.651198171,Nigeria,0.0,0.0,2017,NA,NA,NA,ONSHORE,Small,0.0
s_3793,4.784239206,5.651198171,Nigeria,0.0011911198023347,0.11524395463594489,2018,NA,NA,NA,ONSHORE,Small,1.1911198023347
s_3793,4.784239206,5.651198171,Nigeria,0.0,0.0,2019,NA,NA,NA,ONSHORE,Small,0.0
s_3793,4.784239206,5.651198171,Nigeria,0.0,0.0,2020,NA,NA,NA,ONSHORE,Small,0.0
s_3793,4.784239206,5.651198171,Nigeria,4.40403284321182e-06,0.0004261016903618719,2021,NA,NA,NA,ONSHORE,Small,0.00440403284321182
s_3793,4.784239206,5.651198171,Nigeria,0.0015218349861344,0.14724151320606194,2022,NA,NA,NA,ONSHORE,Small,1.5218349861344
s_3793,4.784239206,5.651198171,Nigeria,0.0068744491400623,0.6651209251089539,2023,NA,NA,NA,ONSHORE,Small,6.8744491400623
s_3793,4.784239206,5.651198171,Nigeria,0.0036981864671849,0.3578092082963819,2024,NA,NA,NA,ONSHORE,Small,3.6981864671849003
s_3793,4.784239206,5.651198171,Nigeria,0.0045342804844432,0.4387034901372484,2025,NA,NA,NA,ONSHORE,Small,4.5342804844432
s_3794,4.635138721,6.836544864,Nigeria,0.003209405873296,0.31051840809420844,2012,OIL,SEPLAT Energy,Idama,ONSHORE,Small,3.209405873296
s_3794,4.635138721,6.836544864,Nigeria,0.0,0.0,2013,OIL,SEPLAT Energy,Idama,ONSHORE,Small,0.0
s_3794,4.635138721,6.836544864,Nigeria,0.0,0.0,2014,OIL,SEPLAT Energy,Idama,ONSHORE,Small,0.0
s_3794,4.635138721,6.836544864,Nigeria,0.0,0.0,2015,OIL,SEPLAT Energy,Idama,ONSHORE,Small,0.0
s_3794,4.635138721,6.836544864,Nigeria,4.54727994170433e-05,0.00439961221609731,2016,OIL,SEPLAT Energy,Idama,ONSHORE,Small,0.0454727994170433
s_3794,4.635138721,6.836544864,Nigeria,7.55189087537178e-05,0.007306651839311776,2017,OIL,SEPLAT Energy,Idama,ONSHORE,Small,0.0755189087537178
s_3794,4.635138721,6.836544864,Nigeria,0.0003868175081061,0.03742560510638063,2018,OIL,SEPLAT Energy,Idama,ONSHORE,Small,0.3868175081061
s_3794,4.635138721,6.836544864,Nigeria,0.0002075677079767,0.020082718358864278,2019,OIL,SEPLAT Energy,Idama,ONSHORE,Small,0.2075677079767
s_3794,4.635138721,6.836544864,Nigeria,0.0002037898702693,0.01971720268485718,2020,OIL,SEPLAT Energy,Idama,ONSHORE,Small,0.20378987026929998
s_3794,4.635138721,6.836544864,Nigeria,9.23594240887318e-05,0.008936015721525985,2021,OIL,SEPLAT Energy,Idama,ONSHORE,Small,0.0923594240887318
s_3794,4.635138721,6.836544864,Nigeria,6.54214243499317e-05,0.006329693826955519,2022,OIL,SEPLAT Energy,Idama,ONSHORE,Small,0.0654214243499317
s_3794,4.635138721,6.836544864,Nigeria,4.13789095373275e-05,0.0040035176682124045,2023,OIL,SEPLAT Energy,Idama,ONSHORE,Small,0.0413789095373275
s_3794,4.635138721,6.836544864,Nigeria,5.38842222370489e-07,5.21343936261308e-05,2024,OIL,SEPLAT Energy,Idama,ONSHORE,Small,0.000538842222370489
s_3794,4.635138721,6.836544864,Nigeria,0.0,0.0,2025,OIL,SEPLAT Energy,Idama,ONSHORE,Small,0.0
s_3798,5.434483646,5.884332239,Nigeria,0.0705539431937395,6.826278442243203,2012,OIL,NEPL,Utorogu,ONSHORE,Medium,70.5539431937395
s_3798,5.434483646,5.884332239,Nigeria,0.126975131385078,12.285175892931063,2013,OIL,NEPL,Utorogu,ONSHORE,Medium,126.97513138507799
s_3798,5.434483646,5.884332239,Nigeria,0.11481835229697,11.108975736571438,2014,OIL,NEPL,Utorogu,ONSHORE,Medium,114.81835229697
s_3798,5.434483646,5.884332239,Nigeria,0.0906020427761526,8.765984485484099,2015,OIL,NEPL,Utorogu,ONSHORE,Medium,90.6020427761526
s_3798,5.434483646,5.884332239,Nigeria,0.0673176681418534,6.513160370880469,2016,OIL,NEPL,Utorogu,ONSHORE,Medium,67.3176681418534
s_3798,5.434483646,5.884332239,Nigeria,0.0939850860634926,9.09330276730047,2017,OIL,NEPL,Utorogu,ONSHORE,Medium,93.9850860634926
s_3798,5.434483646,5.884332239,Nigeria,0.12404580584078,12.001755988838047,2018,OIL,NEPL,Utorogu,ONSHORE,Medium,124.04580584077999
s_3798,5.434483646,5.884332239,Nigeria,0.0901285327130645,8.720171149056288,2019,OIL,NEPL,Utorogu,ONSHORE,Medium,90.12853271306449
s_3798,5.434483646,5.884332239,Nigeria,0.0799901129846158,7.739252537028043,2020,OIL,NEPL,Utorogu,ONSHORE,Medium,79.99011298461579
s_3798,5.434483646,5.884332239,Nigeria,0.11613291970882,11.236163570137958,2021,OIL,NEPL,Utorogu,ONSHORE,Medium,116.13291970882
s_3798,5.434483646,5.884332239,Nigeria,0.0713276112452312,6.901132848705614,2022,OIL,NEPL,Utorogu,ONSHORE,Medium,71.3276112452312
s_3798,5.434483646,5.884332239,Nigeria,0.0750019341741526,7.25663319729225,2023,OIL,NEPL,Utorogu,ONSHORE,Medium,75.0019341741526
s_3798,5.434483646,5.884332239,Nigeria,0.0657125047742315,6.357856618933007,2024,OIL,NEPL,Utorogu,ONSHORE,Medium,65.7125047742315
s_3798,5.434483646,5.884332239,Nigeria,0.031942936047225,3.090562566040586,2025,OIL,NEPL,Utorogu,ONSHORE,Small,31.942936047225
s_3799,4.433630568,6.324618552,Nigeria,0.0039680484456778,0.3839190601739541,2012,OIL,Aiteo Eastern E&P Company,Nembe Creek,OFFSHORE,Small,3.9680484456778005
s_3799,4.433630568,6.324618552,Nigeria,0.0033718758686952,0.3262378048692327,2013,OIL,Aiteo Eastern E&P Company,Nembe Creek,OFFSHORE,Small,3.3718758686952
s_3799,4.433630568,6.324618552,Nigeria,0.007408490586895,0.7167908311518795,2014,OIL,Aiteo Eastern E&P Company,Nembe Creek,OFFSHORE,Small,7.408490586895
s_3799,4.433630568,6.324618552,Nigeria,0.0094072813372147,0.9101790613744704,2015,OIL,Aiteo Eastern E&P Company,Nembe Creek,OFFSHORE,Small,9.4072813372147
s_3799,4.433630568,6.324618552,Nigeria,0.0268203037683522,2.5949345017552803,2016,OIL,Aiteo Eastern E&P Company,Nembe Creek,OFFSHORE,Small,26.8203037683522
s_3799,4.433630568,6.324618552,Nigeria,0.0411509511436849,3.9814620977111517,2017,OIL,Aiteo Eastern E&P Company,Nembe Creek,OFFSHORE,Small,41.1509511436849
s_3799,4.433630568,6.324618552,Nigeria,0.0368256429964835,3.5629772274860705,2018,OIL,Aiteo Eastern E&P Company,Nembe Creek,OFFSHORE,Small,36.825642996483495
s_3799,4.433630568,6.324618552,Nigeria,0.0210146049233552,2.033217961562302,2019,OIL,Aiteo Eastern E&P Company,Nembe Creek,OFFSHORE,Small,21.0146049233552
s_3799,4.433630568,6.324618552,Nigeria,0.0400848124845693,3.8783103954005047,2020,OIL,Aiteo Eastern E&P Company,Nembe Creek,OFFSHORE,Small,40.0848124845693
s_3799,4.433630568,6.324618552,Nigeria,0.0570036202945862,5.515249279239138,2021,OIL,Aiteo Eastern E&P Company,Nembe Creek,OFFSHORE,Medium,57.0036202945862
s_3799,4.433630568,6.324618552,Nigeria,0.0172115986276712,1.6652671608443852,2022,OIL,Aiteo Eastern E&P Company,Nembe Creek,OFFSHORE,Small,17.2115986276712
s_3799,4.433630568,6.324618552,Nigeria,0.0125000084820948,1.2094084974793076,2023,OIL,Aiteo Eastern E&P Company,Nembe Creek,OFFSHORE,Small,12.500008482094799
s_3799,4.433630568,6.324618552,Nigeria,0.0205826543996462,1.9914256192120865,2024,OIL,Aiteo Eastern E&P Company,Nembe Creek,OFFSHORE,Small,20.582654399646202
s_3799,4.433630568,6.324618552,Nigeria,0.0077073444589694,0.7457057245224801,2025,OIL,Aiteo Eastern E&P Company,Nembe Creek,OFFSHORE,Small,7.7073444589694
s_3801,4.540271616,6.503307113,Nigeria,0.0074927294314665,0.7249411595767397,2012,OIL,Aiteo Eastern E&P Company,Santa Barbara,ONSHORE,Small,7.4927294314665
s_3801,4.540271616,6.503307113,Nigeria,0.0105255151700666,1.01837110792845,2013,OIL,Aiteo Eastern E&P Company,Santa Barbara,ONSHORE,Small,10.525515170066601
s_3801,4.540271616,6.503307113,Nigeria,0.0029618498077536,0.28656671160549146,2014,OIL,Aiteo Eastern E&P Company,Santa Barbara,ONSHORE,Small,2.9618498077536
s_3801,4.540271616,6.503307113,Nigeria,0.0048961049069589,0.4737109488772042,2015,OIL,Aiteo Eastern E&P Company,Santa Barbara,ONSHORE,Small,4.8961049069589
s_3801,4.540271616,6.503307113,Nigeria,0.0213751972790709,2.068106214618556,2016,OIL,Aiteo Eastern E&P Company,Santa Barbara,ONSHORE,Small,21.3751972790709
s_3801,4.540271616,6.503307113,Nigeria,0.0232166546371087,2.2462720278455475,2017,OIL,Aiteo Eastern E&P Company,Santa Barbara,ONSHORE,Small,23.2166546371087
s_3801,4.540271616,6.503307113,Nigeria,0.0233515055405725,2.2593192052755064,2018,OIL,Aiteo Eastern E&P Company,Santa Barbara,ONSHORE,Small,23.3515055405725
s_3801,4.540271616,6.503307113,Nigeria,0.0106610132486501,1.0314809012430497,2019,OIL,Aiteo Eastern E&P Company,Santa Barbara,ONSHORE,Small,10.661013248650098
s_3801,4.540271616,6.503307113,Nigeria,0.0276561326341111,2.6758031294954354,2020,OIL,Aiteo Eastern E&P Company,Santa Barbara,ONSHORE,Small,27.6561326341111
s_3801,4.540271616,6.503307113,Nigeria,0.0095524234992229,0.9242219449714435,2021,OIL,Aiteo Eastern E&P Company,Santa Barbara,ONSHORE,Small,9.5524234992229
s_3801,4.540271616,6.503307113,Nigeria,0.0014482468407075,0.14012166776591536,2022,OIL,Aiteo Eastern E&P Company,Santa Barbara,ONSHORE,Small,1.4482468407075
s_3801,4.540271616,6.503307113,Nigeria,0.0014620803082657,0.14146009191486345,2023,OIL,Aiteo Eastern E&P Company,Santa Barbara,ONSHORE,Small,1.4620803082657
s_3801,4.540271616,6.503307113,Nigeria,0.0024065148483932,0.23283660256117825,2024,OIL,Aiteo Eastern E&P Company,Santa Barbara,ONSHORE,Small,2.4065148483932
s_3801,4.540271616,6.503307113,Nigeria,0.0088500740098747,0.856267795833489,2025,OIL,Aiteo Eastern E&P Company,Santa Barbara,ONSHORE,Small,8.8500740098747
s_3803,5.549105451,6.013074792,Nigeria,0.0009056170261157,0.08762081469105688,2012,OIL,Shoreline Natural Resources,Afiesere,ONSHORE,Small,0.9056170261157
s_3803,5.549105451,6.013074792,Nigeria,0.0005544194536827,0.05364153147673101,2013,OIL,Shoreline Natural Resources,Afiesere,ONSHORE,Small,0.5544194536827001
s_3803,5.549105451,6.013074792,Nigeria,0.0010657748892998,0.10311650663002095,2014,OIL,Shoreline Natural Resources,Afiesere,ONSHORE,Small,1.0657748892998
s_3803,5.549105451,6.013074792,Nigeria,0.0007885874250299,0.07629789485364083,2015,OIL,Shoreline Natural Resources,Afiesere,ONSHORE,Small,0.7885874250299001
s_3803,5.549105451,6.013074792,Nigeria,5.0704877552541e-05,0.004905829453118431,2016,OIL,Shoreline Natural Resources,Afiesere,ONSHORE,Small,0.050704877552540994
s_3803,5.549105451,6.013074792,Nigeria,0.0003208530296076,0.031043369370928754,2017,OIL,Shoreline Natural Resources,Afiesere,ONSHORE,Small,0.32085302960760004
s_3803,5.549105451,6.013074792,Nigeria,0.000614226493576,0.059428018930691474,2018,OIL,Shoreline Natural Resources,Afiesere,ONSHORE,Small,0.614226493576
s_3803,5.549105451,6.013074792,Nigeria,0.0060564188184519,0.5859743530431443,2019,OIL,Shoreline Natural Resources,Afiesere,ONSHORE,Small,6.0564188184519
s_3803,5.549105451,6.013074792,Nigeria,0.0002826481301463,0.02734694547489508,2020,OIL,Shoreline Natural Resources,Afiesere,ONSHORE,Small,0.2826481301463
s_3803,5.549105451,6.013074792,Nigeria,0.0032968160777327,0.31897557387642184,2021,OIL,Shoreline Natural Resources,Afiesere,ONSHORE,Small,3.2968160777327
s_3803,5.549105451,6.013074792,Nigeria,0.0164546692133765,1.5920322612880102,2022,OIL,Shoreline Natural Resources,Afiesere,ONSHORE,Small,16.454669213376498
s_3803,5.549105451,6.013074792,Nigeria,0.0180332898594005,1.7447679355343488,2023,OIL,Shoreline Natural Resources,Afiesere,ONSHORE,Small,18.0332898594005
s_3803,5.549105451,6.013074792,Nigeria,0.017617059403573,1.7044965508462078,2024,OIL,Shoreline Natural Resources,Afiesere,ONSHORE,Small,17.617059403573
s_3803,5.549105451,6.013074792,Nigeria,0.0158993826950125,1.5383068390367305,2025,OIL,Shoreline Natural Resources,Afiesere,ONSHORE,Small,15.899382695012498
s_3804,4.36737984,5.791112929,Nigeria,0.0045301763917639,0.43830640844183216,2012,OIL,NEPL,North Apoi,OFFSHORE,Small,4.5301763917639
s_3804,4.36737984,5.791112929,Nigeria,0.0004735461230741,0.04581682532572342,2013,OIL,NEPL,North Apoi,OFFSHORE,Small,0.4735461230741
s_3804,4.36737984,5.791112929,Nigeria,0.0,0.0,2014,OIL,NEPL,North Apoi,OFFSHORE,Small,0.0
s_3804,4.36737984,5.791112929,Nigeria,0.0,0.0,2015,OIL,NEPL,North Apoi,OFFSHORE,Small,0.0
s_3804,4.36737984,5.791112929,Nigeria,0.0,0.0,2016,OIL,NEPL,North Apoi,OFFSHORE,Small,0.0
s_3804,4.36737984,5.791112929,Nigeria,0.0025022673494827,0.24210090735252435,2017,OIL,NEPL,North Apoi,OFFSHORE,Small,2.5022673494827
s_3804,4.36737984,5.791112929,Nigeria,0.0052044985058834,0.5035488357587826,2018,OIL,NEPL,North Apoi,OFFSHORE,Small,5.2044985058834
s_3804,4.36737984,5.791112929,Nigeria,0.0041323455841626,0.39981523781892736,2019,OIL,NEPL,North Apoi,OFFSHORE,Small,4.1323455841626
s_3804,4.36737984,5.791112929,Nigeria,0.0045433520799121,0.43958119071333185,2020,OIL,NEPL,North Apoi,OFFSHORE,Small,4.5433520799121
s_3804,4.36737984,5.791112929,Nigeria,0.0056333766006836,0.5450439125802964,2021,OIL,NEPL,North Apoi,OFFSHORE,Small,5.6333766006836
s_3804,4.36737984,5.791112929,Nigeria,0.0011357460790774,0.10988640215585063,2022,OIL,NEPL,North Apoi,OFFSHORE,Small,1.1357460790773999
s_3804,4.36737984,5.791112929,Nigeria,3.74876780263589e-05,0.003627030847282183,2023,OIL,NEPL,North Apoi,OFFSHORE,Small,0.037487678026358905
s_3804,4.36737984,5.791112929,Nigeria,0.0004853229524838,0.04695626435745346,2024,OIL,NEPL,North Apoi,OFFSHORE,Small,0.4853229524838
s_3804,4.36737984,5.791112929,Nigeria,0.0,0.0,2025,OIL,NEPL,North Apoi,OFFSHORE,Small,0.0
s_3805,5.652152924,6.06938193,Nigeria,0.0161968149915308,1.5670841912560733,2012,OIL,Shoreline Natural Resources,Kokori,ONSHORE,Small,16.1968149915308
s_3805,5.652152924,6.06938193,Nigeria,0.0167306960492299,1.618738579231043,2013,OIL,Shoreline Natural Resources,Kokori,ONSHORE,Small,16.730696049229902
s_3805,5.652152924,6.06938193,Nigeria,0.0059046191524747,0.5712873385334886,2014,OIL,Shoreline Natural Resources,Kokori,ONSHORE,Small,5.9046191524747
s_3805,5.652152924,6.06938193,Nigeria,0.0005085050375551,0.04919919168943715,2015,OIL,Shoreline Natural Resources,Kokori,ONSHORE,Small,0.5085050375551
s_3805,5.652152924,6.06938193,Nigeria,0.0,0.0,2016,OIL,Shoreline Natural Resources,Kokori,ONSHORE,Small,0.0
s_3805,5.652152924,6.06938193,Nigeria,0.0033894016293479,0.32793346802726375,2017,OIL,Shoreline Natural Resources,Kokori,ONSHORE,Small,3.3894016293479
s_3805,5.652152924,6.06938193,Nigeria,0.0096778841385923,0.9363605898027558,2018,OIL,Shoreline Natural Resources,Kokori,ONSHORE,Small,9.677884138592301
s_3805,5.652152924,6.06938193,Nigeria,0.0041774591071138,0.40418008909775355,2019,OIL,Shoreline Natural Resources,Kokori,ONSHORE,Small,4.1774591071138
s_3805,5.652152924,6.06938193,Nigeria,0.0,0.0,2020,OIL,Shoreline Natural Resources,Kokori,ONSHORE,Small,0.0
s_3805,5.652152924,6.06938193,Nigeria,0.0,0.0,2021,OIL,Shoreline Natural Resources,Kokori,ONSHORE,Small,0.0
s_3805,5.652152924,6.06938193,Nigeria,0.0,0.0,2022,OIL,Shoreline Natural Resources,Kokori,ONSHORE,Small,0.0
s_3805,5.652152924,6.06938193,Nigeria,0.0016174622032971,0.15649369644997976,2023,OIL,Shoreline Natural Resources,Kokori,ONSHORE,Small,1.6174622032971
s_3805,5.652152924,6.06938193,Nigeria,0.002359481912594,0.2282860430716843,2024,OIL,Shoreline Natural Resources,Kokori,ONSHORE,Small,2.359481912594
s_3805,5.652152924,6.06938193,Nigeria,0.0150509955359145,1.456223163586816,2025,OIL,Shoreline Natural Resources,Kokori,ONSHORE,Small,15.050995535914499
s_3806,4.933753198,6.976322862,Nigeria,0.0119007283598577,1.151426579047639,2012,OIL,Heirs Energies,Agbada,ONSHORE,Small,11.9007283598577
s_3806,4.933753198,6.976322862,Nigeria,0.0153664444011802,1.4867436659303956,2013,OIL,Heirs Energies,Agbada,ONSHORE,Small,15.3664444011802
s_3806,4.933753198,6.976322862,Nigeria,0.015805390856181,1.5292128829214726,2014,OIL,Heirs Energies,Agbada,ONSHORE,Small,15.805390856181
s_3806,4.933753198,6.976322862,Nigeria,0.0201494288316657,1.9495099129954525,2015,OIL,Heirs Energies,Agbada,ONSHORE,Small,20.1494288316657
s_3806,4.933753198,6.976322862,Nigeria,0.0152104495760217,1.4716507588031942,2016,OIL,Heirs Energies,Agbada,ONSHORE,Small,15.2104495760217
s_3806,4.933753198,6.976322862,Nigeria,0.0152721564424683,1.477621059442609,2017,OIL,Heirs Energies,Agbada,ONSHORE,Small,15.272156442468301
s_3806,4.933753198,6.976322862,Nigeria,0.0094214005722086,0.9115451342698598,2018,OIL,Heirs Energies,Agbada,ONSHORE,Small,9.4214005722086
s_3806,4.933753198,6.976322862,Nigeria,0.0065393975330681,0.6327038062587294,2019,OIL,Heirs Energies,Agbada,ONSHORE,Small,6.5393975330681
s_3806,4.933753198,6.976322862,Nigeria,0.0084336251998581,0.8159752848067433,2020,OIL,Heirs Energies,Agbada,ONSHORE,Small,8.4336251998581
s_3806,4.933753198,6.976322862,Nigeria,0.0082351394706012,0.7967712716306302,2021,OIL,Heirs Energies,Agbada,ONSHORE,Small,8.235139470601199
s_3806,4.933753198,6.976322862,Nigeria,0.0077981364210809,0.7544900842001357,2022,OIL,Heirs Energies,Agbada,ONSHORE,Small,7.7981364210809
s_3806,4.933753198,6.976322862,Nigeria,0.0147032775383605,1.422580538338147,2023,OIL,Heirs Energies,Agbada,ONSHORE,Small,14.7032775383605
s_3806,4.933753198,6.976322862,Nigeria,0.035306371513102,3.41598373987272,2024,OIL,Heirs Energies,Agbada,ONSHORE,Small,35.306371513102
s_3806,4.933753198,6.976322862,Nigeria,0.026708393277818,2.5841068692458298,2025,OIL,Heirs Energies,Agbada,ONSHORE,Small,26.708393277818
s_3807,5.144191287,6.920347838,Nigeria,0.0,0.0,2012,OIL,All Grace Energy,Ubima,ONSHORE,Small,0.0
s_3807,5.144191287,6.920347838,Nigeria,0.0,0.0,2013,OIL,All Grace Energy,Ubima,ONSHORE,Small,0.0
s_3807,5.144191287,6.920347838,Nigeria,0.0,0.0,2014,OIL,All Grace Energy,Ubima,ONSHORE,Small,0.0
s_3807,5.144191287,6.920347838,Nigeria,0.0,0.0,2015,OIL,All Grace Energy,Ubima,ONSHORE,Small,0.0
s_3807,5.144191287,6.920347838,Nigeria,0.0,0.0,2016,OIL,All Grace Energy,Ubima,ONSHORE,Small,0.0
s_3807,5.144191287,6.920347838,Nigeria,0.0,0.0,2017,OIL,All Grace Energy,Ubima,ONSHORE,Small,0.0
s_3807,5.144191287,6.920347838,Nigeria,0.0,0.0,2018,OIL,All Grace Energy,Ubima,ONSHORE,Small,0.0
s_3807,5.144191287,6.920347838,Nigeria,0.0004327103129161,0.04186585394220156,2019,OIL,All Grace Energy,Ubima,ONSHORE,Small,0.43271031291609996
s_3807,5.144191287,6.920347838,Nigeria,0.009677470496611,0.9363205688597448,2020,OIL,All Grace Energy,Ubima,ONSHORE,Small,9.677470496610999
s_3807,5.144191287,6.920347838,Nigeria,0.0071463869666254,0.6914316207138862,2021,OIL,All Grace Energy,Ubima,ONSHORE,Small,7.1463869666254
s_3807,5.144191287,6.920347838,Nigeria,0.0068577400382736,0.6635042758308797,2022,OIL,All Grace Energy,Ubima,ONSHORE,Small,6.8577400382736
s_3807,5.144191287,6.920347838,Nigeria,0.0036285597778364,0.3510726440876417,2023,OIL,All Grace Energy,Ubima,ONSHORE,Small,3.6285597778364
s_3807,5.144191287,6.920347838,Nigeria,0.0208620737794637,2.0184601746522484,2024,OIL,All Grace Energy,Ubima,ONSHORE,Small,20.8620737794637
s_3807,5.144191287,6.920347838,Nigeria,0.0,0.0,2025,OIL,All Grace Energy,Ubima,ONSHORE,Small,0.0
s_3808,4.03548542,7.686082074,Nigeria,0.0116159208485696,1.1238707078023389,2012,OIL,TotalEnergies,Edikan,OFFSHORE,Small,11.6159208485696
s_3808,4.03548542,7.686082074,Nigeria,0.0117740411693756,1.1391692621897902,2013,OIL,TotalEnergies,Edikan,OFFSHORE,Small,11.7740411693756
s_3808,4.03548542,7.686082074,Nigeria,0.0113424980643573,1.0974163386629519,2014,OIL,TotalEnergies,Edikan,OFFSHORE,Small,11.3424980643573
s_3808,4.03548542,7.686082074,Nigeria,0.0100395145529116,0.9713492777425442,2015,OIL,TotalEnergies,Edikan,OFFSHORE,Small,10.0395145529116
s_3808,4.03548542,7.686082074,Nigeria,0.00916466879138,0.8867056633405513,2016,OIL,TotalEnergies,Edikan,OFFSHORE,Small,9.16466879138
s_3808,4.03548542,7.686082074,Nigeria,0.0085461308542882,0.826860500978967,2017,OIL,TotalEnergies,Edikan,OFFSHORE,Small,8.546130854288199
s_3808,4.03548542,7.686082074,Nigeria,0.0110014520127639,1.0644192416274063,2018,OIL,TotalEnergies,Edikan,OFFSHORE,Small,11.001452012763899
s_3808,4.03548542,7.686082074,Nigeria,0.0104455652097004,1.0106357402622186,2019,OIL,TotalEnergies,Edikan,OFFSHORE,Small,10.4455652097004
s_3808,4.03548542,7.686082074,Nigeria,0.0095741735165888,0.9263263160092968,2020,OIL,TotalEnergies,Edikan,OFFSHORE,Small,9.5741735165888
s_3808,4.03548542,7.686082074,Nigeria,0.0089914456271524,0.8699458693710352,2021,OIL,TotalEnergies,Edikan,OFFSHORE,Small,8.9914456271524
s_3808,4.03548542,7.686082074,Nigeria,0.0101988732389359,0.9867676472021325,2022,OIL,TotalEnergies,Edikan,OFFSHORE,Small,10.1988732389359
s_3808,4.03548542,7.686082074,Nigeria,0.0054229629917038,0.5246858458597838,2023,OIL,TotalEnergies,Edikan,OFFSHORE,Small,5.4229629917038
s_3808,4.03548542,7.686082074,Nigeria,0.0,0.0,2024,OIL,TotalEnergies,Edikan,OFFSHORE,Small,0.0
s_3808,4.03548542,7.686082074,Nigeria,0.0,0.0,2025,OIL,TotalEnergies,Edikan,OFFSHORE,Small,0.0
s_3809,5.436832674,5.14665406,Nigeria,0.0183004663198763,1.7706179565234328,2012,OIL,Chevron,Meji,OFFSHORE,Small,18.3004663198763
s_3809,5.436832674,5.14665406,Nigeria,0.0447437068156202,4.329070600955732,2013,OIL,Chevron,Meji,OFFSHORE,Small,44.7437068156202
s_3809,5.436832674,5.14665406,Nigeria,0.0130933528822539,1.2668161192830905,2014,OIL,Chevron,Meji,OFFSHORE,Small,13.0933528822539
s_3809,5.436832674,5.14665406,Nigeria,0.0065024158424441,0.6291257310153499,2015,OIL,Chevron,Meji,OFFSHORE,Small,6.502415842444099
s_3809,5.436832674,5.14665406,Nigeria,0.0134209553893926,1.2985125182492674,2016,OIL,Chevron,Meji,OFFSHORE,Small,13.4209553893926
s_3809,5.436832674,5.14665406,Nigeria,0.0040165936032268,0.3886159310709083,2017,OIL,Chevron,Meji,OFFSHORE,Small,4.0165936032267995
s_3809,5.436832674,5.14665406,Nigeria,0.0456308352054492,4.414902591754071,2018,OIL,Chevron,Meji,OFFSHORE,Small,45.6308352054492
s_3809,5.436832674,5.14665406,Nigeria,0.0438099740857687,4.238729518429706,2019,OIL,Chevron,Meji,OFFSHORE,Small,43.8099740857687
s_3809,5.436832674,5.14665406,Nigeria,0.0293905671914758,2.843614206984168,2020,OIL,Chevron,Meji,OFFSHORE,Small,29.3905671914758
s_3809,5.436832674,5.14665406,Nigeria,0.0161985257455933,1.56724971118378,2021,OIL,Chevron,Meji,OFFSHORE,Small,16.1985257455933
s_3809,5.436832674,5.14665406,Nigeria,0.0004075991689837,0.03943628512256656,2022,OIL,Chevron,Meji,OFFSHORE,Small,0.4075991689837
s_3809,5.436832674,5.14665406,Nigeria,0.0379479913930179,3.6715673688323993,2023,OIL,Chevron,Meji,OFFSHORE,Small,37.9479913930179
s_3809,5.436832674,5.14665406,Nigeria,0.0994583257118069,9.6228530111178,2024,OIL,Chevron,Meji,OFFSHORE,Medium,99.4583257118069
s_3809,5.436832674,5.14665406,Nigeria,0.0415257310930323,4.017723037539702,2025,OIL,Chevron,Meji,OFFSHORE,Small,41.5257310930323
s_3811a,5.890255134,5.413953225,Nigeria,0.0,0.0,2012,NA,NA,NA,ONSHORE,Small,0.0
s_3811a,5.890255134,5.413953225,Nigeria,0.0,0.0,2013,NA,NA,NA,ONSHORE,Small,0.0
s_3811a,5.890255134,5.413953225,Nigeria,0.0,0.0,2014,NA,NA,NA,ONSHORE,Small,0.0
s_3811a,5.890255134,5.413953225,Nigeria,0.0,0.0,2015,NA,NA,NA,ONSHORE,Small,0.0
s_3811a,5.890255134,5.413953225,Nigeria,0.0,0.0,2016,NA,NA,NA,ONSHORE,Small,0.0
s_3811a,5.890255134,5.413953225,Nigeria,0.0,0.0,2017,NA,NA,NA,ONSHORE,Small,0.0
s_3811a,5.890255134,5.413953225,Nigeria,0.0,0.0,2018,NA,NA,NA,ONSHORE,Small,0.0
s_3811a,5.890255134,5.413953225,Nigeria,0.0,0.0,2019,NA,NA,NA,ONSHORE,Small,0.0
s_3811a,5.890255134,5.413953225,Nigeria,0.0,0.0,2020,NA,NA,NA,ONSHORE,Small,0.0
s_3811a,5.890255134,5.413953225,Nigeria,0.0,0.0,2021,NA,NA,NA,ONSHORE,Small,0.0
s_3811a,5.890255134,5.413953225,Nigeria,0.0,0.0,2022,NA,NA,NA,ONSHORE,Small,0.0
s_3811a,5.890255134,5.413953225,Nigeria,0.0,0.0,2023,NA,NA,NA,ONSHORE,Small,0.0
s_3811a,5.890255134,5.413953225,Nigeria,0.0040064166415112,0.38763128342086883,2024,NA,NA,NA,ONSHORE,Small,4.0064166415111995
s_3811a,5.890255134,5.413953225,Nigeria,0.0055749201651719,0.5393880996309317,2025,NA,NA,NA,ONSHORE,Small,5.5749201651719
s_3811b,5.887903814,5.423094087,Nigeria,0.0,0.0,2012,NA,NA,NA,ONSHORE,Small,0.0
s_3811b,5.887903814,5.423094087,Nigeria,0.0,0.0,2013,NA,NA,NA,ONSHORE,Small,0.0
s_3811b,5.887903814,5.423094087,Nigeria,0.0,0.0,2014,NA,NA,NA,ONSHORE,Small,0.0
s_3811b,5.887903814,5.423094087,Nigeria,0.0,0.0,2015,NA,NA,NA,ONSHORE,Small,0.0
s_3811b,5.887903814,5.423094087,Nigeria,0.0,0.0,2016,NA,NA,NA,ONSHORE,Small,0.0
s_3811b,5.887903814,5.423094087,Nigeria,0.0,0.0,2017,NA,NA,NA,ONSHORE,Small,0.0
s_3811b,5.887903814,5.423094087,Nigeria,0.0,0.0,2018,NA,NA,NA,ONSHORE,Small,0.0
s_3811b,5.887903814,5.423094087,Nigeria,0.0,0.0,2019,NA,NA,NA,ONSHORE,Small,0.0
s_3811b,5.887903814,5.423094087,Nigeria,0.0,0.0,2020,NA,NA,NA,ONSHORE,Small,0.0
s_3811b,5.887903814,5.423094087,Nigeria,0.0,0.0,2021,NA,NA,NA,ONSHORE,Small,0.0
s_3811b,5.887903814,5.423094087,Nigeria,0.0,0.0,2022,NA,NA,NA,ONSHORE,Small,0.0
s_3811b,5.887903814,5.423094087,Nigeria,0.0,0.0,2023,NA,NA,NA,ONSHORE,Small,0.0
s_3811b,5.887903814,5.423094087,Nigeria,0.000486246423605,0.04704561260251712,2024,NA,NA,NA,ONSHORE,Small,0.486246423605
s_3811b,5.887903814,5.423094087,Nigeria,0.0023852998302527,0.23078399409694791,2025,NA,NA,NA,ONSHORE,Small,2.3852998302526998
s_3812,5.459767868,6.179744773,Nigeria,0.0232877224717388,2.253148026627646,2012,OIL,Shoreline Natural Resources,Olomoro-Oleh,ONSHORE,Small,23.2877224717388
s_3812,5.459767868,6.179744773,Nigeria,0.0207232417537767,2.0050278132399635,2013,OIL,Shoreline Natural Resources,Olomoro-Oleh,ONSHORE,Small,20.7232417537767
s_3812,5.459767868,6.179744773,Nigeria,0.0081527034912544,0.7887953751292113,2014,OIL,Shoreline Natural Resources,Olomoro-Oleh,ONSHORE,Small,8.152703491254401
s_3812,5.459767868,6.179744773,Nigeria,0.0009131908551959,0.08835360245365484,2015,OIL,Shoreline Natural Resources,Olomoro-Oleh,ONSHORE,Small,0.9131908551959
s_3812,5.459767868,6.179744773,Nigeria,0.0008051742623557,0.07790271472531243,2016,OIL,Shoreline Natural Resources,Olomoro-Oleh,ONSHORE,Small,0.8051742623557
s_3812,5.459767868,6.179744773,Nigeria,0.0010665520014344,0.10319169426052742,2017,OIL,Shoreline Natural Resources,Olomoro-Oleh,ONSHORE,Small,1.0665520014344
s_3812,5.459767868,6.179744773,Nigeria,0.0029488920012799,0.28531300995557396,2018,OIL,Shoreline Natural Resources,Olomoro-Oleh,ONSHORE,Small,2.9488920012799
s_3812,5.459767868,6.179744773,Nigeria,0.0211970610593843,2.0508710696899417,2019,OIL,Shoreline Natural Resources,Olomoro-Oleh,ONSHORE,Small,21.1970610593843
s_3812,5.459767868,6.179744773,Nigeria,0.0170017971554815,1.6449683199585292,2020,OIL,Shoreline Natural Resources,Olomoro-Oleh,ONSHORE,Small,17.0017971554815
s_3812,5.459767868,6.179744773,Nigeria,0.0103300182439505,0.9994562692693749,2021,OIL,Shoreline Natural Resources,Olomoro-Oleh,ONSHORE,Small,10.3300182439505
s_3812,5.459767868,6.179744773,Nigeria,0.0064016317526786,0.6193746068662975,2022,OIL,Shoreline Natural Resources,Olomoro-Oleh,ONSHORE,Small,6.4016317526785995
s_3812,5.459767868,6.179744773,Nigeria,0.0095512371072733,0.924107158448919,2023,OIL,Shoreline Natural Resources,Olomoro-Oleh,ONSHORE,Small,9.5512371072733
s_3812,5.459767868,6.179744773,Nigeria,0.0068639549064779,0.6641055805762134,2024,OIL,Shoreline Natural Resources,Olomoro-Oleh,ONSHORE,Small,6.8639549064778995
s_3812,5.459767868,6.179744773,Nigeria,0.0431111826870218,4.171119623858792,2025,OIL,Shoreline Natural Resources,Olomoro-Oleh,ONSHORE,Small,43.111182687021795
s_3813,4.988249843,7.168099151,Nigeria,0.0048391962277547,0.46820488539664973,2012,OIL,NEPL,Imo River,ONSHORE,Small,4.8391962277547
s_3813,4.988249843,7.168099151,Nigeria,0.0049340567363645,0.477382887583787,2013,OIL,NEPL,Imo River,ONSHORE,Small,4.9340567363645
s_3813,4.988249843,7.168099151,Nigeria,0.0021199511983853,0.20511082030393607,2014,OIL,NEPL,Imo River,ONSHORE,Small,2.1199511983853
s_3813,4.988249843,7.168099151,Nigeria,0.0018677253419538,0.18070730933918738,2015,OIL,NEPL,Imo River,ONSHORE,Small,1.8677253419537998
s_3813,4.988249843,7.168099151,Nigeria,0.0019038559728892,0.18420304233290122,2016,OIL,NEPL,Imo River,ONSHORE,Small,1.9038559728892002
s_3813,4.988249843,7.168099151,Nigeria,0.0009966654271195,0.09642998550191106,2017,OIL,NEPL,Imo River,ONSHORE,Small,0.9966654271195
s_3813,4.988249843,7.168099151,Nigeria,0.0010129718936264,0.09800767876392408,2018,OIL,NEPL,Imo River,ONSHORE,Small,1.0129718936264
s_3813,4.988249843,7.168099151,Nigeria,0.0002128960794544,0.020598252228468245,2019,OIL,NEPL,Imo River,ONSHORE,Small,0.2128960794544
s_3813,4.988249843,7.168099151,Nigeria,0.0002504328017519,0.024230028237192173,2020,OIL,NEPL,Imo River,ONSHORE,Small,0.25043280175189997
s_3813,4.988249843,7.168099151,Nigeria,0.0014863295013372,0.1438062647354417,2021,OIL,NEPL,Imo River,ONSHORE,Small,1.4863295013372
s_3813,4.988249843,7.168099151,Nigeria,0.00122492291689,0.11851449433541836,2022,OIL,NEPL,Imo River,ONSHORE,Small,1.22492291689
s_3813,4.988249843,7.168099151,Nigeria,0.0011675708222329,0.11296552925064345,2023,OIL,NEPL,Imo River,ONSHORE,Small,1.1675708222329
s_3813,4.988249843,7.168099151,Nigeria,0.0015176023118853,0.1468319909076366,2024,OIL,NEPL,Imo River,ONSHORE,Small,1.5176023118853
s_3813,4.988249843,7.168099151,Nigeria,0.0006698827492217,0.06481290715794409,2025,OIL,NEPL,Imo River,ONSHORE,Small,0.6698827492217
s_3814,5.860686952,5.133072545,Nigeria,0.0866633397796883,8.384904674234816,2012,OIL,NEPL,Benin River,ONSHORE,Medium,86.6633397796883
s_3814,5.860686952,5.133072545,Nigeria,0.0430996409545413,4.17000293106954,2013,OIL,NEPL,Benin River,ONSHORE,Small,43.0996409545413
s_3814,5.860686952,5.133072545,Nigeria,0.0049374597008278,0.4777121332914544,2014,OIL,NEPL,Benin River,ONSHORE,Small,4.9374597008278
s_3814,5.860686952,5.133072545,Nigeria,0.0052688649827707,0.5097764606609427,2015,OIL,NEPL,Benin River,ONSHORE,Small,5.2688649827707
s_3814,5.860686952,5.133072545,Nigeria,0.024018509265541,2.3238535593107663,2016,OIL,NEPL,Benin River,ONSHORE,Small,24.018509265541
s_3814,5.860686952,5.133072545,Nigeria,0.0102424235997958,0.9909812584622929,2017,OIL,NEPL,Benin River,ONSHORE,Small,10.242423599795801
s_3814,5.860686952,5.133072545,Nigeria,0.0089514319627159,0.8660744427352767,2018,OIL,NEPL,Benin River,ONSHORE,Small,8.9514319627159
s_3814,5.860686952,5.133072545,Nigeria,0.0069322435485732,0.6707126852153567,2019,OIL,NEPL,Benin River,ONSHORE,Small,6.9322435485732
s_3814,5.860686952,5.133072545,Nigeria,0.0101906718925968,0.9859741455043148,2020,OIL,NEPL,Benin River,ONSHORE,Small,10.1906718925968
s_3814,5.860686952,5.133072545,Nigeria,0.0033935341853396,0.32833330362256197,2021,OIL,NEPL,Benin River,ONSHORE,Small,3.3935341853396
s_3814,5.860686952,5.133072545,Nigeria,0.0220852817029135,2.1368087388890853,2022,OIL,NEPL,Benin River,ONSHORE,Small,22.0852817029135
s_3814,5.860686952,5.133072545,Nigeria,0.0114290146210083,1.1057870416857736,2023,OIL,NEPL,Benin River,ONSHORE,Small,11.4290146210083
s_3814,5.860686952,5.133072545,Nigeria,0.0121650348431422,1.1769989222409276,2024,OIL,NEPL,Benin River,ONSHORE,Small,12.1650348431422
s_3814,5.860686952,5.133072545,Nigeria,0.0057643360308965,0.5577145798003548,2025,OIL,NEPL,Benin River,ONSHORE,Small,5.7643360308965
s_3816,5.305423404,6.840286674,Nigeria,0.0,0.0,2012,OIL,Sterling Global,Oguali,ONSHORE,Small,0.0
s_3816,5.305423404,6.840286674,Nigeria,0.0,0.0,2013,OIL,Sterling Global,Oguali,ONSHORE,Small,0.0
s_3816,5.305423404,6.840286674,Nigeria,0.0,0.0,2014,OIL,Sterling Global,Oguali,ONSHORE,Small,0.0
s_3816,5.305423404,6.840286674,Nigeria,0.0,0.0,2015,OIL,Sterling Global,Oguali,ONSHORE,Small,0.0
s_3816,5.305423404,6.840286674,Nigeria,2.888182529069e-05,0.002794392098157966,2016,OIL,Sterling Global,Oguali,ONSHORE,Small,0.02888182529069
s_3816,5.305423404,6.840286674,Nigeria,0.0,0.0,2017,OIL,Sterling Global,Oguali,ONSHORE,Small,0.0
s_3816,5.305423404,6.840286674,Nigeria,0.0,0.0,2018,OIL,Sterling Global,Oguali,ONSHORE,Small,0.0
s_3816,5.305423404,6.840286674,Nigeria,0.0,0.0,2019,OIL,Sterling Global,Oguali,ONSHORE,Small,0.0
s_3816,5.305423404,6.840286674,Nigeria,0.0002891641059217,0.027977383164871545,2020,OIL,Sterling Global,Oguali,ONSHORE,Small,0.2891641059217
s_3816,5.305423404,6.840286674,Nigeria,9.66767530916408e-06,0.0009353728588682135,2021,OIL,Sterling Global,Oguali,ONSHORE,Small,0.00966767530916408
s_3816,5.305423404,6.840286674,Nigeria,0.0001289468136531,0.012475941306625845,2022,OIL,Sterling Global,Oguali,ONSHORE,Small,0.1289468136531
s_3816,5.305423404,6.840286674,Nigeria,0.0006343573278724,0.06137572977379115,2023,OIL,Sterling Global,Oguali,ONSHORE,Small,0.6343573278724001
s_3816,5.305423404,6.840286674,Nigeria,0.0022178942603714,0.2145870675884724,2024,OIL,Sterling Global,Oguali,ONSHORE,Small,2.2178942603714
s_3816,5.305423404,6.840286674,Nigeria,0.0447954328026714,4.334075225422174,2025,OIL,Sterling Global,Oguali,ONSHORE,Small,44.7954328026714
s_3820,5.77525882,4.890006475,Nigeria,0.0245620891113987,2.37644633039412,2012,OIL,Chevron,Meren,OFFSHORE,Small,24.562089111398702
s_3820,5.77525882,4.890006475,Nigeria,0.0375688484968924,3.634884302497691,2013,OIL,Chevron,Meren,OFFSHORE,Small,37.5688484968924
s_3820,5.77525882,4.890006475,Nigeria,0.0454846131446545,4.400755225126492,2014,OIL,Chevron,Meren,OFFSHORE,Small,45.484613144654496
s_3820,5.77525882,4.890006475,Nigeria,0.0333637968763946,3.2280345655992004,2015,OIL,Chevron,Meren,OFFSHORE,Small,33.363796876394595
s_3820,5.77525882,4.890006475,Nigeria,0.098015418191258,9.483247936534987,2016,OIL,Chevron,Meren,OFFSHORE,Medium,98.01541819125801
s_3820,5.77525882,4.890006475,Nigeria,0.0837082275928393,8.098989845064963,2017,OIL,Chevron,Meren,OFFSHORE,Medium,83.70822759283931
s_3820,5.77525882,4.890006475,Nigeria,0.107925350309916,10.442059775016201,2018,OIL,Chevron,Meren,OFFSHORE,Medium,107.925350309916
s_3820,5.77525882,4.890006475,Nigeria,0.128496111606788,12.432334705444587,2019,OIL,Chevron,Meren,OFFSHORE,Medium,128.496111606788
s_3820,5.77525882,4.890006475,Nigeria,0.0022710830806057,0.21973322498943776,2020,OIL,Chevron,Meren,OFFSHORE,Small,2.2710830806057003
s_3820,5.77525882,4.890006475,Nigeria,0.0189992895932185,1.8382309350447663,2021,OIL,Chevron,Meren,OFFSHORE,Small,18.999289593218503
s_3820,5.77525882,4.890006475,Nigeria,0.0035606594359175,0.3445031085056382,2022,OIL,Chevron,Meren,OFFSHORE,Small,3.5606594359174997
s_3820,5.77525882,4.890006475,Nigeria,0.0511729365970278,4.951115389246813,2023,OIL,Chevron,Meren,OFFSHORE,Small,51.1729365970278
s_3820,5.77525882,4.890006475,Nigeria,0.0890078664882141,8.611743762217827,2024,OIL,Chevron,Meren,OFFSHORE,Medium,89.0078664882141
s_3820,5.77525882,4.890006475,Nigeria,0.0268363235753628,2.596484459961657,2025,OIL,Chevron,Meren,OFFSHORE,Small,26.8363235753628
s_3822,4.618551085,6.861623438,Nigeria,0.0001090616637824,0.01055200107396739,2012,NA,NA,NA,ONSHORE,Small,0.1090616637824
s_3822,4.618551085,6.861623438,Nigeria,0.0,0.0,2013,NA,NA,NA,ONSHORE,Small,0.0
s_3822,4.618551085,6.861623438,Nigeria,0.0,0.0,2014,NA,NA,NA,ONSHORE,Small,0.0
s_3822,4.618551085,6.861623438,Nigeria,0.0,0.0,2015,NA,NA,NA,ONSHORE,Small,0.0
s_3822,4.618551085,6.861623438,Nigeria,0.0002186495543414,0.021154915964204008,2016,NA,NA,NA,ONSHORE,Small,0.2186495543414
s_3822,4.618551085,6.861623438,Nigeria,0.0,0.0,2017,NA,NA,NA,ONSHORE,Small,0.0
s_3822,4.618551085,6.861623438,Nigeria,0.0006948005094567,0.0672237655993226,2018,NA,NA,NA,ONSHORE,Small,0.6948005094567
s_3822,4.618551085,6.861623438,Nigeria,0.0008290833158818,0.0802159781556991,2019,NA,NA,NA,ONSHORE,Small,0.8290833158818
s_3822,4.618551085,6.861623438,Nigeria,0.0024467236033579,0.23672690471553504,2020,NA,NA,NA,ONSHORE,Small,2.4467236033579
s_3822,4.618551085,6.861623438,Nigeria,0.002829410568882,0.27375286902926926,2021,NA,NA,NA,ONSHORE,Small,2.8294105688820004
s_3822,4.618551085,6.861623438,Nigeria,0.0007319596602844,0.07081901058131673,2022,NA,NA,NA,ONSHORE,Small,0.7319596602844
s_3822,4.618551085,6.861623438,Nigeria,3.62082997769423e-06,0.0003503247657170672,2023,NA,NA,NA,ONSHORE,Small,0.0036208299776942297
s_3822,4.618551085,6.861623438,Nigeria,5.58530754235848e-06,0.000540393105527845,2024,NA,NA,NA,ONSHORE,Small,0.00558530754235848
s_3822,4.618551085,6.861623438,Nigeria,0.0,0.0,2025,NA,NA,NA,ONSHORE,Small,0.0
s_3823,5.60074729,5.108974106,Nigeria,0.0362004405448822,3.502487255923684,2012,OIL,NEPL,Delta South,OFFSHORE,Small,36.200440544882206
s_3823,5.60074729,5.108974106,Nigeria,0.0388909446699116,3.762800563388607,2013,OIL,NEPL,Delta South,OFFSHORE,Small,38.890944669911605
s_3823,5.60074729,5.108974106,Nigeria,0.0306297200022753,2.963505480754339,2014,OIL,NEPL,Delta South,OFFSHORE,Small,30.6297200022753
s_3823,5.60074729,5.108974106,Nigeria,0.0266013715476984,2.5737522370864205,2015,OIL,NEPL,Delta South,OFFSHORE,Small,26.6013715476984
s_3823,5.60074729,5.108974106,Nigeria,0.0295011598339153,2.8543143342454105,2016,OIL,NEPL,Delta South,OFFSHORE,Small,29.5011598339153
s_3823,5.60074729,5.108974106,Nigeria,0.0284499662767921,2.7526086096211944,2017,OIL,NEPL,Delta South,OFFSHORE,Small,28.4499662767921
s_3823,5.60074729,5.108974106,Nigeria,0.022949018944318,2.2203775749294974,2018,OIL,NEPL,Delta South,OFFSHORE,Small,22.949018944318
s_3823,5.60074729,5.108974106,Nigeria,0.0171541828864474,1.6597120377879004,2019,OIL,NEPL,Delta South,OFFSHORE,Small,17.154182886447398
s_3823,5.60074729,5.108974106,Nigeria,0.0110592914211274,1.070015355587184,2020,OIL,NEPL,Delta South,OFFSHORE,Small,11.0592914211274
s_3823,5.60074729,5.108974106,Nigeria,0.0132847289724311,1.285332256292614,2021,OIL,NEPL,Delta South,OFFSHORE,Small,13.2847289724311
s_3823,5.60074729,5.108974106,Nigeria,0.0123840227861651,1.198186578194664,2022,OIL,NEPL,Delta South,OFFSHORE,Small,12.384022786165099
s_3823,5.60074729,5.108974106,Nigeria,0.0069512620939608,0.6725527791988453,2023,OIL,NEPL,Delta South,OFFSHORE,Small,6.9512620939608
s_3823,5.60074729,5.108974106,Nigeria,0.0050966120663488,0.49311054070299665,2024,OIL,NEPL,Delta South,OFFSHORE,Small,5.0966120663488
s_3823,5.60074729,5.108974106,Nigeria,0.0060300291456741,0.5834210832154567,2025,OIL,NEPL,Delta South,OFFSHORE,Small,6.030029145674099
s_3824,4.243046075,7.794269552,Nigeria,0.0344763262470791,3.3356746905261923,2012,OIL,ExxonMobil,Usari,OFFSHORE,Small,34.4763262470791
s_3824,4.243046075,7.794269552,Nigeria,0.0678288441279183,6.562617983820476,2013,OIL,ExxonMobil,Usari,OFFSHORE,Medium,67.8288441279183
s_3824,4.243046075,7.794269552,Nigeria,0.0970731347283797,9.392079548235758,2014,OIL,ExxonMobil,Usari,OFFSHORE,Medium,97.0731347283797
s_3824,4.243046075,7.794269552,Nigeria,0.0624828405303613,6.045378160527423,2015,OIL,ExxonMobil,Usari,OFFSHORE,Medium,62.4828405303613
s_3824,4.243046075,7.794269552,Nigeria,0.0220384905795228,2.1322815753822466,2016,OIL,ExxonMobil,Usari,OFFSHORE,Small,22.038490579522797
s_3824,4.243046075,7.794269552,Nigeria,0.0890532039025425,8.616130275572683,2017,OIL,ExxonMobil,Usari,OFFSHORE,Medium,89.05320390254249
s_3824,4.243046075,7.794269552,Nigeria,0.0108299715903051,1.0478280624798015,2018,OIL,ExxonMobil,Usari,OFFSHORE,Small,10.829971590305101
s_3824,4.243046075,7.794269552,Nigeria,0.0439225910164718,4.249625500872234,2019,OIL,ExxonMobil,Usari,OFFSHORE,Small,43.9225910164718
s_3824,4.243046075,7.794269552,Nigeria,0.0037306467740049,0.3609498278371707,2020,OIL,ExxonMobil,Usari,OFFSHORE,Small,3.7306467740049
s_3824,4.243046075,7.794269552,Nigeria,0.007014855712402,0.678705628025981,2021,OIL,ExxonMobil,Usari,OFFSHORE,Small,7.0148557124019995
s_3824,4.243046075,7.794269552,Nigeria,0.0219618027839629,2.124861830688797,2022,OIL,ExxonMobil,Usari,OFFSHORE,Small,21.961802783962902
s_3824,4.243046075,7.794269552,Nigeria,0.0162291917671965,1.5702167289393214,2023,OIL,ExxonMobil,Usari,OFFSHORE,Small,16.2291917671965
s_3824,4.243046075,7.794269552,Nigeria,0.0103102612371809,0.9975447272167324,2024,OIL,ExxonMobil,Usari,OFFSHORE,Small,10.3102612371809
s_3824,4.243046075,7.794269552,Nigeria,0.0069222906684301,0.6697497180432382,2025,OIL,ExxonMobil,Usari,OFFSHORE,Small,6.9222906684301
s_3826,4.870094184,7.254372701,Nigeria,0.0004368471653797,0.04226610523238769,2012,OIL,NEPL,Isimiri,ONSHORE,Small,0.4368471653797
s_3826,4.870094184,7.254372701,Nigeria,0.0003073962128919,0.029741387175612533,2013,OIL,NEPL,Isimiri,ONSHORE,Small,0.3073962128919
s_3826,4.870094184,7.254372701,Nigeria,0.0004606625031946,0.04457030142272928,2014,OIL,NEPL,Isimiri,ONSHORE,Small,0.4606625031946
s_3826,4.870094184,7.254372701,Nigeria,0.0006270050524143,0.0606643779033047,2015,OIL,NEPL,Isimiri,ONSHORE,Small,0.6270050524143
s_3826,4.870094184,7.254372701,Nigeria,0.0001588781209674,0.015371873534066426,2016,OIL,NEPL,Isimiri,ONSHORE,Small,0.15887812096739998
s_3826,4.870094184,7.254372701,Nigeria,0.0050663394779502,0.49018158863849176,2017,OIL,NEPL,Isimiri,ONSHORE,Small,5.0663394779502
s_3826,4.870094184,7.254372701,Nigeria,0.0087913365412942,0.8505847922000568,2018,OIL,NEPL,Isimiri,ONSHORE,Small,8.7913365412942
s_3826,4.870094184,7.254372701,Nigeria,0.0068820553723597,0.6658568479675228,2019,OIL,NEPL,Isimiri,ONSHORE,Small,6.8820553723597
s_3826,4.870094184,7.254372701,Nigeria,0.0003606530999557,0.03489413022026858,2020,OIL,NEPL,Isimiri,ONSHORE,Small,0.36065309995570005
s_3826,4.870094184,7.254372701,Nigeria,0.0008426134957639,0.08152505842914648,2021,OIL,NEPL,Isimiri,ONSHORE,Small,0.8426134957639
s_3826,4.870094184,7.254372701,Nigeria,3.44622313832936e-05,0.003334310975608925,2022,OIL,NEPL,Isimiri,ONSHORE,Small,0.0344622313832936
s_3826,4.870094184,7.254372701,Nigeria,0.0006738052442773,0.06519241880854484,2023,OIL,NEPL,Isimiri,ONSHORE,Small,0.6738052442772999
s_3826,4.870094184,7.254372701,Nigeria,0.0027877033520279,0.26971758676991614,2024,OIL,NEPL,Isimiri,ONSHORE,Small,2.7877033520279
s_3826,4.870094184,7.254372701,Nigeria,0.0015535119669399,0.15030634390722,2025,OIL,NEPL,Isimiri,ONSHORE,Small,1.5535119669399
s_3827,4.546983897,6.948845053,Nigeria,0.0004977096890422,0.04815471350020604,2012,OIL,NNPC Limited,Akaso,ONSHORE,Small,0.4977096890422
s_3827,4.546983897,6.948845053,Nigeria,0.0,0.0,2013,OIL,NNPC Limited,Akaso,ONSHORE,Small,0.0
s_3827,4.546983897,6.948845053,Nigeria,7.81495692454426e-05,0.0075611751188145344,2014,OIL,NNPC Limited,Akaso,ONSHORE,Small,0.0781495692454426
s_3827,4.546983897,6.948845053,Nigeria,3.66651883056926e-05,0.0035474528167001983,2015,OIL,NNPC Limited,Akaso,ONSHORE,Small,0.036665188305692605
s_3827,4.546983897,6.948845053,Nigeria,0.0015045943413732,0.14557343575586784,2016,OIL,NNPC Limited,Akaso,ONSHORE,Small,1.5045943413732001
s_3827,4.546983897,6.948845053,Nigeria,0.0018467353365427,0.17867647144474247,2017,OIL,NNPC Limited,Akaso,ONSHORE,Small,1.8467353365427
s_3827,4.546983897,6.948845053,Nigeria,0.000958834672978,0.09276976114363822,2018,OIL,NNPC Limited,Akaso,ONSHORE,Small,0.9588346729780001
s_3827,4.546983897,6.948845053,Nigeria,0.0006378678136415,0.06171537844887095,2019,OIL,NNPC Limited,Akaso,ONSHORE,Small,0.6378678136414999
s_3827,4.546983897,6.948845053,Nigeria,0.0014954860229898,0.14469218214180748,2020,OIL,NNPC Limited,Akaso,ONSHORE,Small,1.4954860229898
s_3827,4.546983897,6.948845053,Nigeria,5.65474053576107e-05,0.005471109291474691,2021,OIL,NNPC Limited,Akaso,ONSHORE,Small,0.0565474053576107
s_3827,4.546983897,6.948845053,Nigeria,0.0002917730309737,0.028229803483761334,2022,OIL,NNPC Limited,Akaso,ONSHORE,Small,0.2917730309737
s_3827,4.546983897,6.948845053,Nigeria,3.4818722190307e-06,0.00033688023931061886,2023,OIL,NNPC Limited,Akaso,ONSHORE,Small,0.0034818722190307003
s_3827,4.546983897,6.948845053,Nigeria,2.90487335742489e-05,0.0028105409109147705,2024,OIL,NNPC Limited,Akaso,ONSHORE,Small,0.0290487335742489
s_3827,4.546983897,6.948845053,Nigeria,3.24280232960224e-05,0.003137496025450217,2025,OIL,NNPC Limited,Akaso,ONSHORE,Small,0.0324280232960224
s_3828,5.327707116,6.241791907,Nigeria,0.0,0.0,2012,OIL,Shoreline Natural Resources,Uzere West,ONSHORE,Small,0.0
s_3828,5.327707116,6.241791907,Nigeria,0.0008555311117948,0.08277487154865944,2013,OIL,Shoreline Natural Resources,Uzere West,ONSHORE,Small,0.8555311117947999
s_3828,5.327707116,6.241791907,Nigeria,0.0111030288851648,1.0742470695688824,2014,OIL,Shoreline Natural Resources,Uzere West,ONSHORE,Small,11.1030288851648
s_3828,5.327707116,6.241791907,Nigeria,0.0057674655767587,0.5580173715436098,2015,OIL,Shoreline Natural Resources,Uzere West,ONSHORE,Small,5.7674655767587
s_3828,5.327707116,6.241791907,Nigeria,0.0032241202131637,0.31194205894182875,2016,OIL,Shoreline Natural Resources,Uzere West,ONSHORE,Small,3.2241202131636997
s_3828,5.327707116,6.241791907,Nigeria,0.004859479240506,0.4701673199030776,2017,OIL,Shoreline Natural Resources,Uzere West,ONSHORE,Small,4.859479240506
s_3828,5.327707116,6.241791907,Nigeria,0.0134050485031538,1.2969734854227537,2018,OIL,Shoreline Natural Resources,Uzere West,ONSHORE,Small,13.405048503153798
s_3828,5.327707116,6.241791907,Nigeria,0.0212700786154382,2.0579357091166472,2019,OIL,Shoreline Natural Resources,Uzere West,ONSHORE,Small,21.2700786154382
s_3828,5.327707116,6.241791907,Nigeria,0.0120227132870078,1.1632289396357176,2020,OIL,Shoreline Natural Resources,Uzere West,ONSHORE,Small,12.0227132870078
s_3828,5.327707116,6.241791907,Nigeria,0.0066164264431417,0.6401565546731024,2021,OIL,Shoreline Natural Resources,Uzere West,ONSHORE,Small,6.6164264431417
s_3828,5.327707116,6.241791907,Nigeria,0.0051386539637716,0.4971782041822751,2022,OIL,Shoreline Natural Resources,Uzere West,ONSHORE,Small,5.1386539637716
s_3828,5.327707116,6.241791907,Nigeria,0.0093277965938305,0.902488704667392,2023,OIL,Shoreline Natural Resources,Uzere West,ONSHORE,Small,9.3277965938305
s_3828,5.327707116,6.241791907,Nigeria,0.0083165011064977,0.8046432225947431,2024,OIL,Shoreline Natural Resources,Uzere West,ONSHORE,Small,8.3165011064977
s_3828,5.327707116,6.241791907,Nigeria,0.0082003990758794,0.7934100476248616,2025,OIL,Shoreline Natural Resources,Uzere West,ONSHORE,Small,8.200399075879401
s_3829,4.659071873,6.744851233,Nigeria,0.0,0.0,2012,OIL,SEPLAT Energy,Idama,ONSHORE,Small,0.0
s_3829,4.659071873,6.744851233,Nigeria,0.0,0.0,2013,OIL,SEPLAT Energy,Idama,ONSHORE,Small,0.0
s_3829,4.659071873,6.744851233,Nigeria,0.0,0.0,2014,OIL,SEPLAT Energy,Idama,ONSHORE,Small,0.0
s_3829,4.659071873,6.744851233,Nigeria,0.0,0.0,2015,OIL,SEPLAT Energy,Idama,ONSHORE,Small,0.0
s_3829,4.659071873,6.744851233,Nigeria,0.0,0.0,2016,OIL,SEPLAT Energy,Idama,ONSHORE,Small,0.0
s_3829,4.659071873,6.744851233,Nigeria,0.0,0.0,2017,OIL,SEPLAT Energy,Idama,ONSHORE,Small,0.0
s_3829,4.659071873,6.744851233,Nigeria,0.0,0.0,2018,OIL,SEPLAT Energy,Idama,ONSHORE,Small,0.0
s_3829,4.659071873,6.744851233,Nigeria,3.02966731041122e-06,0.0002931282322724123,2019,OIL,SEPLAT Energy,Idama,ONSHORE,Small,0.00302966731041122
s_3829,4.659071873,6.744851233,Nigeria,0.0004672691184024,0.04520950871473508,2020,OIL,SEPLAT Energy,Idama,ONSHORE,Small,0.4672691184024
s_3829,4.659071873,6.744851233,Nigeria,0.001606160753355,0.15540025162445098,2021,OIL,SEPLAT Energy,Idama,ONSHORE,Small,1.606160753355
s_3829,4.659071873,6.744851233,Nigeria,0.0004541011754114,0.043935475807441435,2022,OIL,SEPLAT Energy,Idama,ONSHORE,Small,0.45410117541140005
s_3829,4.659071873,6.744851233,Nigeria,2.74864614431666e-05,0.0026593869982264326,2023,OIL,SEPLAT Energy,Idama,ONSHORE,Small,0.0274864614431666
s_3829,4.659071873,6.744851233,Nigeria,1.81092805889189e-06,0.00017521202372660516,2024,OIL,SEPLAT Energy,Idama,ONSHORE,Small,0.00181092805889189
s_3829,4.659071873,6.744851233,Nigeria,0.0,0.0,2025,OIL,SEPLAT Energy,Idama,ONSHORE,Small,0.0
s_3830,5.112927365,6.556706916,Nigeria,0.0032185057176366,0.3113988418224755,2012,OIL,Renaissance Africa Energy ,Ubie,ONSHORE,Small,3.2185057176366
s_3830,5.112927365,6.556706916,Nigeria,0.0032720737648741,0.3165816904273549,2013,OIL,Renaissance Africa Energy ,Ubie,ONSHORE,Small,3.2720737648741003
s_3830,5.112927365,6.556706916,Nigeria,0.0020624782731825,0.1995501645479961,2014,OIL,Renaissance Africa Energy ,Ubie,ONSHORE,Small,2.0624782731825
s_3830,5.112927365,6.556706916,Nigeria,0.0,0.0,2015,OIL,Renaissance Africa Energy ,Ubie,ONSHORE,Small,0.0
s_3830,5.112927365,6.556706916,Nigeria,0.0,0.0,2016,OIL,Renaissance Africa Energy ,Ubie,ONSHORE,Small,0.0
s_3830,5.112927365,6.556706916,Nigeria,0.0,0.0,2017,OIL,Renaissance Africa Energy ,Ubie,ONSHORE,Small,0.0
s_3830,5.112927365,6.556706916,Nigeria,0.0,0.0,2018,OIL,Renaissance Africa Energy ,Ubie,ONSHORE,Small,0.0
s_3830,5.112927365,6.556706916,Nigeria,0.0,0.0,2019,OIL,Renaissance Africa Energy ,Ubie,ONSHORE,Small,0.0
s_3830,5.112927365,6.556706916,Nigeria,0.0010414400166393,0.10076204408522806,2020,OIL,Renaissance Africa Energy ,Ubie,ONSHORE,Small,1.0414400166393
s_3830,5.112927365,6.556706916,Nigeria,0.0011981018811596,0.1159194890144215,2021,OIL,Renaissance Africa Energy ,Ubie,ONSHORE,Small,1.1981018811596
s_3830,5.112927365,6.556706916,Nigeria,0.0005869009145954,0.05678419773128846,2022,OIL,Renaissance Africa Energy ,Ubie,ONSHORE,Small,0.5869009145954
s_3830,5.112927365,6.556706916,Nigeria,0.0017457947971506,0.1689102103853346,2023,OIL,Renaissance Africa Energy ,Ubie,ONSHORE,Small,1.7457947971506
s_3830,5.112927365,6.556706916,Nigeria,0.0019926318790896,0.19279234333089518,2024,OIL,Renaissance Africa Energy ,Ubie,ONSHORE,Small,1.9926318790896
s_3830,5.112927365,6.556706916,Nigeria,0.0037014778930142,0.35812766234963156,2025,OIL,Renaissance Africa Energy ,Ubie,ONSHORE,Small,3.7014778930141996
s_38309,5.556771037,5.489166829,Nigeria,0.0,0.0,2012,OIL,NEPL,Egwa,ONSHORE,Small,0.0
s_38309,5.556771037,5.489166829,Nigeria,0.0,0.0,2013,OIL,NEPL,Egwa,ONSHORE,Small,0.0
s_38309,5.556771037,5.489166829,Nigeria,0.0,0.0,2014,OIL,NEPL,Egwa,ONSHORE,Small,0.0
s_38309,5.556771037,5.489166829,Nigeria,0.0,0.0,2015,OIL,NEPL,Egwa,ONSHORE,Small,0.0
s_38309,5.556771037,5.489166829,Nigeria,0.0,0.0,2016,OIL,NEPL,Egwa,ONSHORE,Small,0.0
s_38309,5.556771037,5.489166829,Nigeria,0.0,0.0,2017,OIL,NEPL,Egwa,ONSHORE,Small,0.0
s_38309,5.556771037,5.489166829,Nigeria,0.0,0.0,2018,OIL,NEPL,Egwa,ONSHORE,Small,0.0
s_38309,5.556771037,5.489166829,Nigeria,0.0,0.0,2019,OIL,NEPL,Egwa,ONSHORE,Small,0.0
s_38309,5.556771037,5.489166829,Nigeria,0.0,0.0,2020,OIL,NEPL,Egwa,ONSHORE,Small,0.0
s_38309,5.556771037,5.489166829,Nigeria,0.0,0.0,2021,OIL,NEPL,Egwa,ONSHORE,Small,0.0
s_38309,5.556771037,5.489166829,Nigeria,0.0,0.0,2022,OIL,NEPL,Egwa,ONSHORE,Small,0.0
s_38309,5.556771037,5.489166829,Nigeria,0.0,0.0,2023,OIL,NEPL,Egwa,ONSHORE,Small,0.0
s_38309,5.556771037,5.489166829,Nigeria,0.0,0.0,2024,OIL,NEPL,Egwa,ONSHORE,Small,0.0
s_38309,5.556771037,5.489166829,Nigeria,0.0035306298990555,0.34159767231267135,2025,OIL,NEPL,Egwa,ONSHORE,Small,3.5306298990555
s_3831,5.603841274,5.427130337,Nigeria,0.0002147742761008,0.020779972663886113,2012,OIL,NEPL,Egwa,ONSHORE,Small,0.2147742761008
s_3831,5.603841274,5.427130337,Nigeria,0.0,0.0,2013,OIL,NEPL,Egwa,ONSHORE,Small,0.0
s_3831,5.603841274,5.427130337,Nigeria,0.0,0.0,2014,OIL,NEPL,Egwa,ONSHORE,Small,0.0
s_3831,5.603841274,5.427130337,Nigeria,0.0,0.0,2015,OIL,NEPL,Egwa,ONSHORE,Small,0.0
s_3831,5.603841274,5.427130337,Nigeria,0.0,0.0,2016,OIL,NEPL,Egwa,ONSHORE,Small,0.0
s_3831,5.603841274,5.427130337,Nigeria,0.0,0.0,2017,OIL,NEPL,Egwa,ONSHORE,Small,0.0
s_3831,5.603841274,5.427130337,Nigeria,0.0002875913274128,0.027825212732664147,2018,OIL,NEPL,Egwa,ONSHORE,Small,0.2875913274128
s_3831,5.603841274,5.427130337,Nigeria,0.000256392860761,0.024806679526781995,2019,OIL,NEPL,Egwa,ONSHORE,Small,0.256392860761
s_3831,5.603841274,5.427130337,Nigeria,0.001021047483898,0.09878901323346657,2020,OIL,NEPL,Egwa,ONSHORE,Small,1.021047483898
s_3831,5.603841274,5.427130337,Nigeria,0.0011847030117792,0.11462311337527831,2021,OIL,NEPL,Egwa,ONSHORE,Small,1.1847030117792001
s_3831,5.603841274,5.427130337,Nigeria,0.0006824572951035,0.06602952734369646,2022,OIL,NEPL,Egwa,ONSHORE,Small,0.6824572951035001
s_3831,5.603841274,5.427130337,Nigeria,0.0,0.0,2023,OIL,NEPL,Egwa,ONSHORE,Small,0.0
s_3831,5.603841274,5.427130337,Nigeria,0.0,0.0,2024,OIL,NEPL,Egwa,ONSHORE,Small,0.0
s_3831,5.603841274,5.427130337,Nigeria,0.0,0.0,2025,OIL,NEPL,Egwa,ONSHORE,Small,0.0
s_38310,5.660746,5.39172259,Nigeria,0.0,0.0,2012,OIL,NEPL,Jones Creek,ONSHORE,Small,0.0
s_38310,5.660746,5.39172259,Nigeria,0.0,0.0,2013,OIL,NEPL,Jones Creek,ONSHORE,Small,0.0
s_38310,5.660746,5.39172259,Nigeria,0.0,0.0,2014,OIL,NEPL,Jones Creek,ONSHORE,Small,0.0
s_38310,5.660746,5.39172259,Nigeria,0.0,0.0,2015,OIL,NEPL,Jones Creek,ONSHORE,Small,0.0
s_38310,5.660746,5.39172259,Nigeria,0.0,0.0,2016,OIL,NEPL,Jones Creek,ONSHORE,Small,0.0
s_38310,5.660746,5.39172259,Nigeria,0.0,0.0,2017,OIL,NEPL,Jones Creek,ONSHORE,Small,0.0
s_38310,5.660746,5.39172259,Nigeria,0.0,0.0,2018,OIL,NEPL,Jones Creek,ONSHORE,Small,0.0
s_38310,5.660746,5.39172259,Nigeria,0.0,0.0,2019,OIL,NEPL,Jones Creek,ONSHORE,Small,0.0
s_38310,5.660746,5.39172259,Nigeria,0.0,0.0,2020,OIL,NEPL,Jones Creek,ONSHORE,Small,0.0
s_38310,5.660746,5.39172259,Nigeria,0.0,0.0,2021,OIL,NEPL,Jones Creek,ONSHORE,Small,0.0
s_38310,5.660746,5.39172259,Nigeria,0.0,0.0,2022,OIL,NEPL,Jones Creek,ONSHORE,Small,0.0
s_38310,5.660746,5.39172259,Nigeria,0.0,0.0,2023,OIL,NEPL,Jones Creek,ONSHORE,Small,0.0
s_38310,5.660746,5.39172259,Nigeria,0.0,0.0,2024,OIL,NEPL,Jones Creek,ONSHORE,Small,0.0
s_38310,5.660746,5.39172259,Nigeria,0.0,0.0,2025,OIL,NEPL,Jones Creek,ONSHORE,Small,0.0
s_38311,5.747310884,5.4645202,Nigeria,0.0,0.0,2012,OIL,NEPL,Makaraba,ONSHORE,Small,0.0
s_38311,5.747310884,5.4645202,Nigeria,0.0,0.0,2013,OIL,NEPL,Makaraba,ONSHORE,Small,0.0
s_38311,5.747310884,5.4645202,Nigeria,0.0,0.0,2014,OIL,NEPL,Makaraba,ONSHORE,Small,0.0
s_38311,5.747310884,5.4645202,Nigeria,0.0,0.0,2015,OIL,NEPL,Makaraba,ONSHORE,Small,0.0
s_38311,5.747310884,5.4645202,Nigeria,0.0,0.0,2016,OIL,NEPL,Makaraba,ONSHORE,Small,0.0
s_38311,5.747310884,5.4645202,Nigeria,0.0,0.0,2017,OIL,NEPL,Makaraba,ONSHORE,Small,0.0
s_38311,5.747310884,5.4645202,Nigeria,0.0,0.0,2018,OIL,NEPL,Makaraba,ONSHORE,Small,0.0
s_38311,5.747310884,5.4645202,Nigeria,0.0,0.0,2019,OIL,NEPL,Makaraba,ONSHORE,Small,0.0
s_38311,5.747310884,5.4645202,Nigeria,0.0,0.0,2020,OIL,NEPL,Makaraba,ONSHORE,Small,0.0
s_38311,5.747310884,5.4645202,Nigeria,0.0,0.0,2021,OIL,NEPL,Makaraba,ONSHORE,Small,0.0
s_38311,5.747310884,5.4645202,Nigeria,0.0,0.0,2022,OIL,NEPL,Makaraba,ONSHORE,Small,0.0
s_38311,5.747310884,5.4645202,Nigeria,0.0,0.0,2023,OIL,NEPL,Makaraba,ONSHORE,Small,0.0
s_38311,5.747310884,5.4645202,Nigeria,0.0,0.0,2024,OIL,NEPL,Makaraba,ONSHORE,Small,0.0
s_38311,5.747310884,5.4645202,Nigeria,0.0,0.0,2025,OIL,NEPL,Makaraba,ONSHORE,Small,0.0
s_38312,4.230903911,7.837409077,Nigeria,0.0,0.0,2012,GAS,ExxonMobil,Oso,OFFSHORE,Small,0.0
s_38312,4.230903911,7.837409077,Nigeria,0.0,0.0,2013,GAS,ExxonMobil,Oso,OFFSHORE,Small,0.0
s_38312,4.230903911,7.837409077,Nigeria,0.0,0.0,2014,GAS,ExxonMobil,Oso,OFFSHORE,Small,0.0
s_38312,4.230903911,7.837409077,Nigeria,0.0,0.0,2015,GAS,ExxonMobil,Oso,OFFSHORE,Small,0.0
s_38312,4.230903911,7.837409077,Nigeria,0.0,0.0,2016,GAS,ExxonMobil,Oso,OFFSHORE,Small,0.0
s_38312,4.230903911,7.837409077,Nigeria,0.0,0.0,2017,GAS,ExxonMobil,Oso,OFFSHORE,Small,0.0
s_38312,4.230903911,7.837409077,Nigeria,0.0,0.0,2018,GAS,ExxonMobil,Oso,OFFSHORE,Small,0.0
s_38312,4.230903911,7.837409077,Nigeria,0.0,0.0,2019,GAS,ExxonMobil,Oso,OFFSHORE,Small,0.0
s_38312,4.230903911,7.837409077,Nigeria,0.0,0.0,2020,GAS,ExxonMobil,Oso,OFFSHORE,Small,0.0
s_38312,4.230903911,7.837409077,Nigeria,0.0,0.0,2021,GAS,ExxonMobil,Oso,OFFSHORE,Small,0.0
s_38312,4.230903911,7.837409077,Nigeria,0.0,0.0,2022,GAS,ExxonMobil,Oso,OFFSHORE,Small,0.0
s_38312,4.230903911,7.837409077,Nigeria,0.0,0.0,2023,GAS,ExxonMobil,Oso,OFFSHORE,Small,0.0
s_38312,4.230903911,7.837409077,Nigeria,0.0,0.0,2024,GAS,ExxonMobil,Oso,OFFSHORE,Small,0.0
s_38312,4.230903911,7.837409077,Nigeria,0.0014645723083188,0.14170119943445075,2025,GAS,ExxonMobil,Oso,OFFSHORE,Small,1.4645723083188
s_38315,4.92207353,5.939913498,Nigeria,0.0,0.0,2012,GAS,Renaissance Africa Energy ,Iseni,ONSHORE,Small,0.0
s_38315,4.92207353,5.939913498,Nigeria,0.0,0.0,2013,GAS,Renaissance Africa Energy ,Iseni,ONSHORE,Small,0.0
s_38315,4.92207353,5.939913498,Nigeria,0.0,0.0,2014,GAS,Renaissance Africa Energy ,Iseni,ONSHORE,Small,0.0
s_38315,4.92207353,5.939913498,Nigeria,0.0,0.0,2015,GAS,Renaissance Africa Energy ,Iseni,ONSHORE,Small,0.0
s_38315,4.92207353,5.939913498,Nigeria,0.0,0.0,2016,GAS,Renaissance Africa Energy ,Iseni,ONSHORE,Small,0.0
s_38315,4.92207353,5.939913498,Nigeria,0.0,0.0,2017,GAS,Renaissance Africa Energy ,Iseni,ONSHORE,Small,0.0
s_38315,4.92207353,5.939913498,Nigeria,0.0,0.0,2018,GAS,Renaissance Africa Energy ,Iseni,ONSHORE,Small,0.0
s_38315,4.92207353,5.939913498,Nigeria,0.0,0.0,2019,GAS,Renaissance Africa Energy ,Iseni,ONSHORE,Small,0.0
s_38315,4.92207353,5.939913498,Nigeria,0.0,0.0,2020,GAS,Renaissance Africa Energy ,Iseni,ONSHORE,Small,0.0
s_38315,4.92207353,5.939913498,Nigeria,0.0,0.0,2021,GAS,Renaissance Africa Energy ,Iseni,ONSHORE,Small,0.0
s_38315,4.92207353,5.939913498,Nigeria,0.0,0.0,2022,GAS,Renaissance Africa Energy ,Iseni,ONSHORE,Small,0.0
s_38315,4.92207353,5.939913498,Nigeria,0.0,0.0,2023,GAS,Renaissance Africa Energy ,Iseni,ONSHORE,Small,0.0
s_38315,4.92207353,5.939913498,Nigeria,0.0,0.0,2024,GAS,Renaissance Africa Energy ,Iseni,ONSHORE,Small,0.0
s_38315,4.92207353,5.939913498,Nigeria,0.000398231992368,0.0385299862978382,2025,GAS,Renaissance Africa Energy ,Iseni,ONSHORE,Small,0.398231992368
s_38316,5.808313703,5.967669327,Nigeria,0.0,0.0,2012,OIL,Newcross Petroleum,Efe,ONSHORE,Small,0.0
s_38316,5.808313703,5.967669327,Nigeria,0.0,0.0,2013,OIL,Newcross Petroleum,Efe,ONSHORE,Small,0.0
s_38316,5.808313703,5.967669327,Nigeria,0.0,0.0,2014,OIL,Newcross Petroleum,Efe,ONSHORE,Small,0.0
s_38316,5.808313703,5.967669327,Nigeria,0.0,0.0,2015,OIL,Newcross Petroleum,Efe,ONSHORE,Small,0.0
s_38316,5.808313703,5.967669327,Nigeria,0.0,0.0,2016,OIL,Newcross Petroleum,Efe,ONSHORE,Small,0.0
s_38316,5.808313703,5.967669327,Nigeria,0.0,0.0,2017,OIL,Newcross Petroleum,Efe,ONSHORE,Small,0.0
s_38316,5.808313703,5.967669327,Nigeria,0.0,0.0,2018,OIL,Newcross Petroleum,Efe,ONSHORE,Small,0.0
s_38316,5.808313703,5.967669327,Nigeria,0.0,0.0,2019,OIL,Newcross Petroleum,Efe,ONSHORE,Small,0.0
s_38316,5.808313703,5.967669327,Nigeria,0.0,0.0,2020,OIL,Newcross Petroleum,Efe,ONSHORE,Small,0.0
s_38316,5.808313703,5.967669327,Nigeria,0.0,0.0,2021,OIL,Newcross Petroleum,Efe,ONSHORE,Small,0.0
s_38316,5.808313703,5.967669327,Nigeria,0.0,0.0,2022,OIL,Newcross Petroleum,Efe,ONSHORE,Small,0.0
s_38316,5.808313703,5.967669327,Nigeria,0.0,0.0,2023,OIL,Newcross Petroleum,Efe,ONSHORE,Small,0.0
s_38316,5.808313703,5.967669327,Nigeria,0.0,0.0,2024,OIL,Newcross Petroleum,Efe,ONSHORE,Small,0.0
s_38316,5.808313703,5.967669327,Nigeria,0.0003567628890345,0.034517742144066436,2025,OIL,Newcross Petroleum,Efe,ONSHORE,Small,0.3567628890345
s_38317,5.341668535,6.86687924,Nigeria,0.0,0.0,2012,OIL,Sterling Global,Oguali,ONSHORE,Small,0.0
s_38317,5.341668535,6.86687924,Nigeria,0.0,0.0,2013,OIL,Sterling Global,Oguali,ONSHORE,Small,0.0
s_38317,5.341668535,6.86687924,Nigeria,0.0,0.0,2014,OIL,Sterling Global,Oguali,ONSHORE,Small,0.0
s_38317,5.341668535,6.86687924,Nigeria,0.0,0.0,2015,OIL,Sterling Global,Oguali,ONSHORE,Small,0.0
s_38317,5.341668535,6.86687924,Nigeria,0.0,0.0,2016,OIL,Sterling Global,Oguali,ONSHORE,Small,0.0
s_38317,5.341668535,6.86687924,Nigeria,0.0,0.0,2017,OIL,Sterling Global,Oguali,ONSHORE,Small,0.0
s_38317,5.341668535,6.86687924,Nigeria,0.0,0.0,2018,OIL,Sterling Global,Oguali,ONSHORE,Small,0.0
s_38317,5.341668535,6.86687924,Nigeria,0.0,0.0,2019,OIL,Sterling Global,Oguali,ONSHORE,Small,0.0
s_38317,5.341668535,6.86687924,Nigeria,0.0,0.0,2020,OIL,Sterling Global,Oguali,ONSHORE,Small,0.0
s_38317,5.341668535,6.86687924,Nigeria,0.0,0.0,2021,OIL,Sterling Global,Oguali,ONSHORE,Small,0.0
s_38317,5.341668535,6.86687924,Nigeria,0.0,0.0,2022,OIL,Sterling Global,Oguali,ONSHORE,Small,0.0
s_38317,5.341668535,6.86687924,Nigeria,0.0,0.0,2023,OIL,Sterling Global,Oguali,ONSHORE,Small,0.0
s_38317,5.341668535,6.86687924,Nigeria,0.0,0.0,2024,OIL,Sterling Global,Oguali,ONSHORE,Small,0.0
s_38317,5.341668535,6.86687924,Nigeria,0.0002472320982993,0.023920351811049696,2025,OIL,Sterling Global,Oguali,ONSHORE,Small,0.2472320982993
s_38318,4.4078287,6.940202047,Nigeria,0.0,0.0,2012,NA,NA,NA,ONSHORE,Small,0.0
s_38318,4.4078287,6.940202047,Nigeria,0.0,0.0,2013,NA,NA,NA,ONSHORE,Small,0.0
s_38318,4.4078287,6.940202047,Nigeria,0.0,0.0,2014,NA,NA,NA,ONSHORE,Small,0.0
s_38318,4.4078287,6.940202047,Nigeria,0.0,0.0,2015,NA,NA,NA,ONSHORE,Small,0.0
s_38318,4.4078287,6.940202047,Nigeria,0.0,0.0,2016,NA,NA,NA,ONSHORE,Small,0.0
s_38318,4.4078287,6.940202047,Nigeria,0.0,0.0,2017,NA,NA,NA,ONSHORE,Small,0.0
s_38318,4.4078287,6.940202047,Nigeria,0.0,0.0,2018,NA,NA,NA,ONSHORE,Small,0.0
s_38318,4.4078287,6.940202047,Nigeria,0.0,0.0,2019,NA,NA,NA,ONSHORE,Small,0.0
s_38318,4.4078287,6.940202047,Nigeria,0.0,0.0,2020,NA,NA,NA,ONSHORE,Small,0.0
s_38318,4.4078287,6.940202047,Nigeria,0.0,0.0,2021,NA,NA,NA,ONSHORE,Small,0.0
s_38318,4.4078287,6.940202047,Nigeria,0.0,0.0,2022,NA,NA,NA,ONSHORE,Small,0.0
s_38318,4.4078287,6.940202047,Nigeria,0.0,0.0,2023,NA,NA,NA,ONSHORE,Small,0.0
s_38318,4.4078287,6.940202047,Nigeria,0.0,0.0,2024,NA,NA,NA,ONSHORE,Small,0.0
s_38318,4.4078287,6.940202047,Nigeria,0.0,0.0,2025,NA,NA,NA,ONSHORE,Small,0.0
s_38319,4.837277857,6.670762339,Nigeria,0.0,0.0,2012,GAS,TotalEnergies,Ubeta,ONSHORE,Small,0.0
s_38319,4.837277857,6.670762339,Nigeria,0.0,0.0,2013,GAS,TotalEnergies,Ubeta,ONSHORE,Small,0.0
s_38319,4.837277857,6.670762339,Nigeria,0.0,0.0,2014,GAS,TotalEnergies,Ubeta,ONSHORE,Small,0.0
s_38319,4.837277857,6.670762339,Nigeria,0.0,0.0,2015,GAS,TotalEnergies,Ubeta,ONSHORE,Small,0.0
s_38319,4.837277857,6.670762339,Nigeria,0.0,0.0,2016,GAS,TotalEnergies,Ubeta,ONSHORE,Small,0.0
s_38319,4.837277857,6.670762339,Nigeria,0.0,0.0,2017,GAS,TotalEnergies,Ubeta,ONSHORE,Small,0.0
s_38319,4.837277857,6.670762339,Nigeria,0.0,0.0,2018,GAS,TotalEnergies,Ubeta,ONSHORE,Small,0.0
s_38319,4.837277857,6.670762339,Nigeria,0.0,0.0,2019,GAS,TotalEnergies,Ubeta,ONSHORE,Small,0.0
s_38319,4.837277857,6.670762339,Nigeria,0.0,0.0,2020,GAS,TotalEnergies,Ubeta,ONSHORE,Small,0.0
s_38319,4.837277857,6.670762339,Nigeria,0.0,0.0,2021,GAS,TotalEnergies,Ubeta,ONSHORE,Small,0.0
s_38319,4.837277857,6.670762339,Nigeria,0.0,0.0,2022,GAS,TotalEnergies,Ubeta,ONSHORE,Small,0.0
s_38319,4.837277857,6.670762339,Nigeria,0.0,0.0,2023,GAS,TotalEnergies,Ubeta,ONSHORE,Small,0.0
s_38319,4.837277857,6.670762339,Nigeria,0.0,0.0,2024,GAS,TotalEnergies,Ubeta,ONSHORE,Small,0.0
s_38319,4.837277857,6.670762339,Nigeria,0.0,0.0,2025,GAS,TotalEnergies,Ubeta,ONSHORE,Small,0.0
s_3832,5.001769294,5.68636797,Nigeria,0.0492069579241337,4.760901813290683,2012,OIL,Renaissance Africa Energy ,Benisede,ONSHORE,Small,49.206957924133704
s_3832,5.001769294,5.68636797,Nigeria,0.0350968026592678,3.395707405420857,2013,OIL,Renaissance Africa Energy ,Benisede,ONSHORE,Small,35.0968026592678
s_3832,5.001769294,5.68636797,Nigeria,0.0317811324298794,3.074907643084257,2014,OIL,Renaissance Africa Energy ,Benisede,ONSHORE,Small,31.7811324298794
s_3832,5.001769294,5.68636797,Nigeria,0.0247232891002729,2.392042850717869,2015,OIL,Renaissance Africa Energy ,Benisede,ONSHORE,Small,24.7232891002729
s_3832,5.001769294,5.68636797,Nigeria,0.0087398594257432,0.8456042467018451,2016,OIL,Renaissance Africa Energy ,Benisede,ONSHORE,Small,8.7398594257432
s_3832,5.001769294,5.68636797,Nigeria,0.0169862309831061,1.6434622520889752,2017,OIL,Renaissance Africa Energy ,Benisede,ONSHORE,Small,16.9862309831061
s_3832,5.001769294,5.68636797,Nigeria,0.0152673803369154,1.4771589587449325,2018,OIL,Renaissance Africa Energy ,Benisede,ONSHORE,Small,15.2673803369154
s_3832,5.001769294,5.68636797,Nigeria,0.007870188993044,0.7614613588934477,2019,OIL,Renaissance Africa Energy ,Benisede,ONSHORE,Small,7.870188993044
s_3832,5.001769294,5.68636797,Nigeria,0.0075488691224906,0.7303728214406228,2020,OIL,Renaissance Africa Energy ,Benisede,ONSHORE,Small,7.5488691224906
s_3832,5.001769294,5.68636797,Nigeria,0.0019031385340403,0.18413362824878085,2021,OIL,Renaissance Africa Energy ,Benisede,ONSHORE,Small,1.9031385340403
s_3832,5.001769294,5.68636797,Nigeria,0.0009048244236804,0.08754412833346378,2022,OIL,Renaissance Africa Energy ,Benisede,ONSHORE,Small,0.9048244236804001
s_3832,5.001769294,5.68636797,Nigeria,0.0007378747957032,0.07139131539610824,2023,OIL,Renaissance Africa Energy ,Benisede,ONSHORE,Small,0.7378747957031999
s_3832,5.001769294,5.68636797,Nigeria,0.0077483723414529,0.749675279405599,2024,OIL,Renaissance Africa Energy ,Benisede,ONSHORE,Small,7.7483723414528995
s_3832,5.001769294,5.68636797,Nigeria,0.0035412978140785,0.342629820978625,2025,OIL,Renaissance Africa Energy ,Benisede,ONSHORE,Small,3.5412978140785
s_38320,10.1409163,7.18872893,Nigeria,0.0,0.0,2012,OIL,Pan Ocean Oil,Obi Ayima,ONSHORE,Small,0.0
s_38320,10.1409163,7.18872893,Nigeria,0.0,0.0,2013,OIL,Pan Ocean Oil,Obi Ayima,ONSHORE,Small,0.0
s_38320,10.1409163,7.18872893,Nigeria,0.0,0.0,2014,OIL,Pan Ocean Oil,Obi Ayima,ONSHORE,Small,0.0
s_38320,10.1409163,7.18872893,Nigeria,0.0,0.0,2015,OIL,Pan Ocean Oil,Obi Ayima,ONSHORE,Small,0.0
s_38320,10.1409163,7.18872893,Nigeria,0.0,0.0,2016,OIL,Pan Ocean Oil,Obi Ayima,ONSHORE,Small,0.0
s_38320,10.1409163,7.18872893,Nigeria,0.0,0.0,2017,OIL,Pan Ocean Oil,Obi Ayima,ONSHORE,Small,0.0
s_38320,10.1409163,7.18872893,Nigeria,0.0,0.0,2018,OIL,Pan Ocean Oil,Obi Ayima,ONSHORE,Small,0.0
s_38320,10.1409163,7.18872893,Nigeria,0.0,0.0,2019,OIL,Pan Ocean Oil,Obi Ayima,ONSHORE,Small,0.0
s_38320,10.1409163,7.18872893,Nigeria,0.0,0.0,2020,OIL,Pan Ocean Oil,Obi Ayima,ONSHORE,Small,0.0
s_38320,10.1409163,7.18872893,Nigeria,0.0,0.0,2021,OIL,Pan Ocean Oil,Obi Ayima,ONSHORE,Small,0.0
s_38320,10.1409163,7.18872893,Nigeria,0.0,0.0,2022,OIL,Pan Ocean Oil,Obi Ayima,ONSHORE,Small,0.0
s_38320,10.1409163,7.18872893,Nigeria,0.0,0.0,2023,OIL,Pan Ocean Oil,Obi Ayima,ONSHORE,Small,0.0
s_38320,10.1409163,7.18872893,Nigeria,0.0,0.0,2024,OIL,Pan Ocean Oil,Obi Ayima,ONSHORE,Small,0.0
s_38320,10.1409163,7.18872893,Nigeria,8.41238659949091e-05,0.008139203947004334,2025,OIL,Pan Ocean Oil,Obi Ayima,ONSHORE,Small,0.0841238659949091
s_38322,4.581046149,7.034587961,Nigeria,0.0,0.0,2012,OIL,NNPC Limited,Cawthorne Channel,ONSHORE,Small,0.0
s_38322,4.581046149,7.034587961,Nigeria,0.0,0.0,2013,OIL,NNPC Limited,Cawthorne Channel,ONSHORE,Small,0.0
s_38322,4.581046149,7.034587961,Nigeria,0.0,0.0,2014,OIL,NNPC Limited,Cawthorne Channel,ONSHORE,Small,0.0
s_38322,4.581046149,7.034587961,Nigeria,0.0,0.0,2015,OIL,NNPC Limited,Cawthorne Channel,ONSHORE,Small,0.0
s_38322,4.581046149,7.034587961,Nigeria,0.0,0.0,2016,OIL,NNPC Limited,Cawthorne Channel,ONSHORE,Small,0.0
s_38322,4.581046149,7.034587961,Nigeria,0.0,0.0,2017,OIL,NNPC Limited,Cawthorne Channel,ONSHORE,Small,0.0
s_38322,4.581046149,7.034587961,Nigeria,0.0,0.0,2018,OIL,NNPC Limited,Cawthorne Channel,ONSHORE,Small,0.0
s_38322,4.581046149,7.034587961,Nigeria,0.0,0.0,2019,OIL,NNPC Limited,Cawthorne Channel,ONSHORE,Small,0.0
s_38322,4.581046149,7.034587961,Nigeria,0.0,0.0,2020,OIL,NNPC Limited,Cawthorne Channel,ONSHORE,Small,0.0
s_38322,4.581046149,7.034587961,Nigeria,0.0,0.0,2021,OIL,NNPC Limited,Cawthorne Channel,ONSHORE,Small,0.0
s_38322,4.581046149,7.034587961,Nigeria,0.0,0.0,2022,OIL,NNPC Limited,Cawthorne Channel,ONSHORE,Small,0.0
s_38322,4.581046149,7.034587961,Nigeria,0.0,0.0,2023,OIL,NNPC Limited,Cawthorne Channel,ONSHORE,Small,0.0
s_38322,4.581046149,7.034587961,Nigeria,0.0,0.0,2024,OIL,NNPC Limited,Cawthorne Channel,ONSHORE,Small,0.0
s_38322,4.581046149,7.034587961,Nigeria,0.000126681609948,0.012256776926586124,2025,OIL,NNPC Limited,Cawthorne Channel,ONSHORE,Small,0.126681609948
s_38323,4.943128548,5.935745615,Nigeria,0.0,0.0,2012,GAS,Renaissance Africa Energy ,Iseni,ONSHORE,Small,0.0
s_38323,4.943128548,5.935745615,Nigeria,0.0,0.0,2013,GAS,Renaissance Africa Energy ,Iseni,ONSHORE,Small,0.0
s_38323,4.943128548,5.935745615,Nigeria,0.0,0.0,2014,GAS,Renaissance Africa Energy ,Iseni,ONSHORE,Small,0.0
s_38323,4.943128548,5.935745615,Nigeria,0.0,0.0,2015,GAS,Renaissance Africa Energy ,Iseni,ONSHORE,Small,0.0
s_38323,4.943128548,5.935745615,Nigeria,0.0,0.0,2016,GAS,Renaissance Africa Energy ,Iseni,ONSHORE,Small,0.0
s_38323,4.943128548,5.935745615,Nigeria,0.0,0.0,2017,GAS,Renaissance Africa Energy ,Iseni,ONSHORE,Small,0.0
s_38323,4.943128548,5.935745615,Nigeria,0.0,0.0,2018,GAS,Renaissance Africa Energy ,Iseni,ONSHORE,Small,0.0
s_38323,4.943128548,5.935745615,Nigeria,0.0,0.0,2019,GAS,Renaissance Africa Energy ,Iseni,ONSHORE,Small,0.0
s_38323,4.943128548,5.935745615,Nigeria,0.0,0.0,2020,GAS,Renaissance Africa Energy ,Iseni,ONSHORE,Small,0.0
s_38323,4.943128548,5.935745615,Nigeria,0.0,0.0,2021,GAS,Renaissance Africa Energy ,Iseni,ONSHORE,Small,0.0
s_38323,4.943128548,5.935745615,Nigeria,0.0,0.0,2022,GAS,Renaissance Africa Energy ,Iseni,ONSHORE,Small,0.0
s_38323,4.943128548,5.935745615,Nigeria,0.0,0.0,2023,GAS,Renaissance Africa Energy ,Iseni,ONSHORE,Small,0.0
s_38323,4.943128548,5.935745615,Nigeria,0.0,0.0,2024,GAS,Renaissance Africa Energy ,Iseni,ONSHORE,Small,0.0
s_38323,4.943128548,5.935745615,Nigeria,0.0,0.0,2025,GAS,Renaissance Africa Energy ,Iseni,ONSHORE,Small,0.0
s_38324,5.023425099,5.710914038,Nigeria,0.0,0.0,2012,OIL,Renaissance Africa Energy ,Benisede,ONSHORE,Small,0.0
s_38324,5.023425099,5.710914038,Nigeria,0.0,0.0,2013,OIL,Renaissance Africa Energy ,Benisede,ONSHORE,Small,0.0
s_38324,5.023425099,5.710914038,Nigeria,0.0,0.0,2014,OIL,Renaissance Africa Energy ,Benisede,ONSHORE,Small,0.0
s_38324,5.023425099,5.710914038,Nigeria,0.0,0.0,2015,OIL,Renaissance Africa Energy ,Benisede,ONSHORE,Small,0.0
s_38324,5.023425099,5.710914038,Nigeria,0.0,0.0,2016,OIL,Renaissance Africa Energy ,Benisede,ONSHORE,Small,0.0
s_38324,5.023425099,5.710914038,Nigeria,0.0,0.0,2017,OIL,Renaissance Africa Energy ,Benisede,ONSHORE,Small,0.0
s_38324,5.023425099,5.710914038,Nigeria,0.0,0.0,2018,OIL,Renaissance Africa Energy ,Benisede,ONSHORE,Small,0.0
s_38324,5.023425099,5.710914038,Nigeria,0.0,0.0,2019,OIL,Renaissance Africa Energy ,Benisede,ONSHORE,Small,0.0
s_38324,5.023425099,5.710914038,Nigeria,0.0,0.0,2020,OIL,Renaissance Africa Energy ,Benisede,ONSHORE,Small,0.0
s_38324,5.023425099,5.710914038,Nigeria,0.0,0.0,2021,OIL,Renaissance Africa Energy ,Benisede,ONSHORE,Small,0.0
s_38324,5.023425099,5.710914038,Nigeria,0.0,0.0,2022,OIL,Renaissance Africa Energy ,Benisede,ONSHORE,Small,0.0
s_38324,5.023425099,5.710914038,Nigeria,0.0,0.0,2023,OIL,Renaissance Africa Energy ,Benisede,ONSHORE,Small,0.0
s_38324,5.023425099,5.710914038,Nigeria,0.0,0.0,2024,OIL,Renaissance Africa Energy ,Benisede,ONSHORE,Small,0.0
s_38324,5.023425099,5.710914038,Nigeria,0.0,0.0,2025,OIL,Renaissance Africa Energy ,Benisede,ONSHORE,Small,0.0
s_38328,5.930620194,5.648337278,Nigeria,0.0,0.0,2012,GAS,Oando Oil,Irri,ONSHORE,Small,0.0
s_38328,5.930620194,5.648337278,Nigeria,0.0,0.0,2013,GAS,Oando Oil,Irri,ONSHORE,Small,0.0
s_38328,5.930620194,5.648337278,Nigeria,0.0,0.0,2014,GAS,Oando Oil,Irri,ONSHORE,Small,0.0
s_38328,5.930620194,5.648337278,Nigeria,0.0,0.0,2015,GAS,Oando Oil,Irri,ONSHORE,Small,0.0
s_38328,5.930620194,5.648337278,Nigeria,0.0,0.0,2016,GAS,Oando Oil,Irri,ONSHORE,Small,0.0
s_38328,5.930620194,5.648337278,Nigeria,0.0,0.0,2017,GAS,Oando Oil,Irri,ONSHORE,Small,0.0
s_38328,5.930620194,5.648337278,Nigeria,0.0,0.0,2018,GAS,Oando Oil,Irri,ONSHORE,Small,0.0
s_38328,5.930620194,5.648337278,Nigeria,0.0,0.0,2019,GAS,Oando Oil,Irri,ONSHORE,Small,0.0
s_38328,5.930620194,5.648337278,Nigeria,0.0,0.0,2020,GAS,Oando Oil,Irri,ONSHORE,Small,0.0
s_38328,5.930620194,5.648337278,Nigeria,0.0,0.0,2021,GAS,Oando Oil,Irri,ONSHORE,Small,0.0
s_38328,5.930620194,5.648337278,Nigeria,0.0,0.0,2022,GAS,Oando Oil,Irri,ONSHORE,Small,0.0
s_38328,5.930620194,5.648337278,Nigeria,0.0,0.0,2023,GAS,Oando Oil,Irri,ONSHORE,Small,0.0
s_38328,5.930620194,5.648337278,Nigeria,0.0,0.0,2024,GAS,Oando Oil,Irri,ONSHORE,Small,0.0
s_38328,5.930620194,5.648337278,Nigeria,0.000504547108856,0.048816251741199086,2025,GAS,Oando Oil,Irri,ONSHORE,Small,0.504547108856
s_3833,4.554867169,6.900561222,Nigeria,0.0,0.0,2012,GAS,TotalEnergies,Ubeta,ONSHORE,Small,0.0
s_3833,4.554867169,6.900561222,Nigeria,0.0005342911691,0.05169406732509712,2013,GAS,TotalEnergies,Ubeta,ONSHORE,Small,0.5342911691
s_3833,4.554867169,6.900561222,Nigeria,0.0,0.0,2014,GAS,TotalEnergies,Ubeta,ONSHORE,Small,0.0
s_3833,4.554867169,6.900561222,Nigeria,0.0,0.0,2015,GAS,TotalEnergies,Ubeta,ONSHORE,Small,0.0
s_3833,4.554867169,6.900561222,Nigeria,0.0,0.0,2016,GAS,TotalEnergies,Ubeta,ONSHORE,Small,0.0
s_3833,4.554867169,6.900561222,Nigeria,0.0044858757213625,0.43402020277211373,2017,GAS,TotalEnergies,Ubeta,ONSHORE,Small,4.4858757213625005
s_3833,4.554867169,6.900561222,Nigeria,0.0036436935832519,0.3525368793235555,2018,GAS,TotalEnergies,Ubeta,ONSHORE,Small,3.6436935832519
s_3833,4.554867169,6.900561222,Nigeria,0.0071363152634629,0.6904571571040202,2019,GAS,TotalEnergies,Ubeta,ONSHORE,Small,7.1363152634629
s_3833,4.554867169,6.900561222,Nigeria,0.0095684262921284,0.9257702570186741,2020,GAS,TotalEnergies,Ubeta,ONSHORE,Small,9.568426292128398
s_3833,4.554867169,6.900561222,Nigeria,0.0134579098671153,1.3020879605733076,2021,GAS,TotalEnergies,Ubeta,ONSHORE,Small,13.4579098671153
s_3833,4.554867169,6.900561222,Nigeria,0.01006285472366,0.9736075002770462,2022,GAS,TotalEnergies,Ubeta,ONSHORE,Small,10.06285472366
s_3833,4.554867169,6.900561222,Nigeria,0.0001977975460773,0.019137429654475915,2023,GAS,TotalEnergies,Ubeta,ONSHORE,Small,0.1977975460773
s_3833,4.554867169,6.900561222,Nigeria,0.0001066907826906,0.010322612130508415,2024,GAS,TotalEnergies,Ubeta,ONSHORE,Small,0.1066907826906
s_3833,4.554867169,6.900561222,Nigeria,0.0,0.0,2025,GAS,TotalEnergies,Ubeta,ONSHORE,Small,0.0
s_38332,4.860398994,6.704931056,Nigeria,0.0,0.0,2012,GAS,TotalEnergies,Ubeta,ONSHORE,Small,0.0
s_38332,4.860398994,6.704931056,Nigeria,0.0,0.0,2013,GAS,TotalEnergies,Ubeta,ONSHORE,Small,0.0
s_38332,4.860398994,6.704931056,Nigeria,0.0,0.0,2014,GAS,TotalEnergies,Ubeta,ONSHORE,Small,0.0
s_38332,4.860398994,6.704931056,Nigeria,0.0,0.0,2015,GAS,TotalEnergies,Ubeta,ONSHORE,Small,0.0
s_38332,4.860398994,6.704931056,Nigeria,0.0,0.0,2016,GAS,TotalEnergies,Ubeta,ONSHORE,Small,0.0
s_38332,4.860398994,6.704931056,Nigeria,0.0,0.0,2017,GAS,TotalEnergies,Ubeta,ONSHORE,Small,0.0
s_38332,4.860398994,6.704931056,Nigeria,0.0,0.0,2018,GAS,TotalEnergies,Ubeta,ONSHORE,Small,0.0
s_38332,4.860398994,6.704931056,Nigeria,0.0,0.0,2019,GAS,TotalEnergies,Ubeta,ONSHORE,Small,0.0
s_38332,4.860398994,6.704931056,Nigeria,0.0,0.0,2020,GAS,TotalEnergies,Ubeta,ONSHORE,Small,0.0
s_38332,4.860398994,6.704931056,Nigeria,0.0,0.0,2021,GAS,TotalEnergies,Ubeta,ONSHORE,Small,0.0
s_38332,4.860398994,6.704931056,Nigeria,0.0,0.0,2022,GAS,TotalEnergies,Ubeta,ONSHORE,Small,0.0
s_38332,4.860398994,6.704931056,Nigeria,0.0,0.0,2023,GAS,TotalEnergies,Ubeta,ONSHORE,Small,0.0
s_38332,4.860398994,6.704931056,Nigeria,0.0,0.0,2024,GAS,TotalEnergies,Ubeta,ONSHORE,Small,0.0
s_38332,4.860398994,6.704931056,Nigeria,0.0,0.0,2025,GAS,TotalEnergies,Ubeta,ONSHORE,Small,0.0
s_3834,4.549860885,6.665459112,Nigeria,0.0138455442818052,1.3395926035271832,2012,OIL,Newcross EP,Ekulama,ONSHORE,Small,13.8455442818052
s_3834,4.549860885,6.665459112,Nigeria,0.0085319374299172,0.8254872500674013,2013,OIL,Newcross EP,Ekulama,ONSHORE,Small,8.531937429917201
s_3834,4.549860885,6.665459112,Nigeria,0.0035001337663517,0.33864709175226104,2014,OIL,Newcross EP,Ekulama,ONSHORE,Small,3.5001337663517
s_3834,4.549860885,6.665459112,Nigeria,0.0066352844670592,0.6419811177847324,2015,OIL,Newcross EP,Ekulama,ONSHORE,Small,6.635284467059201
s_3834,4.549860885,6.665459112,Nigeria,0.0118019195417679,1.1418665675968576,2016,OIL,Newcross EP,Ekulama,ONSHORE,Small,11.801919541767901
s_3834,4.549860885,6.665459112,Nigeria,0.0140136616097469,1.3558583944886413,2017,OIL,Newcross EP,Ekulama,ONSHORE,Small,14.013661609746901
s_3834,4.549860885,6.665459112,Nigeria,0.0115422700340857,1.1167447989671015,2018,OIL,Newcross EP,Ekulama,ONSHORE,Small,11.5422700340857
s_3834,4.549860885,6.665459112,Nigeria,0.006711055252632,0.6493121393647329,2019,OIL,Newcross EP,Ekulama,ONSHORE,Small,6.711055252632
s_3834,4.549860885,6.665459112,Nigeria,0.0153081549219163,1.4811040064344534,2020,OIL,Newcross EP,Ekulama,ONSHORE,Small,15.3081549219163
s_3834,4.549860885,6.665459112,Nigeria,0.0078806587986254,0.7624743399530398,2021,OIL,Newcross EP,Ekulama,ONSHORE,Small,7.880658798625401
s_3834,4.549860885,6.665459112,Nigeria,0.0056030186126451,0.5421066978773842,2022,OIL,Newcross EP,Ekulama,ONSHORE,Small,5.6030186126451
s_3834,4.549860885,6.665459112,Nigeria,0.0123393339492271,1.1938628163978058,2023,OIL,Newcross EP,Ekulama,ONSHORE,Small,12.3393339492271
s_3834,4.549860885,6.665459112,Nigeria,0.0111116709729512,1.0750832141538884,2024,OIL,Newcross EP,Ekulama,ONSHORE,Small,11.111670972951199
s_3834,4.549860885,6.665459112,Nigeria,0.0105462834045246,1.0203804889034411,2025,OIL,Newcross EP,Ekulama,ONSHORE,Small,10.5462834045246
s_3835,5.655547525,5.147250968,Nigeria,0.0367183136911079,3.552592836616598,2012,OIL,Renaissance Africa Energy ,Otumara,ONSHORE,Small,36.7183136911079
s_3835,5.655547525,5.147250968,Nigeria,0.0235772704721461,2.281162552587555,2013,OIL,Renaissance Africa Energy ,Otumara,ONSHORE,Small,23.5772704721461
s_3835,5.655547525,5.147250968,Nigeria,0.0360957047525354,3.4923537942195666,2014,OIL,Renaissance Africa Energy ,Otumara,ONSHORE,Small,36.095704752535404
s_3835,5.655547525,5.147250968,Nigeria,0.0369443889598258,3.574466209858623,2015,OIL,Renaissance Africa Energy ,Otumara,ONSHORE,Small,36.944388959825794
s_3835,5.655547525,5.147250968,Nigeria,0.0064948642077074,0.6283950906135048,2016,OIL,Renaissance Africa Energy ,Otumara,ONSHORE,Small,6.4948642077074
s_3835,5.655547525,5.147250968,Nigeria,0.0017309838825068,0.16747721567566617,2017,OIL,Renaissance Africa Energy ,Otumara,ONSHORE,Small,1.7309838825068
s_3835,5.655547525,5.147250968,Nigeria,0.0042441990732554,0.4106373552899125,2018,OIL,Renaissance Africa Energy ,Otumara,ONSHORE,Small,4.2441990732554
s_3835,5.655547525,5.147250968,Nigeria,0.0017657075122834,0.17083681762916084,2019,OIL,Renaissance Africa Energy ,Otumara,ONSHORE,Small,1.7657075122834
s_3835,5.655547525,5.147250968,Nigeria,0.0001234577774309,0.011944862702990538,2020,OIL,Renaissance Africa Energy ,Otumara,ONSHORE,Small,0.1234577774309
s_3835,5.655547525,5.147250968,Nigeria,2.375634780925e-05,0.0022984887530865107,2021,OIL,Renaissance Africa Energy ,Otumara,ONSHORE,Small,0.02375634780925
s_3835,5.655547525,5.147250968,Nigeria,6.92062331746378e-05,0.006695883974785494,2022,OIL,Renaissance Africa Energy ,Otumara,ONSHORE,Small,0.0692062331746378
s_3835,5.655547525,5.147250968,Nigeria,0.0010224614644194,0.09892581954526236,2023,OIL,Renaissance Africa Energy ,Otumara,ONSHORE,Small,1.0224614644194
s_3835,5.655547525,5.147250968,Nigeria,0.0001795728642563,0.017374144046330448,2024,OIL,Renaissance Africa Energy ,Otumara,ONSHORE,Small,0.1795728642563
s_3835,5.655547525,5.147250968,Nigeria,0.0014788405741748,0.14308169145533683,2025,OIL,Renaissance Africa Energy ,Otumara,ONSHORE,Small,1.4788405741748
s_3836,4.582208655,8.190476926,Nigeria,0.0001605164837939,0.01553038942044855,2012,OIL,Savannah Energy,Stubb Creek,ONSHORE,Small,0.1605164837939
s_3836,4.582208655,8.190476926,Nigeria,0.0,0.0,2013,OIL,Savannah Energy,Stubb Creek,ONSHORE,Small,0.0
s_3836,4.582208655,8.190476926,Nigeria,0.0,0.0,2014,OIL,Savannah Energy,Stubb Creek,ONSHORE,Small,0.0
s_3836,4.582208655,8.190476926,Nigeria,0.0075459391285917,0.7300893368714749,2015,OIL,Savannah Energy,Stubb Creek,ONSHORE,Small,7.545939128591701
s_3836,4.582208655,8.190476926,Nigeria,0.0124706108531274,1.2065642000270422,2016,OIL,Savannah Energy,Stubb Creek,ONSHORE,Small,12.4706108531274
s_3836,4.582208655,8.190476926,Nigeria,0.0145014061487836,1.4030489536754664,2017,OIL,Savannah Energy,Stubb Creek,ONSHORE,Small,14.5014061487836
s_3836,4.582208655,8.190476926,Nigeria,0.0132276726621424,1.279811909118705,2018,OIL,Savannah Energy,Stubb Creek,ONSHORE,Small,13.2276726621424
s_3836,4.582208655,8.190476926,Nigeria,0.0109859096899651,1.0629154812667345,2019,OIL,Savannah Energy,Stubb Creek,ONSHORE,Small,10.9859096899651
s_3836,4.582208655,8.190476926,Nigeria,0.0095981938377444,0.9286503448737073,2020,OIL,Savannah Energy,Stubb Creek,ONSHORE,Small,9.5981938377444
s_3836,4.582208655,8.190476926,Nigeria,0.0090860108176337,0.8790952987572357,2021,OIL,Savannah Energy,Stubb Creek,ONSHORE,Small,9.086010817633701
s_3836,4.582208655,8.190476926,Nigeria,0.0092263051335549,0.8926691405723184,2022,OIL,Savannah Energy,Stubb Creek,ONSHORE,Small,9.2263051335549
s_3836,4.582208655,8.190476926,Nigeria,0.0090269292914156,0.8733790066479489,2023,OIL,Savannah Energy,Stubb Creek,ONSHORE,Small,9.0269292914156
s_3836,4.582208655,8.190476926,Nigeria,0.0161511459384635,1.5626655909862783,2024,OIL,Savannah Energy,Stubb Creek,ONSHORE,Small,16.1511459384635
s_3836,4.582208655,8.190476926,Nigeria,0.0164033041065845,1.587062552930039,2025,OIL,Savannah Energy,Stubb Creek,ONSHORE,Small,16.4033041065845
s_3839,4.429412195,6.804355889,Nigeria,0.0,0.0,2012,NA,NA,NA,ONSHORE,Small,0.0
s_3839,4.429412195,6.804355889,Nigeria,0.0,0.0,2013,NA,NA,NA,ONSHORE,Small,0.0
s_3839,4.429412195,6.804355889,Nigeria,0.0,0.0,2014,NA,NA,NA,ONSHORE,Small,0.0
s_3839,4.429412195,6.804355889,Nigeria,0.0,0.0,2015,NA,NA,NA,ONSHORE,Small,0.0
s_3839,4.429412195,6.804355889,Nigeria,0.0,0.0,2016,NA,NA,NA,ONSHORE,Small,0.0
s_3839,4.429412195,6.804355889,Nigeria,0.0,0.0,2017,NA,NA,NA,ONSHORE,Small,0.0
s_3839,4.429412195,6.804355889,Nigeria,0.0,0.0,2018,NA,NA,NA,ONSHORE,Small,0.0
s_3839,4.429412195,6.804355889,Nigeria,7.80372514109397e-05,0.007550308074711256,2019,NA,NA,NA,ONSHORE,Small,0.0780372514109397
s_3839,4.429412195,6.804355889,Nigeria,0.0030218456681469,0.2923714679364311,2020,NA,NA,NA,ONSHORE,Small,3.0218456681469
s_3839,4.429412195,6.804355889,Nigeria,0.0076557472612329,0.7407135607589092,2021,NA,NA,NA,ONSHORE,Small,7.6557472612329
s_3839,4.429412195,6.804355889,Nigeria,0.0028840878488851,0.2790430388039159,2022,NA,NA,NA,ONSHORE,Small,2.8840878488850996
s_3839,4.429412195,6.804355889,Nigeria,8.31208620932706e-05,0.008042160697523015,2023,NA,NA,NA,ONSHORE,Small,0.08312086209327059
s_3839,4.429412195,6.804355889,Nigeria,2.39281698821078e-05,0.0023151129878033424,2024,NA,NA,NA,ONSHORE,Small,0.0239281698821078
s_3839,4.429412195,6.804355889,Nigeria,0.0,0.0,2025,NA,NA,NA,ONSHORE,Small,0.0
s_3840,4.468425867,6.856091026,Nigeria,0.0057928736351734,0.5604756676155848,2012,NA,NA,NA,ONSHORE,Small,5.792873635173399
s_3840,4.468425867,6.856091026,Nigeria,0.0008146366827907,0.07881822863853925,2013,NA,NA,NA,ONSHORE,Small,0.8146366827907
s_3840,4.468425867,6.856091026,Nigeria,0.0001701071574901,0.016458312171969094,2014,NA,NA,NA,ONSHORE,Small,0.1701071574901
s_3840,4.468425867,6.856091026,Nigeria,0.0,0.0,2015,NA,NA,NA,ONSHORE,Small,0.0
s_3840,4.468425867,6.856091026,Nigeria,0.0,0.0,2016,NA,NA,NA,ONSHORE,Small,0.0
s_3840,4.468425867,6.856091026,Nigeria,0.0008217343110825,0.07950494273000151,2017,NA,NA,NA,ONSHORE,Small,0.8217343110825
s_3840,4.468425867,6.856091026,Nigeria,0.0013160781390024,0.12733400036777548,2018,NA,NA,NA,ONSHORE,Small,1.3160781390024
s_3840,4.468425867,6.856091026,Nigeria,0.0005302804261629,0.05130601746126848,2019,NA,NA,NA,ONSHORE,Small,0.5302804261629
s_3840,4.468425867,6.856091026,Nigeria,4.29591916193719e-05,0.004156414090736951,2020,NA,NA,NA,ONSHORE,Small,0.0429591916193719
s_3840,4.468425867,6.856091026,Nigeria,0.0001014904626913,0.0098194675761848,2021,NA,NA,NA,ONSHORE,Small,0.1014904626913
s_3840,4.468425867,6.856091026,Nigeria,0.0005091316865722,0.04925982161999307,2022,NA,NA,NA,ONSHORE,Small,0.5091316865722001
s_3840,4.468425867,6.856091026,Nigeria,0.0001806612599197,0.01747944917198865,2023,NA,NA,NA,ONSHORE,Small,0.1806612599197
s_3840,4.468425867,6.856091026,Nigeria,2.74067384578499e-06,0.0002651673590989586,2024,NA,NA,NA,ONSHORE,Small,0.00274067384578499
s_3840,4.468425867,6.856091026,Nigeria,0.0,0.0,2025,NA,NA,NA,ONSHORE,Small,0.0
s_3841,4.354217738,8.24545908,Nigeria,0.0195526644695989,1.8917714009368227,2012,OIL,NNPC Limited,Oron West (Conc),OFFSHORE,Small,19.5526644695989
s_3841,4.354217738,8.24545908,Nigeria,0.0248151228697731,2.400928007983817,2013,OIL,NNPC Limited,Oron West (Conc),OFFSHORE,Small,24.8151228697731
s_3841,4.354217738,8.24545908,Nigeria,0.0150930658453938,1.4602935760068338,2014,OIL,NNPC Limited,Oron West (Conc),OFFSHORE,Small,15.093065845393799
s_3841,4.354217738,8.24545908,Nigeria,0.0115768614569894,1.1200916095600353,2015,OIL,NNPC Limited,Oron West (Conc),OFFSHORE,Small,11.5768614569894
s_3841,4.354217738,8.24545908,Nigeria,0.0068150227532413,0.6593712668348208,2016,OIL,NNPC Limited,Oron West (Conc),OFFSHORE,Small,6.8150227532412995
s_3841,4.354217738,8.24545908,Nigeria,0.001178905015448,0.11406214207343067,2017,OIL,NNPC Limited,Oron West (Conc),OFFSHORE,Small,1.1789050154479999
s_3841,4.354217738,8.24545908,Nigeria,0.0,0.0,2018,OIL,NNPC Limited,Oron West (Conc),OFFSHORE,Small,0.0
s_3841,4.354217738,8.24545908,Nigeria,0.0,0.0,2019,OIL,NNPC Limited,Oron West (Conc),OFFSHORE,Small,0.0
s_3841,4.354217738,8.24545908,Nigeria,0.0,0.0,2020,OIL,NNPC Limited,Oron West (Conc),OFFSHORE,Small,0.0
s_3841,4.354217738,8.24545908,Nigeria,0.0053032031898666,0.5130987719625288,2021,OIL,NNPC Limited,Oron West (Conc),OFFSHORE,Small,5.3032031898666006
s_3841,4.354217738,8.24545908,Nigeria,0.0168960096959412,1.63473310670423,2022,OIL,NNPC Limited,Oron West (Conc),OFFSHORE,Small,16.8960096959412
s_3841,4.354217738,8.24545908,Nigeria,0.0216578724887306,2.0954557801071623,2023,OIL,NNPC Limited,Oron West (Conc),OFFSHORE,Small,21.6578724887306
s_3841,4.354217738,8.24545908,Nigeria,0.0197362031254813,1.9095292456901334,2024,OIL,NNPC Limited,Oron West (Conc),OFFSHORE,Small,19.7362031254813
s_3841,4.354217738,8.24545908,Nigeria,0.0123791388194961,1.1977140416520404,2025,OIL,NNPC Limited,Oron West (Conc),OFFSHORE,Small,12.3791388194961
s_3842a,3.142418093,6.823442188,Nigeria,0.109811488638471,10.624548588943274,2012,GAS,South Atlantic Petroleum,Akpo (PSC),OFFSHORE,Medium,109.81148863847099
s_3842a,3.142418093,6.823442188,Nigeria,0.0692169120078871,6.696917179818383,2013,GAS,South Atlantic Petroleum,Akpo (PSC),OFFSHORE,Medium,69.2169120078871
s_3842a,3.142418093,6.823442188,Nigeria,0.140201472379051,13.564858959673206,2014,GAS,South Atlantic Petroleum,Akpo (PSC),OFFSHORE,Medium,140.201472379051
s_3842a,3.142418093,6.823442188,Nigeria,0.0404757558898562,3.916135191844822,2015,GAS,South Atlantic Petroleum,Akpo (PSC),OFFSHORE,Small,40.475755889856195
s_3842a,3.142418093,6.823442188,Nigeria,0.0677385522091045,6.55388200463906,2016,GAS,South Atlantic Petroleum,Akpo (PSC),OFFSHORE,Medium,67.73855220910451
s_3842a,3.142418093,6.823442188,Nigeria,0.0525712888418272,5.086409624426904,2017,GAS,South Atlantic Petroleum,Akpo (PSC),OFFSHORE,Medium,52.5712888418272
s_3842a,3.142418093,6.823442188,Nigeria,0.0485074971965195,4.693227159402135,2018,GAS,South Atlantic Petroleum,Akpo (PSC),OFFSHORE,Small,48.5074971965195
s_3842a,3.142418093,6.823442188,Nigeria,0.0649592938494382,6.284981492956564,2019,GAS,South Atlantic Petroleum,Akpo (PSC),OFFSHORE,Medium,64.9592938494382
s_3842a,3.142418093,6.823442188,Nigeria,0.039596592171959,3.8310738038766927,2020,GAS,South Atlantic Petroleum,Akpo (PSC),OFFSHORE,Small,39.596592171959
s_3842a,3.142418093,6.823442188,Nigeria,0.0515339847351302,4.986047740440462,2021,GAS,South Atlantic Petroleum,Akpo (PSC),OFFSHORE,Small,51.5339847351302
s_3842a,3.142418093,6.823442188,Nigeria,0.0502157447021417,4.858504571178027,2022,GAS,South Atlantic Petroleum,Akpo (PSC),OFFSHORE,Small,50.2157447021417
s_3842a,3.142418093,6.823442188,Nigeria,0.0704103125763726,6.812381804541673,2023,GAS,South Atlantic Petroleum,Akpo (PSC),OFFSHORE,Medium,70.4103125763726
s_3842a,3.142418093,6.823442188,Nigeria,0.0312881537538202,3.0272106674577106,2024,GAS,South Atlantic Petroleum,Akpo (PSC),OFFSHORE,Small,31.2881537538202
s_3842a,3.142418093,6.823442188,Nigeria,0.030138259544573,2.915955396722666,2025,GAS,South Atlantic Petroleum,Akpo (PSC),OFFSHORE,Small,30.138259544573
s_3842b,3.144069737,6.817041035,Nigeria,0.065784457457715,6.3648182291547934,2012,GAS,TotalEnergies,Akpo (Gas),OFFSHORE,Medium,65.78445745771499
s_3842b,3.144069737,6.817041035,Nigeria,0.0574805859617796,5.561396954397589,2013,GAS,TotalEnergies,Akpo (Gas),OFFSHORE,Medium,57.4805859617796
s_3842b,3.144069737,6.817041035,Nigeria,0.0660906718715146,6.394445274178832,2014,GAS,TotalEnergies,Akpo (Gas),OFFSHORE,Medium,66.0906718715146
s_3842b,3.144069737,6.817041035,Nigeria,0.0169046424676022,1.6355683499297502,2015,GAS,TotalEnergies,Akpo (Gas),OFFSHORE,Small,16.9046424676022
s_3842b,3.144069737,6.817041035,Nigeria,0.032157637044371,3.111335448774034,2016,GAS,TotalEnergies,Akpo (Gas),OFFSHORE,Small,32.157637044371
s_3842b,3.144069737,6.817041035,Nigeria,0.0165266581080443,1.5989973750365403,2017,GAS,TotalEnergies,Akpo (Gas),OFFSHORE,Small,16.5266581080443
s_3842b,3.144069737,6.817041035,Nigeria,0.0205148642883283,1.9848667487288885,2018,GAS,TotalEnergies,Akpo (Gas),OFFSHORE,Small,20.5148642883283
s_3842b,3.144069737,6.817041035,Nigeria,0.0250457530967002,2.423242085339905,2019,GAS,TotalEnergies,Akpo (Gas),OFFSHORE,Small,25.0457530967002
s_3842b,3.144069737,6.817041035,Nigeria,0.011270681111266,1.0904678607114284,2020,GAS,TotalEnergies,Akpo (Gas),OFFSHORE,Small,11.270681111265999
s_3842b,3.144069737,6.817041035,Nigeria,0.0099266993962345,0.9604341164188395,2021,GAS,TotalEnergies,Akpo (Gas),OFFSHORE,Small,9.9266993962345
s_3842b,3.144069737,6.817041035,Nigeria,0.017223374521651,1.666406509370827,2022,GAS,TotalEnergies,Akpo (Gas),OFFSHORE,Small,17.223374521651
s_3842b,3.144069737,6.817041035,Nigeria,0.010212430213799,0.9880793199600377,2023,GAS,TotalEnergies,Akpo (Gas),OFFSHORE,Small,10.212430213799001
s_3842b,3.144069737,6.817041035,Nigeria,0.0131774078572324,1.2749486578441662,2024,GAS,TotalEnergies,Akpo (Gas),OFFSHORE,Small,13.1774078572324
s_3842b,3.144069737,6.817041035,Nigeria,0.0066881945549916,0.6471003071068422,2025,GAS,TotalEnergies,Akpo (Gas),OFFSHORE,Small,6.6881945549916
s_3843a,5.688467138,5.377182397,Nigeria,0.0,0.0,2012,OIL,NEPL,Jones Creek,ONSHORE,Small,0.0
s_3843a,5.688467138,5.377182397,Nigeria,0.0,0.0,2013,OIL,NEPL,Jones Creek,ONSHORE,Small,0.0
s_3843a,5.688467138,5.377182397,Nigeria,0.003209498758622,0.3105273949923147,2014,OIL,NEPL,Jones Creek,ONSHORE,Small,3.2094987586220003
s_3843a,5.688467138,5.377182397,Nigeria,0.005356659521478,0.5182708117885422,2015,OIL,NEPL,Jones Creek,ONSHORE,Small,5.356659521478
s_3843a,5.688467138,5.377182397,Nigeria,0.0081412030072652,0.7876826732393216,2016,OIL,NEPL,Jones Creek,ONSHORE,Small,8.1412030072652
s_3843a,5.688467138,5.377182397,Nigeria,0.0252932782236993,2.44719078844368,2017,OIL,NEPL,Jones Creek,ONSHORE,Small,25.2932782236993
s_3843a,5.688467138,5.377182397,Nigeria,0.0436959558960711,4.227697960516364,2018,OIL,NEPL,Jones Creek,ONSHORE,Small,43.6959558960711
s_3843a,5.688467138,5.377182397,Nigeria,0.0381441302876326,3.6905443196219125,2019,OIL,NEPL,Jones Creek,ONSHORE,Small,38.1441302876326
s_3843a,5.688467138,5.377182397,Nigeria,0.0314970144365694,3.0474184845058385,2020,OIL,NEPL,Jones Creek,ONSHORE,Small,31.4970144365694
s_3843a,5.688467138,5.377182397,Nigeria,0.0171734112497379,1.6615724322019891,2021,OIL,NEPL,Jones Creek,ONSHORE,Small,17.1734112497379
s_3843a,5.688467138,5.377182397,Nigeria,0.013295646936734,1.286388597880063,2022,OIL,NEPL,Jones Creek,ONSHORE,Small,13.295646936734
s_3843a,5.688467138,5.377182397,Nigeria,0.0155993323139177,1.509276180290558,2023,OIL,NEPL,Jones Creek,ONSHORE,Small,15.5993323139177
s_3843a,5.688467138,5.377182397,Nigeria,0.0185218702919205,1.7920393696008303,2024,OIL,NEPL,Jones Creek,ONSHORE,Small,18.5218702919205
s_3843a,5.688467138,5.377182397,Nigeria,0.0355342757731953,3.4380340728115644,2025,OIL,NEPL,Jones Creek,ONSHORE,Small,35.5342757731953
s_3843b,5.692286861,5.369609517,Nigeria,0.0,0.0,2012,OIL,NEPL,Jones Creek,ONSHORE,Small,0.0
s_3843b,5.692286861,5.369609517,Nigeria,0.0,0.0,2013,OIL,NEPL,Jones Creek,ONSHORE,Small,0.0
s_3843b,5.692286861,5.369609517,Nigeria,0.0,0.0,2014,OIL,NEPL,Jones Creek,ONSHORE,Small,0.0
s_3843b,5.692286861,5.369609517,Nigeria,0.000841626356234,0.08142955009910265,2015,OIL,NEPL,Jones Creek,ONSHORE,Small,0.8416263562340001
s_3843b,5.692286861,5.369609517,Nigeria,0.0013744444095858,0.13298108962462302,2016,OIL,NEPL,Jones Creek,ONSHORE,Small,1.3744444095858
s_3843b,5.692286861,5.369609517,Nigeria,0.0041226147555325,0.3988737547111667,2017,OIL,NEPL,Jones Creek,ONSHORE,Small,4.1226147555325
s_3843b,5.692286861,5.369609517,Nigeria,0.0094548256856735,0.9147791013756875,2018,OIL,NEPL,Jones Creek,ONSHORE,Small,9.4548256856735
s_3843b,5.692286861,5.369609517,Nigeria,0.0083792388970708,0.8107132678383819,2019,OIL,NEPL,Jones Creek,ONSHORE,Small,8.3792388970708
s_3843b,5.692286861,5.369609517,Nigeria,0.0054713754564672,0.5293698783828531,2020,OIL,NEPL,Jones Creek,ONSHORE,Small,5.471375456467199
s_3843b,5.692286861,5.369609517,Nigeria,0.0032986640939254,0.31915437427404814,2021,OIL,NEPL,Jones Creek,ONSHORE,Small,3.2986640939254004
s_3843b,5.692286861,5.369609517,Nigeria,0.0021125778544762,0.20439743000573937,2022,OIL,NEPL,Jones Creek,ONSHORE,Small,2.1125778544762
s_3843b,5.692286861,5.369609517,Nigeria,0.0019871212685062,0.19225917735141526,2023,OIL,NEPL,Jones Creek,ONSHORE,Small,1.9871212685062
s_3843b,5.692286861,5.369609517,Nigeria,0.0033024027198386,0.319516096104461,2024,OIL,NEPL,Jones Creek,ONSHORE,Small,3.3024027198386
s_3843b,5.692286861,5.369609517,Nigeria,0.0026294542348591,0.2544065709976715,2025,OIL,NEPL,Jones Creek,ONSHORE,Small,2.6294542348590997
s_3844,5.789337596,6.57475748,Nigeria,0.0,0.0,2012,OIL,Sterling Global,Anieze,ONSHORE,Small,0.0
s_3844,5.789337596,6.57475748,Nigeria,0.0,0.0,2013,OIL,Sterling Global,Anieze,ONSHORE,Small,0.0
s_3844,5.789337596,6.57475748,Nigeria,0.0,0.0,2014,OIL,Sterling Global,Anieze,ONSHORE,Small,0.0
s_3844,5.789337596,6.57475748,Nigeria,0.0,0.0,2015,OIL,Sterling Global,Anieze,ONSHORE,Small,0.0
s_3844,5.789337596,6.57475748,Nigeria,0.0,0.0,2016,OIL,Sterling Global,Anieze,ONSHORE,Small,0.0
s_3844,5.789337596,6.57475748,Nigeria,0.0,0.0,2017,OIL,Sterling Global,Anieze,ONSHORE,Small,0.0
s_3844,5.789337596,6.57475748,Nigeria,0.0,0.0,2018,OIL,Sterling Global,Anieze,ONSHORE,Small,0.0
s_3844,5.789337596,6.57475748,Nigeria,0.013299165719296,1.2867290492915449,2019,OIL,Sterling Global,Anieze,ONSHORE,Small,13.299165719295999
s_3844,5.789337596,6.57475748,Nigeria,0.0091660333579491,0.8868376887232868,2020,OIL,Sterling Global,Anieze,ONSHORE,Small,9.1660333579491
s_3844,5.789337596,6.57475748,Nigeria,7.71950204267121e-05,0.007468820025273187,2021,OIL,Sterling Global,Anieze,ONSHORE,Small,0.0771950204267121
s_3844,5.789337596,6.57475748,Nigeria,0.0,0.0,2022,OIL,Sterling Global,Anieze,ONSHORE,Small,0.0
s_3844,5.789337596,6.57475748,Nigeria,0.0,0.0,2023,OIL,Sterling Global,Anieze,ONSHORE,Small,0.0
s_3844,5.789337596,6.57475748,Nigeria,0.0,0.0,2024,OIL,Sterling Global,Anieze,ONSHORE,Small,0.0
s_3844,5.789337596,6.57475748,Nigeria,0.0,0.0,2025,OIL,Sterling Global,Anieze,ONSHORE,Small,0.0
s_3845,5.522603722,6.058624704,Nigeria,0.000244603378702,0.02366601631815632,2012,OIL,Shoreline Natural Resources,Eriemu,ONSHORE,Small,0.24460337870200002
s_3845,5.522603722,6.058624704,Nigeria,0.000111293240351,0.010767911940644519,2013,OIL,Shoreline Natural Resources,Eriemu,ONSHORE,Small,0.111293240351
s_3845,5.522603722,6.058624704,Nigeria,7.5736355099258e-05,0.007327690341679102,2014,OIL,Shoreline Natural Resources,Eriemu,ONSHORE,Small,0.07573635509925801
s_3845,5.522603722,6.058624704,Nigeria,0.0001332041799044,0.012887852620812486,2015,OIL,Shoreline Natural Resources,Eriemu,ONSHORE,Small,0.1332041799044
s_3845,5.522603722,6.058624704,Nigeria,1.51879282490135e-05,0.0014694717615411329,2016,OIL,Shoreline Natural Resources,Eriemu,ONSHORE,Small,0.015187928249013499
s_3845,5.522603722,6.058624704,Nigeria,0.0001014189032261,0.00981254401085987,2017,OIL,Shoreline Natural Resources,Eriemu,ONSHORE,Small,0.1014189032261
s_3845,5.522603722,6.058624704,Nigeria,0.0072641720844304,0.7028276387689152,2018,OIL,Shoreline Natural Resources,Eriemu,ONSHORE,Small,7.264172084430401
s_3845,5.522603722,6.058624704,Nigeria,0.0282484932527583,2.7331155678661943,2019,OIL,Shoreline Natural Resources,Eriemu,ONSHORE,Small,28.2484932527583
s_3845,5.522603722,6.058624704,Nigeria,0.0117419432015275,1.1360636998917395,2020,OIL,Shoreline Natural Resources,Eriemu,ONSHORE,Small,11.741943201527501
s_3845,5.522603722,6.058624704,Nigeria,0.0101311808826993,0.9802182347785964,2021,OIL,Shoreline Natural Resources,Eriemu,ONSHORE,Small,10.1311808826993
s_3845,5.522603722,6.058624704,Nigeria,0.0284812511802332,2.7556355058124,2022,OIL,Shoreline Natural Resources,Eriemu,ONSHORE,Small,28.481251180233198
s_3845,5.522603722,6.058624704,Nigeria,0.0248738321406465,2.406608283415375,2023,OIL,Shoreline Natural Resources,Eriemu,ONSHORE,Small,24.8738321406465
s_3845,5.522603722,6.058624704,Nigeria,0.0110778230150508,1.0718083357435495,2024,OIL,Shoreline Natural Resources,Eriemu,ONSHORE,Small,11.0778230150508
s_3845,5.522603722,6.058624704,Nigeria,0.0220872425765616,2.1369984585405475,2025,OIL,Shoreline Natural Resources,Eriemu,ONSHORE,Small,22.0872425765616
s_3846,4.453429789,6.325528671,Nigeria,0.0054358354364131,0.5259312885358477,2012,OIL,Aiteo Eastern E&P Company,Nembe Creek,ONSHORE,Small,5.4358354364131
s_3846,4.453429789,6.325528671,Nigeria,0.0082137217384292,0.7946990500539284,2013,OIL,Aiteo Eastern E&P Company,Nembe Creek,ONSHORE,Small,8.2137217384292
s_3846,4.453429789,6.325528671,Nigeria,0.0103317731224914,0.9996260583557142,2014,OIL,Aiteo Eastern E&P Company,Nembe Creek,ONSHORE,Small,10.3317731224914
s_3846,4.453429789,6.325528671,Nigeria,0.0217892989789015,2.10817163659912,2015,OIL,Aiteo Eastern E&P Company,Nembe Creek,ONSHORE,Small,21.7892989789015
s_3846,4.453429789,6.325528671,Nigeria,0.0433049407609879,4.189866224026743,2016,OIL,Aiteo Eastern E&P Company,Nembe Creek,ONSHORE,Small,43.3049407609879
s_3846,4.453429789,6.325528671,Nigeria,0.0342948702847876,3.3181183518222648,2017,OIL,Aiteo Eastern E&P Company,Nembe Creek,ONSHORE,Small,34.2948702847876
s_3846,4.453429789,6.325528671,Nigeria,0.0290243084074873,2.8081777121796545,2018,OIL,Aiteo Eastern E&P Company,Nembe Creek,ONSHORE,Small,29.0243084074873
s_3846,4.453429789,6.325528671,Nigeria,0.0154625193844597,1.4960391717166395,2019,OIL,Aiteo Eastern E&P Company,Nembe Creek,ONSHORE,Small,15.4625193844597
s_3846,4.453429789,6.325528671,Nigeria,0.0195296849604651,1.889548073356355,2020,OIL,Aiteo Eastern E&P Company,Nembe Creek,ONSHORE,Small,19.529684960465097
s_3846,4.453429789,6.325528671,Nigeria,0.0095090555928633,0.9200259866611499,2021,OIL,Aiteo Eastern E&P Company,Nembe Creek,ONSHORE,Small,9.509055592863302
s_3846,4.453429789,6.325528671,Nigeria,0.0034394675664509,0.332777478321606,2022,OIL,Aiteo Eastern E&P Company,Nembe Creek,ONSHORE,Small,3.4394675664509
s_3846,4.453429789,6.325528671,Nigeria,0.0068305282490826,0.6608714640910835,2023,OIL,Aiteo Eastern E&P Company,Nembe Creek,ONSHORE,Small,6.8305282490826
s_3846,4.453429789,6.325528671,Nigeria,0.0323133131529432,3.1263975192383398,2024,OIL,Aiteo Eastern E&P Company,Nembe Creek,ONSHORE,Small,32.3133131529432
s_3846,4.453429789,6.325528671,Nigeria,0.0334375293729285,3.2351683773863043,2025,OIL,Aiteo Eastern E&P Company,Nembe Creek,ONSHORE,Small,33.4375293729285
s_3847,4.560567973,6.710335375,Nigeria,0.0317319320541841,3.0701473781188127,2012,OIL,Newcross EP,Ekulama,OFFSHORE,Small,31.7319320541841
s_3847,4.560567973,6.710335375,Nigeria,0.0215697446061,2.086929177083574,2013,OIL,Newcross EP,Ekulama,OFFSHORE,Small,21.5697446061
s_3847,4.560567973,6.710335375,Nigeria,0.0254556573553327,2.462901393911832,2014,OIL,Newcross EP,Ekulama,OFFSHORE,Small,25.4556573553327
s_3847,4.560567973,6.710335375,Nigeria,0.0303950323244527,2.940798834417346,2015,OIL,Newcross EP,Ekulama,OFFSHORE,Small,30.3950323244527
s_3847,4.560567973,6.710335375,Nigeria,0.0376783929988072,3.6454830194231773,2016,OIL,Newcross EP,Ekulama,OFFSHORE,Small,37.678392998807205
s_3847,4.560567973,6.710335375,Nigeria,0.0337113740855725,3.261663569204441,2017,OIL,Newcross EP,Ekulama,OFFSHORE,Small,33.7113740855725
s_3847,4.560567973,6.710335375,Nigeria,0.0243102941103216,2.352084505811228,2018,OIL,Newcross EP,Ekulama,OFFSHORE,Small,24.3102941103216
s_3847,4.560567973,6.710335375,Nigeria,0.0089846902691651,0.8692922708262776,2019,OIL,Newcross EP,Ekulama,OFFSHORE,Small,8.9846902691651
s_3847,4.560567973,6.710335375,Nigeria,0.0241774848526859,2.3392348629522965,2020,OIL,Newcross EP,Ekulama,OFFSHORE,Small,24.1774848526859
s_3847,4.560567973,6.710335375,Nigeria,0.0130749255529692,1.2650332270030822,2021,OIL,Newcross EP,Ekulama,OFFSHORE,Small,13.0749255529692
s_3847,4.560567973,6.710335375,Nigeria,0.0042486703120258,0.4110699593294159,2022,OIL,Newcross EP,Ekulama,OFFSHORE,Small,4.2486703120258
s_3847,4.560567973,6.710335375,Nigeria,0.0158928056361199,1.5376704913954848,2023,OIL,Newcross EP,Ekulama,OFFSHORE,Small,15.892805636119899
s_3847,4.560567973,6.710335375,Nigeria,0.0079716302264243,0.7712760634051007,2024,OIL,Newcross EP,Ekulama,OFFSHORE,Small,7.9716302264243
s_3847,4.560567973,6.710335375,Nigeria,0.0181709387143889,1.758085822088564,2025,OIL,Newcross EP,Ekulama,OFFSHORE,Small,18.1709387143889
s_3848,4.625620037,7.023969698,Nigeria,0.0001851177545294,0.017910626675400925,2012,OIL,NNPC Limited,Alakiri,OFFSHORE,Small,0.1851177545294
s_3848,4.625620037,7.023969698,Nigeria,0.0,0.0,2013,OIL,NNPC Limited,Alakiri,OFFSHORE,Small,0.0
s_3848,4.625620037,7.023969698,Nigeria,0.0002711503293457,0.02623450319051675,2014,OIL,NNPC Limited,Alakiri,OFFSHORE,Small,0.27115032934570005
s_3848,4.625620037,7.023969698,Nigeria,0.0004158253591354,0.040232190524198685,2015,OIL,NNPC Limited,Alakiri,OFFSHORE,Small,0.41582535913540003
s_3848,4.625620037,7.023969698,Nigeria,0.0005133650397304,0.04966940960464857,2016,OIL,NNPC Limited,Alakiri,OFFSHORE,Small,0.5133650397303999
s_3848,4.625620037,7.023969698,Nigeria,0.0004251044916369,0.0411299708507181,2017,OIL,NNPC Limited,Alakiri,OFFSHORE,Small,0.4251044916369
s_3848,4.625620037,7.023969698,Nigeria,1.12848221742955e-05,0.001091836045526324,2018,OIL,NNPC Limited,Alakiri,OFFSHORE,Small,0.0112848221742955
s_3848,4.625620037,7.023969698,Nigeria,0.0001187401407912,0.01148841902551259,2019,OIL,NNPC Limited,Alakiri,OFFSHORE,Small,0.1187401407912
s_3848,4.625620037,7.023969698,Nigeria,0.00024646075666,0.02384572249104841,2020,OIL,NNPC Limited,Alakiri,OFFSHORE,Small,0.24646075666
s_3848,4.625620037,7.023969698,Nigeria,6.61735930436124e-05,0.006402468114347275,2021,OIL,NNPC Limited,Alakiri,OFFSHORE,Small,0.06617359304361241
s_3848,4.625620037,7.023969698,Nigeria,0.0002369177381282,0.022922410501261082,2022,OIL,NNPC Limited,Alakiri,OFFSHORE,Small,0.23691773812820002
s_3848,4.625620037,7.023969698,Nigeria,0.0001861057725132,0.018006219998156003,2023,OIL,NNPC Limited,Alakiri,OFFSHORE,Small,0.18610577251319999
s_3848,4.625620037,7.023969698,Nigeria,3.39494526006345e-05,0.0032846982879084856,2024,OIL,NNPC Limited,Alakiri,OFFSHORE,Small,0.0339494526006345
s_3848,4.625620037,7.023969698,Nigeria,0.0,0.0,2025,OIL,NNPC Limited,Alakiri,OFFSHORE,Small,0.0
s_3849,4.544194174,7.060013766,Nigeria,0.0006712936690512,0.06494941733979746,2012,OIL,NNPC Limited,Cawthorne Channel,ONSHORE,Small,0.6712936690511999
s_3849,4.544194174,7.060013766,Nigeria,0.0001461502645951,0.014140420157582309,2013,OIL,NNPC Limited,Cawthorne Channel,ONSHORE,Small,0.1461502645951
s_3849,4.544194174,7.060013766,Nigeria,0.0002531574436168,0.024493644460230585,2014,OIL,NNPC Limited,Cawthorne Channel,ONSHORE,Small,0.2531574436168
s_3849,4.544194174,7.060013766,Nigeria,0.0015218040502009,0.14723852007362478,2015,OIL,NNPC Limited,Cawthorne Channel,ONSHORE,Small,1.5218040502009
s_3849,4.544194174,7.060013766,Nigeria,0.0031714131568836,0.30684251346283314,2016,OIL,NNPC Limited,Cawthorne Channel,ONSHORE,Small,3.1714131568836
s_3849,4.544194174,7.060013766,Nigeria,0.0028801271403103,0.27865982989543686,2017,OIL,NNPC Limited,Cawthorne Channel,ONSHORE,Small,2.8801271403103
s_3849,4.544194174,7.060013766,Nigeria,0.0017915561192685,0.17333773792698,2018,OIL,NNPC Limited,Cawthorne Channel,ONSHORE,Small,1.7915561192685
s_3849,4.544194174,7.060013766,Nigeria,0.007460705686786,0.7218427785641843,2019,OIL,NNPC Limited,Cawthorne Channel,ONSHORE,Small,7.460705686786
s_3849,4.544194174,7.060013766,Nigeria,0.0085091500019056,0.8232825068376344,2020,OIL,NNPC Limited,Cawthorne Channel,ONSHORE,Small,8.509150001905601
s_3849,4.544194174,7.060013766,Nigeria,0.0110558068972303,1.0696782187910885,2021,OIL,NNPC Limited,Cawthorne Channel,ONSHORE,Small,11.0558068972303
s_3849,4.544194174,7.060013766,Nigeria,0.0053335868890177,0.5160384742827978,2022,OIL,NNPC Limited,Cawthorne Channel,ONSHORE,Small,5.3335868890177
s_3849,4.544194174,7.060013766,Nigeria,0.0019526669064665,0.1889256277553706,2023,OIL,NNPC Limited,Cawthorne Channel,ONSHORE,Small,1.9526669064665
s_3849,4.544194174,7.060013766,Nigeria,0.0039600490489377,0.3831450976277651,2024,OIL,NNPC Limited,Cawthorne Channel,ONSHORE,Small,3.9600490489376994
s_3849,4.544194174,7.060013766,Nigeria,0.0026312555138059,0.25458084944457904,2025,OIL,NNPC Limited,Cawthorne Channel,ONSHORE,Small,2.6312555138059
s_3850,5.53654427,5.194669678,Nigeria,0.0686420713076034,6.641299839348903,2012,OIL,Renaissance Africa Energy ,Escravos Beach,ONSHORE,Medium,68.6420713076034
s_3850,5.53654427,5.194669678,Nigeria,0.0636874185498654,6.16192423285624,2013,OIL,Renaissance Africa Energy ,Escravos Beach,ONSHORE,Medium,63.6874185498654
s_3850,5.53654427,5.194669678,Nigeria,0.0500639071478968,4.843813890879425,2014,OIL,Renaissance Africa Energy ,Escravos Beach,ONSHORE,Small,50.0639071478968
s_3850,5.53654427,5.194669678,Nigeria,0.0336216645079213,3.2529839330528287,2015,OIL,Renaissance Africa Energy ,Escravos Beach,ONSHORE,Small,33.621664507921295
s_3850,5.53654427,5.194669678,Nigeria,0.0108520876452683,1.0499678486120692,2016,OIL,Renaissance Africa Energy ,Escravos Beach,ONSHORE,Small,10.8520876452683
s_3850,5.53654427,5.194669678,Nigeria,0.017563721407366,1.699335960279916,2017,OIL,Renaissance Africa Energy ,Escravos Beach,ONSHORE,Small,17.563721407366
s_3850,5.53654427,5.194669678,Nigeria,0.0397436055879767,3.845297736190815,2018,OIL,Renaissance Africa Energy ,Escravos Beach,ONSHORE,Small,39.7436055879767
s_3850,5.53654427,5.194669678,Nigeria,0.0374456133413993,3.622960979049149,2019,OIL,Renaissance Africa Energy ,Escravos Beach,ONSHORE,Small,37.4456133413993
s_3850,5.53654427,5.194669678,Nigeria,0.0232971685518721,2.254061959573967,2020,OIL,Renaissance Africa Energy ,Escravos Beach,ONSHORE,Small,23.2971685518721
s_3850,5.53654427,5.194669678,Nigeria,0.020374078316647,1.9712453379337567,2021,OIL,Renaissance Africa Energy ,Escravos Beach,ONSHORE,Small,20.374078316647
s_3850,5.53654427,5.194669678,Nigeria,0.0044724008362953,0.4327164724165566,2022,OIL,Renaissance Africa Energy ,Escravos Beach,ONSHORE,Small,4.4724008362953
s_3850,5.53654427,5.194669678,Nigeria,0.0100734093720137,0.9746286900966495,2023,OIL,Renaissance Africa Energy ,Escravos Beach,ONSHORE,Small,10.0734093720137
s_3850,5.53654427,5.194669678,Nigeria,0.0075666427314669,0.7320924645718737,2024,OIL,Renaissance Africa Energy ,Escravos Beach,ONSHORE,Small,7.5666427314669
s_3850,5.53654427,5.194669678,Nigeria,0.0066933251221225,0.6475967028888039,2025,OIL,Renaissance Africa Energy ,Escravos Beach,ONSHORE,Small,6.693325122122499
s_3851,4.913297572,5.773107364,Nigeria,0.0193940272657837,1.8764228367670241,2012,OIL,Renaissance Africa Energy ,Opukushi,ONSHORE,Small,19.3940272657837
s_3851,4.913297572,5.773107364,Nigeria,0.0469760839291194,4.545058922444599,2013,OIL,Renaissance Africa Energy ,Opukushi,ONSHORE,Small,46.976083929119405
s_3851,4.913297572,5.773107364,Nigeria,0.078636241879849,7.608261968426263,2014,OIL,Renaissance Africa Energy ,Opukushi,ONSHORE,Medium,78.636241879849
s_3851,4.913297572,5.773107364,Nigeria,0.0662022803896086,6.405243690065293,2015,OIL,Renaissance Africa Energy ,Opukushi,ONSHORE,Medium,66.2022803896086
s_3851,4.913297572,5.773107364,Nigeria,0.0258627916564426,2.5022927018523764,2016,OIL,Renaissance Africa Energy ,Opukushi,ONSHORE,Small,25.8627916564426
s_3851,4.913297572,5.773107364,Nigeria,0.0051611993681778,0.4993595309955347,2017,OIL,Renaissance Africa Energy ,Opukushi,ONSHORE,Small,5.1611993681778
s_3851,4.913297572,5.773107364,Nigeria,0.0025799203076431,0.24961403405064755,2018,OIL,Renaissance Africa Energy ,Opukushi,ONSHORE,Small,2.5799203076431003
s_3851,4.913297572,5.773107364,Nigeria,0.0128170279254319,1.2400809573570144,2019,OIL,Renaissance Africa Energy ,Opukushi,ONSHORE,Small,12.8170279254319
s_3851,4.913297572,5.773107364,Nigeria,0.0117871800794454,1.1404404860860615,2020,OIL,Renaissance Africa Energy ,Opukushi,ONSHORE,Small,11.787180079445399
s_3851,4.913297572,5.773107364,Nigeria,0.0037668848284427,0.36445595433556244,2021,OIL,Renaissance Africa Energy ,Opukushi,ONSHORE,Small,3.7668848284427003
s_3851,4.913297572,5.773107364,Nigeria,0.0019849916076642,0.19205312709770916,2022,OIL,Renaissance Africa Energy ,Opukushi,ONSHORE,Small,1.9849916076642
s_3851,4.913297572,5.773107364,Nigeria,0.0032213865731383,0.3116775721232395,2023,OIL,Renaissance Africa Energy ,Opukushi,ONSHORE,Small,3.2213865731383
s_3851,4.913297572,5.773107364,Nigeria,0.0030622014407052,0.296275994427294,2024,OIL,Renaissance Africa Energy ,Opukushi,ONSHORE,Small,3.0622014407052
s_3851,4.913297572,5.773107364,Nigeria,0.0007621447207677,0.0737394940912057,2025,OIL,Renaissance Africa Energy ,Opukushi,ONSHORE,Small,0.7621447207677
s_3852,5.716092334,6.421141418,Nigeria,0.006117620317479,0.5918957580636185,2012,OIL,Midwestern O&G,Umusadege,ONSHORE,Small,6.117620317479
s_3852,5.716092334,6.421141418,Nigeria,0.0111918334042754,1.0828391389407364,2013,OIL,Midwestern O&G,Umusadege,ONSHORE,Small,11.1918334042754
s_3852,5.716092334,6.421141418,Nigeria,0.0129909130681454,1.2569047994755493,2014,OIL,Midwestern O&G,Umusadege,ONSHORE,Small,12.990913068145401
s_3852,5.716092334,6.421141418,Nigeria,0.0255706767538412,2.4740298213949328,2015,OIL,Midwestern O&G,Umusadege,ONSHORE,Small,25.570676753841198
s_3852,5.716092334,6.421141418,Nigeria,0.0372500724856674,3.6040418900849063,2016,OIL,Midwestern O&G,Umusadege,ONSHORE,Small,37.250072485667395
s_3852,5.716092334,6.421141418,Nigeria,0.0350065838610153,3.386978500844893,2017,OIL,Midwestern O&G,Umusadege,ONSHORE,Small,35.0065838610153
s_3852,5.716092334,6.421141418,Nigeria,0.0474759544703492,4.5934227040427364,2018,OIL,Midwestern O&G,Umusadege,ONSHORE,Small,47.4759544703492
s_3852,5.716092334,6.421141418,Nigeria,0.0330848126918698,3.2010421164412715,2019,OIL,Midwestern O&G,Umusadege,ONSHORE,Small,33.0848126918698
s_3852,5.716092334,6.421141418,Nigeria,0.041366143771419,4.002282546989191,2020,OIL,Midwestern O&G,Umusadege,ONSHORE,Small,41.366143771419
s_3852,5.716092334,6.421141418,Nigeria,0.0246426391632868,2.384239758483822,2021,OIL,Midwestern O&G,Umusadege,ONSHORE,Small,24.642639163286802
s_3852,5.716092334,6.421141418,Nigeria,0.0096663820939315,0.9352477369138089,2022,OIL,Midwestern O&G,Umusadege,ONSHORE,Small,9.6663820939315
s_3852,5.716092334,6.421141418,Nigeria,0.0137514532496973,1.330489050203128,2023,OIL,Midwestern O&G,Umusadege,ONSHORE,Small,13.751453249697299
s_3852,5.716092334,6.421141418,Nigeria,0.0278964463872921,2.699054113330731,2024,OIL,Midwestern O&G,Umusadege,ONSHORE,Small,27.896446387292098
s_3852,5.716092334,6.421141418,Nigeria,0.0397471478484051,3.845640459147245,2025,OIL,Midwestern O&G,Umusadege,ONSHORE,Small,39.7471478484051
s_3853,5.687887786,5.186360612,Nigeria,0.0,0.0,2012,NA,NA,NA,ONSHORE,Small,0.0
s_3853,5.687887786,5.186360612,Nigeria,0.0,0.0,2013,NA,NA,NA,ONSHORE,Small,0.0
s_3853,5.687887786,5.186360612,Nigeria,0.0,0.0,2014,NA,NA,NA,ONSHORE,Small,0.0
s_3853,5.687887786,5.186360612,Nigeria,2.85064822565583e-05,0.002758076678404549,2015,NA,NA,NA,ONSHORE,Small,0.028506482256558302
s_3853,5.687887786,5.186360612,Nigeria,0.0003399871885537,0.032894649268432864,2016,NA,NA,NA,ONSHORE,Small,0.33998718855369997
s_3853,5.687887786,5.186360612,Nigeria,0.0001504019383972,0.01455178071242796,2017,NA,NA,NA,ONSHORE,Small,0.15040193839719998
s_3853,5.687887786,5.186360612,Nigeria,0.0012246384424212,0.11848697068690442,2018,NA,NA,NA,ONSHORE,Small,1.2246384424212
s_3853,5.687887786,5.186360612,Nigeria,0.0,0.0,2019,NA,NA,NA,ONSHORE,Small,0.0
s_3853,5.687887786,5.186360612,Nigeria,0.0035044161403391,0.3390614226302892,2020,NA,NA,NA,ONSHORE,Small,3.5044161403391
s_3853,5.687887786,5.186360612,Nigeria,0.0211961972773893,2.0507874965238737,2021,NA,NA,NA,ONSHORE,Small,21.1961972773893
s_3853,5.687887786,5.186360612,Nigeria,0.0113957681044812,1.1025703543005565,2022,NA,NA,NA,ONSHORE,Small,11.395768104481201
s_3853,5.687887786,5.186360612,Nigeria,0.0005318322611567,0.05145616155364055,2023,NA,NA,NA,ONSHORE,Small,0.5318322611567
s_3853,5.687887786,5.186360612,Nigeria,0.0,0.0,2024,NA,NA,NA,ONSHORE,Small,0.0
s_3853,5.687887786,5.186360612,Nigeria,0.0,0.0,2025,NA,NA,NA,ONSHORE,Small,0.0
s_3856,4.626400979,6.815130993,Nigeria,0.0269995197468627,2.6122741161727534,2012,OIL,SEPLAT Energy,Idama,OFFSHORE,Small,26.9995197468627
s_3856,4.626400979,6.815130993,Nigeria,0.0132563878707165,1.2825901806139728,2013,OIL,SEPLAT Energy,Idama,OFFSHORE,Small,13.2563878707165
s_3856,4.626400979,6.815130993,Nigeria,0.0109982220926991,1.064106738417657,2014,OIL,SEPLAT Energy,Idama,OFFSHORE,Small,10.9982220926991
s_3856,4.626400979,6.815130993,Nigeria,0.0113812811723442,1.1011687057453583,2015,OIL,SEPLAT Energy,Idama,OFFSHORE,Small,11.381281172344199
s_3856,4.626400979,6.815130993,Nigeria,0.0175098422547127,1.6941230114127834,2016,OIL,SEPLAT Energy,Idama,OFFSHORE,Small,17.5098422547127
s_3856,4.626400979,6.815130993,Nigeria,0.0194052510585834,1.8775087680610187,2017,OIL,SEPLAT Energy,Idama,OFFSHORE,Small,19.4052510585834
s_3856,4.626400979,6.815130993,Nigeria,0.0178326778873516,1.7253582028098025,2018,OIL,SEPLAT Energy,Idama,OFFSHORE,Small,17.8326778873516
s_3856,4.626400979,6.815130993,Nigeria,0.0131745388924614,1.2746710780026815,2019,OIL,SEPLAT Energy,Idama,OFFSHORE,Small,13.174538892461399
s_3856,4.626400979,6.815130993,Nigeria,0.0111709934117598,1.0808228151860868,2020,OIL,SEPLAT Energy,Idama,OFFSHORE,Small,11.1709934117598
s_3856,4.626400979,6.815130993,Nigeria,0.0084718095123067,0.8196697168554807,2021,OIL,SEPLAT Energy,Idama,OFFSHORE,Small,8.4718095123067
s_3856,4.626400979,6.815130993,Nigeria,0.0037738168167095,0.36512664232159886,2022,OIL,SEPLAT Energy,Idama,OFFSHORE,Small,3.7738168167095
s_3856,4.626400979,6.815130993,Nigeria,0.0001598346821132,0.015464423325512263,2023,OIL,SEPLAT Energy,Idama,OFFSHORE,Small,0.15983468211319998
s_3856,4.626400979,6.815130993,Nigeria,0.0,0.0,2024,OIL,SEPLAT Energy,Idama,OFFSHORE,Small,0.0
s_3856,4.626400979,6.815130993,Nigeria,0.0008489637855238,0.08213946556399603,2025,OIL,SEPLAT Energy,Idama,OFFSHORE,Small,0.8489637855237999
s_3857,5.597853957,4.988999928,Nigeria,0.0265092117560444,2.564835536324823,2012,OIL,Chevron,Okan,OFFSHORE,Small,26.509211756044397
s_3857,5.597853957,4.988999928,Nigeria,0.0331533376647859,3.20767208670513,2013,OIL,Chevron,Okan,OFFSHORE,Small,33.153337664785894
s_3857,5.597853957,4.988999928,Nigeria,0.0298289523284481,2.886029114988621,2014,OIL,Chevron,Okan,OFFSHORE,Small,29.8289523284481
s_3857,5.597853957,4.988999928,Nigeria,0.0206076489931668,1.9938439114747004,2015,OIL,Chevron,Okan,OFFSHORE,Small,20.6076489931668
s_3857,5.597853957,4.988999928,Nigeria,0.0053600914588769,0.5186028607034683,2016,OIL,Chevron,Okan,OFFSHORE,Small,5.3600914588769
s_3857,5.597853957,4.988999928,Nigeria,0.0040597044454699,0.39278701775592767,2017,OIL,Chevron,Okan,OFFSHORE,Small,4.059704445469899
s_3857,5.597853957,4.988999928,Nigeria,0.000103491918959,0.010013113702181983,2018,OIL,Chevron,Okan,OFFSHORE,Small,0.103491918959
s_3857,5.597853957,4.988999928,Nigeria,0.0,0.0,2019,OIL,Chevron,Okan,OFFSHORE,Small,0.0
s_3857,5.597853957,4.988999928,Nigeria,0.0,0.0,2020,OIL,Chevron,Okan,OFFSHORE,Small,0.0
s_3857,5.597853957,4.988999928,Nigeria,0.0,0.0,2021,OIL,Chevron,Okan,OFFSHORE,Small,0.0
s_3857,5.597853957,4.988999928,Nigeria,0.0,0.0,2022,OIL,Chevron,Okan,OFFSHORE,Small,0.0
s_3857,5.597853957,4.988999928,Nigeria,0.0,0.0,2023,OIL,Chevron,Okan,OFFSHORE,Small,0.0
s_3857,5.597853957,4.988999928,Nigeria,0.0,0.0,2024,OIL,Chevron,Okan,OFFSHORE,Small,0.0
s_3857,5.597853957,4.988999928,Nigeria,0.0,0.0,2025,OIL,Chevron,Okan,OFFSHORE,Small,0.0
s_3859,4.420636469,6.517266339,Nigeria,0.0,0.0,2012,OIL,Aiteo Eastern E&P Company,Odeama Creek,ONSHORE,Small,0.0
s_3859,4.420636469,6.517266339,Nigeria,0.0,0.0,2013,OIL,Aiteo Eastern E&P Company,Odeama Creek,ONSHORE,Small,0.0
s_3859,4.420636469,6.517266339,Nigeria,0.0212677256576083,2.057708054295631,2014,OIL,Aiteo Eastern E&P Company,Odeama Creek,ONSHORE,Small,21.2677256576083
s_3859,4.420636469,6.517266339,Nigeria,0.0111273879819457,1.0766038758606493,2015,OIL,Aiteo Eastern E&P Company,Odeama Creek,ONSHORE,Small,11.1273879819457
s_3859,4.420636469,6.517266339,Nigeria,0.0168133246522782,1.6267331125791284,2016,OIL,Aiteo Eastern E&P Company,Odeama Creek,ONSHORE,Small,16.8133246522782
s_3859,4.420636469,6.517266339,Nigeria,0.0097125684280244,0.9397163854750787,2017,OIL,Aiteo Eastern E&P Company,Odeama Creek,ONSHORE,Small,9.712568428024401
s_3859,4.420636469,6.517266339,Nigeria,0.0149976662515868,1.4510634159176206,2018,OIL,Aiteo Eastern E&P Company,Odeama Creek,ONSHORE,Small,14.9976662515868
s_3859,4.420636469,6.517266339,Nigeria,0.0192863061829868,1.8660005404078772,2019,OIL,Aiteo Eastern E&P Company,Odeama Creek,ONSHORE,Small,19.2863061829868
s_3859,4.420636469,6.517266339,Nigeria,0.0138809343408879,1.343016684258186,2020,OIL,Aiteo Eastern E&P Company,Odeama Creek,ONSHORE,Small,13.880934340887901
s_3859,4.420636469,6.517266339,Nigeria,0.002872700443148,0.2779412775305199,2021,OIL,Aiteo Eastern E&P Company,Odeama Creek,ONSHORE,Small,2.8727004431479997
s_3859,4.420636469,6.517266339,Nigeria,0.0,0.0,2022,OIL,Aiteo Eastern E&P Company,Odeama Creek,ONSHORE,Small,0.0
s_3859,4.420636469,6.517266339,Nigeria,0.0,0.0,2023,OIL,Aiteo Eastern E&P Company,Odeama Creek,ONSHORE,Small,0.0
s_3859,4.420636469,6.517266339,Nigeria,0.0,0.0,2024,OIL,Aiteo Eastern E&P Company,Odeama Creek,ONSHORE,Small,0.0
s_3859,4.420636469,6.517266339,Nigeria,0.0,0.0,2025,OIL,Aiteo Eastern E&P Company,Odeama Creek,ONSHORE,Small,0.0
s_3860,4.981596811,6.683472623,Nigeria,0.0169496545935311,1.6399233907816022,2012,OIL,Aradel Holdings,Ogbele,ONSHORE,Small,16.9496545935311
s_3860,4.981596811,6.683472623,Nigeria,0.0097322117987848,0.9416169329467698,2013,OIL,Aradel Holdings,Ogbele,ONSHORE,Small,9.7322117987848
s_3860,4.981596811,6.683472623,Nigeria,0.0060434490809505,0.5847194970351073,2014,OIL,Aradel Holdings,Ogbele,ONSHORE,Small,6.0434490809505
s_3860,4.981596811,6.683472623,Nigeria,0.0053752699605669,0.5200714204207825,2015,OIL,Aradel Holdings,Ogbele,ONSHORE,Small,5.3752699605669
s_3860,4.981596811,6.683472623,Nigeria,0.0040023996636983,0.3872426303165077,2016,OIL,Aradel Holdings,Ogbele,ONSHORE,Small,4.0023996636982995
s_3860,4.981596811,6.683472623,Nigeria,0.0018528998447387,0.17927290372762472,2017,OIL,Aradel Holdings,Ogbele,ONSHORE,Small,1.8528998447387002
s_3860,4.981596811,6.683472623,Nigeria,6.01673335321784e-05,0.005821346805381822,2018,OIL,Aradel Holdings,Ogbele,ONSHORE,Small,0.0601673335321784
s_3860,4.981596811,6.683472623,Nigeria,0.0,0.0,2019,OIL,Aradel Holdings,Ogbele,ONSHORE,Small,0.0
s_3860,4.981596811,6.683472623,Nigeria,3.95653887458543e-05,0.0038280547908307776,2020,OIL,Aradel Holdings,Ogbele,ONSHORE,Small,0.0395653887458543
s_3860,4.981596811,6.683472623,Nigeria,0.0,0.0,2021,OIL,Aradel Holdings,Ogbele,ONSHORE,Small,0.0
s_3860,4.981596811,6.683472623,Nigeria,0.0001578525317395,0.015272645095227988,2022,OIL,Aradel Holdings,Ogbele,ONSHORE,Small,0.1578525317395
s_3860,4.981596811,6.683472623,Nigeria,3.75678502676802e-05,0.003634787721211895,2023,OIL,Aradel Holdings,Ogbele,ONSHORE,Small,0.0375678502676802
s_3860,4.981596811,6.683472623,Nigeria,0.0,0.0,2024,OIL,Aradel Holdings,Ogbele,ONSHORE,Small,0.0
s_3860,4.981596811,6.683472623,Nigeria,0.0,0.0,2025,OIL,Aradel Holdings,Ogbele,ONSHORE,Small,0.0
s_3861,4.554993337,4.615749127,Nigeria,0.0596175641500073,5.7681551804798,2012,OIL,Shell,Bonga,OFFSHORE,Medium,59.617564150007304
s_3861,4.554993337,4.615749127,Nigeria,0.0796762481614414,7.708885294897713,2013,OIL,Shell,Bonga,OFFSHORE,Medium,79.67624816144139
s_3861,4.554993337,4.615749127,Nigeria,0.027912604060332,2.7006174104358442,2014,OIL,Shell,Bonga,OFFSHORE,Small,27.912604060332
s_3861,4.554993337,4.615749127,Nigeria,0.050080180148377,4.845388346215871,2015,OIL,Shell,Bonga,OFFSHORE,Small,50.080180148377
s_3861,4.554993337,4.615749127,Nigeria,0.105093906234394,10.16811015890363,2016,OIL,Shell,Bonga,OFFSHORE,Medium,105.093906234394
s_3861,4.554993337,4.615749127,Nigeria,0.115126023910113,11.13874376944128,2017,OIL,Shell,Bonga,OFFSHORE,Medium,115.126023910113
s_3861,4.554993337,4.615749127,Nigeria,0.0256217014146816,2.4789665907171115,2018,OIL,Shell,Bonga,OFFSHORE,Small,25.6217014146816
s_3861,4.554993337,4.615749127,Nigeria,0.0223374800645818,2.161209589663619,2019,OIL,Shell,Bonga,OFFSHORE,Small,22.3374800645818
s_3861,4.554993337,4.615749127,Nigeria,0.0795964577767049,7.70116536659081,2020,OIL,Shell,Bonga,OFFSHORE,Medium,79.59645777670491
s_3861,4.554993337,4.615749127,Nigeria,0.108815258820115,10.528160749727977,2021,OIL,Shell,Bonga,OFFSHORE,Medium,108.815258820115
s_3861,4.554993337,4.615749127,Nigeria,0.0537919153623684,5.2045084311841725,2022,OIL,Shell,Bonga,OFFSHORE,Medium,53.7919153623684
s_3861,4.554993337,4.615749127,Nigeria,0.0049293572149187,0.47692819659867464,2023,OIL,Shell,Bonga,OFFSHORE,Small,4.929357214918699
s_3861,4.554993337,4.615749127,Nigeria,0.0083328721012137,0.8062271591296727,2024,OIL,Shell,Bonga,OFFSHORE,Small,8.3328721012137
s_3861,4.554993337,4.615749127,Nigeria,0.0078155285399673,0.7561728171679183,2025,OIL,Shell,Bonga,OFFSHORE,Small,7.815528539967301
s_3862,4.441669461,6.361412791,Nigeria,0.00375805704901,0.36360184359835185,2012,OIL,Aiteo Eastern E&P Company,Nembe Creek,ONSHORE,Small,3.75805704901
s_3862,4.441669461,6.361412791,Nigeria,0.0025677889952732,0.24844029786584823,2013,OIL,Aiteo Eastern E&P Company,Nembe Creek,ONSHORE,Small,2.5677889952732
s_3862,4.441669461,6.361412791,Nigeria,0.0097793516551855,0.946177837283965,2014,OIL,Aiteo Eastern E&P Company,Nembe Creek,ONSHORE,Small,9.7793516551855
s_3862,4.441669461,6.361412791,Nigeria,0.0227583134963571,2.201926324307557,2015,OIL,Aiteo Eastern E&P Company,Nembe Creek,ONSHORE,Small,22.7583134963571
s_3862,4.441669461,6.361412791,Nigeria,0.0533626594380455,5.162976798368636,2016,OIL,Aiteo Eastern E&P Company,Nembe Creek,ONSHORE,Medium,53.362659438045505
s_3862,4.441669461,6.361412791,Nigeria,0.0368087243846536,3.561340307563821,2017,OIL,Aiteo Eastern E&P Company,Nembe Creek,ONSHORE,Small,36.8087243846536
s_3862,4.441669461,6.361412791,Nigeria,0.024400285937534,2.360791450345727,2018,OIL,Aiteo Eastern E&P Company,Nembe Creek,ONSHORE,Small,24.400285937533997
s_3862,4.441669461,6.361412791,Nigeria,0.0111191989026503,1.0758115610313774,2019,OIL,Aiteo Eastern E&P Company,Nembe Creek,ONSHORE,Small,11.1191989026503
s_3862,4.441669461,6.361412791,Nigeria,0.0449972741754233,4.353603905878567,2020,OIL,Aiteo Eastern E&P Company,Nembe Creek,ONSHORE,Small,44.9972741754233
s_3862,4.441669461,6.361412791,Nigeria,0.0528409012682375,5.112495331488119,2021,OIL,Aiteo Eastern E&P Company,Nembe Creek,ONSHORE,Medium,52.840901268237495
s_3862,4.441669461,6.361412791,Nigeria,0.0120901210066715,1.1697508127267446,2022,OIL,Aiteo Eastern E&P Company,Nembe Creek,ONSHORE,Small,12.0901210066715
s_3862,4.441669461,6.361412791,Nigeria,0.0141485099616746,1.3689053250508123,2023,OIL,Aiteo Eastern E&P Company,Nembe Creek,ONSHORE,Small,14.1485099616746
s_3862,4.441669461,6.361412791,Nigeria,0.0410850197406788,3.975083062116054,2024,OIL,Aiteo Eastern E&P Company,Nembe Creek,ONSHORE,Small,41.0850197406788
s_3862,4.441669461,6.361412791,Nigeria,0.0095525720474203,0.9242363173978686,2025,OIL,Aiteo Eastern E&P Company,Nembe Creek,ONSHORE,Small,9.5525720474203
s_3864,5.72731535,4.83121997,Nigeria,0.0055232862601105,0.5343923843377183,2012,OIL,Chevron,Meren,OFFSHORE,Small,5.5232862601105
s_3864,5.72731535,4.83121997,Nigeria,0.0035813799381336,0.3465078712614464,2013,OIL,Chevron,Meren,OFFSHORE,Small,3.5813799381336
s_3864,5.72731535,4.83121997,Nigeria,0.0131964061856121,1.2767867957792902,2014,OIL,Chevron,Meren,OFFSHORE,Small,13.1964061856121
s_3864,5.72731535,4.83121997,Nigeria,0.0174581484396804,1.6891214996732722,2015,OIL,Chevron,Meren,OFFSHORE,Small,17.4581484396804
s_3864,5.72731535,4.83121997,Nigeria,0.0119950624965373,1.1605536533745169,2016,OIL,Chevron,Meren,OFFSHORE,Small,11.9950624965373
s_3864,5.72731535,4.83121997,Nigeria,0.0135387150692382,1.3099060751152258,2017,OIL,Chevron,Meren,OFFSHORE,Small,13.5387150692382
s_3864,5.72731535,4.83121997,Nigeria,0.0105291529463299,1.0187230722915996,2018,OIL,Chevron,Meren,OFFSHORE,Small,10.5291529463299
s_3864,5.72731535,4.83121997,Nigeria,0.0108804936109028,1.0527162000445245,2019,OIL,Chevron,Meren,OFFSHORE,Small,10.8804936109028
s_3864,5.72731535,4.83121997,Nigeria,0.0070279075349106,0.6799684259730466,2020,OIL,Chevron,Meren,OFFSHORE,Small,7.0279075349106
s_3864,5.72731535,4.83121997,Nigeria,0.0009350587767529,0.09046938103021582,2021,OIL,Chevron,Meren,OFFSHORE,Small,0.9350587767529
s_3864,5.72731535,4.83121997,Nigeria,0.0004228576073913,0.040912578926274736,2022,OIL,Chevron,Meren,OFFSHORE,Small,0.4228576073913
s_3864,5.72731535,4.83121997,Nigeria,0.0,0.0,2023,OIL,Chevron,Meren,OFFSHORE,Small,0.0
s_3864,5.72731535,4.83121997,Nigeria,0.0,0.0,2024,OIL,Chevron,Meren,OFFSHORE,Small,0.0
s_3864,5.72731535,4.83121997,Nigeria,0.0,0.0,2025,OIL,Chevron,Meren,OFFSHORE,Small,0.0
s_3865,4.851573531,5.692002333,Nigeria,0.0248274352664795,2.402119264551554,2012,OIL,Oando Oil,Clough Creek,ONSHORE,Small,24.8274352664795
s_3865,4.851573531,5.692002333,Nigeria,0.0397962782385111,3.8503939528239717,2013,OIL,Oando Oil,Clough Creek,ONSHORE,Small,39.7962782385111
s_3865,4.851573531,5.692002333,Nigeria,0.0604770543088971,5.8513131001844245,2014,OIL,Oando Oil,Clough Creek,ONSHORE,Medium,60.477054308897095
s_3865,4.851573531,5.692002333,Nigeria,0.0697492062205965,6.748418036392356,2015,OIL,Oando Oil,Clough Creek,ONSHORE,Medium,69.74920622059649
s_3865,4.851573531,5.692002333,Nigeria,0.0537303158917258,5.198548521369543,2016,OIL,Oando Oil,Clough Creek,ONSHORE,Medium,53.730315891725795
s_3865,4.851573531,5.692002333,Nigeria,0.0822096610406185,7.953999613667106,2017,OIL,Oando Oil,Clough Creek,ONSHORE,Medium,82.2096610406185
s_3865,4.851573531,5.692002333,Nigeria,0.0895868836551827,8.667765186756963,2018,OIL,Oando Oil,Clough Creek,ONSHORE,Medium,89.5868836551827
s_3865,4.851573531,5.692002333,Nigeria,0.0814682535216253,7.882266498057639,2019,OIL,Oando Oil,Clough Creek,ONSHORE,Medium,81.4682535216253
s_3865,4.851573531,5.692002333,Nigeria,0.0332329243728624,3.215372308762739,2020,OIL,Oando Oil,Clough Creek,ONSHORE,Small,33.2329243728624
s_3865,4.851573531,5.692002333,Nigeria,0.0005242860530486,0.0507260461922985,2021,OIL,Oando Oil,Clough Creek,ONSHORE,Small,0.5242860530486
s_3865,4.851573531,5.692002333,Nigeria,0.0004025164778559,0.038944521469059516,2022,OIL,Oando Oil,Clough Creek,ONSHORE,Small,0.4025164778559
s_3865,4.851573531,5.692002333,Nigeria,0.0001602328827084,0.015502950274052022,2023,OIL,Oando Oil,Clough Creek,ONSHORE,Small,0.1602328827084
s_3865,4.851573531,5.692002333,Nigeria,0.0,0.0,2024,OIL,Oando Oil,Clough Creek,ONSHORE,Small,0.0
s_3865,4.851573531,5.692002333,Nigeria,0.0,0.0,2025,OIL,Oando Oil,Clough Creek,ONSHORE,Small,0.0
s_3866,4.272151401,8.337771614,Nigeria,0.0418378868937033,4.047924927275195,2012,OIL,NNPC Limited,Ebughu (Conc),OFFSHORE,Small,41.8378868937033
s_3866,4.272151401,8.337771614,Nigeria,0.0404707741807138,3.915653198462384,2013,OIL,NNPC Limited,Ebughu (Conc),OFFSHORE,Small,40.470774180713796
s_3866,4.272151401,8.337771614,Nigeria,0.0362484303938233,3.5071303992611664,2014,OIL,NNPC Limited,Ebughu (Conc),OFFSHORE,Small,36.2484303938233
s_3866,4.272151401,8.337771614,Nigeria,0.0247164857830668,2.3913846119933204,2015,OIL,NNPC Limited,Ebughu (Conc),OFFSHORE,Small,24.716485783066798
s_3866,4.272151401,8.337771614,Nigeria,0.0234645210203434,2.2702537483822103,2016,OIL,NNPC Limited,Ebughu (Conc),OFFSHORE,Small,23.464521020343398
s_3866,4.272151401,8.337771614,Nigeria,0.0160842178874748,1.5561901270934813,2017,OIL,NNPC Limited,Ebughu (Conc),OFFSHORE,Small,16.0842178874748
s_3866,4.272151401,8.337771614,Nigeria,0.0119496254241451,1.1561574978414686,2018,OIL,NNPC Limited,Ebughu (Conc),OFFSHORE,Small,11.949625424145099
s_3866,4.272151401,8.337771614,Nigeria,0.0181000193494179,1.7512241881341053,2019,OIL,NNPC Limited,Ebughu (Conc),OFFSHORE,Small,18.1000193494179
s_3866,4.272151401,8.337771614,Nigeria,0.0064615722152505,0.6251740033131988,2020,OIL,NNPC Limited,Ebughu (Conc),OFFSHORE,Small,6.4615722152505
s_3866,4.272151401,8.337771614,Nigeria,0.016923493434375,1.637392230244182,2021,OIL,NNPC Limited,Ebughu (Conc),OFFSHORE,Small,16.923493434375
s_3866,4.272151401,8.337771614,Nigeria,0.0217427960352255,2.103672355233022,2022,OIL,NNPC Limited,Ebughu (Conc),OFFSHORE,Small,21.742796035225503
s_3866,4.272151401,8.337771614,Nigeria,0.0231226911590154,2.2371808157058495,2023,OIL,NNPC Limited,Ebughu (Conc),OFFSHORE,Small,23.1226911590154
s_3866,4.272151401,8.337771614,Nigeria,0.027786417182535,2.6884085001381686,2024,OIL,NNPC Limited,Ebughu (Conc),OFFSHORE,Small,27.786417182534997
s_3866,4.272151401,8.337771614,Nigeria,0.0181321139213179,1.7543294218653,2025,OIL,NNPC Limited,Ebughu (Conc),OFFSHORE,Small,18.1321139213179
s_3868,4.128336984,8.095988793,Nigeria,0.219921049726449,21.277936466581,2012,OIL,TotalEnergies,Ofon,OFFSHORE,Medium,219.92104972644898
s_3868,4.128336984,8.095988793,Nigeria,0.2600836574229,25.16377375209904,2013,OIL,TotalEnergies,Ofon,OFFSHORE,Medium,260.0836574229
s_3868,4.128336984,8.095988793,Nigeria,0.179855146320007,17.401455573920387,2014,OIL,TotalEnergies,Ofon,OFFSHORE,Medium,179.85514632000698
s_3868,4.128336984,8.095988793,Nigeria,0.0118753340384304,1.1489696120651054,2015,OIL,TotalEnergies,Ofon,OFFSHORE,Small,11.8753340384304
s_3868,4.128336984,8.095988793,Nigeria,0.0448777758824923,4.34204213365161,2016,OIL,TotalEnergies,Ofon,OFFSHORE,Small,44.8777758824923
s_3868,4.128336984,8.095988793,Nigeria,0.0199006751020922,1.925442339380859,2017,OIL,TotalEnergies,Ofon,OFFSHORE,Small,19.900675102092197
s_3868,4.128336984,8.095988793,Nigeria,0.0117792931161078,1.1396774017654818,2018,OIL,TotalEnergies,Ofon,OFFSHORE,Small,11.7792931161078
s_3868,4.128336984,8.095988793,Nigeria,0.0148963941512043,1.4412650754656429,2019,OIL,TotalEnergies,Ofon,OFFSHORE,Small,14.8963941512043
s_3868,4.128336984,8.095988793,Nigeria,0.0313502937197795,3.033222871607164,2020,OIL,TotalEnergies,Ofon,OFFSHORE,Small,31.3502937197795
s_3868,4.128336984,8.095988793,Nigeria,0.0171089458137388,1.655335232747069,2021,OIL,TotalEnergies,Ofon,OFFSHORE,Small,17.1089458137388
s_3868,4.128336984,8.095988793,Nigeria,0.0036324052160818,0.35144470029041797,2022,OIL,TotalEnergies,Ofon,OFFSHORE,Small,3.6324052160818
s_3868,4.128336984,8.095988793,Nigeria,0.0092815254601924,0.8980118515284459,2023,OIL,TotalEnergies,Ofon,OFFSHORE,Small,9.2815254601924
s_3868,4.128336984,8.095988793,Nigeria,0.0140079643602963,1.3553071707108586,2024,OIL,TotalEnergies,Ofon,OFFSHORE,Small,14.007964360296299
s_3868,4.128336984,8.095988793,Nigeria,0.0291092085570892,2.816392023594953,2025,OIL,TotalEnergies,Ofon,OFFSHORE,Small,29.1092085570892
s_3869,5.246588432,6.86564724,Nigeria,0.0,0.0,2012,NA,NA,NA,ONSHORE,Small,0.0
s_3869,5.246588432,6.86564724,Nigeria,0.0,0.0,2013,NA,NA,NA,ONSHORE,Small,0.0
s_3869,5.246588432,6.86564724,Nigeria,0.0,0.0,2014,NA,NA,NA,ONSHORE,Small,0.0
s_3869,5.246588432,6.86564724,Nigeria,0.0,0.0,2015,NA,NA,NA,ONSHORE,Small,0.0
s_3869,5.246588432,6.86564724,Nigeria,0.0,0.0,2016,NA,NA,NA,ONSHORE,Small,0.0
s_3869,5.246588432,6.86564724,Nigeria,0.0,0.0,2017,NA,NA,NA,ONSHORE,Small,0.0
s_3869,5.246588432,6.86564724,Nigeria,0.0,0.0,2018,NA,NA,NA,ONSHORE,Small,0.0
s_3869,5.246588432,6.86564724,Nigeria,0.0,0.0,2019,NA,NA,NA,ONSHORE,Small,0.0
s_3869,5.246588432,6.86564724,Nigeria,0.0,0.0,2020,NA,NA,NA,ONSHORE,Small,0.0
s_3869,5.246588432,6.86564724,Nigeria,0.0,0.0,2021,NA,NA,NA,ONSHORE,Small,0.0
s_3869,5.246588432,6.86564724,Nigeria,2.70520033751412e-06,0.0002617352044408521,2022,NA,NA,NA,ONSHORE,Small,0.00270520033751412
s_3869,5.246588432,6.86564724,Nigeria,0.0,0.0,2023,NA,NA,NA,ONSHORE,Small,0.0
s_3869,5.246588432,6.86564724,Nigeria,0.0049393158590174,0.4778917214485651,2024,NA,NA,NA,ONSHORE,Small,4.9393158590174
s_3869,5.246588432,6.86564724,Nigeria,0.0060978842195157,0.5899862389926444,2025,NA,NA,NA,ONSHORE,Small,6.0978842195157
s_3870,5.803897475,6.560780734,Nigeria,0.0,0.0,2012,OIL,Sterling Global,Anieze,ONSHORE,Small,0.0
s_3870,5.803897475,6.560780734,Nigeria,0.0,0.0,2013,OIL,Sterling Global,Anieze,ONSHORE,Small,0.0
s_3870,5.803897475,6.560780734,Nigeria,0.0,0.0,2014,OIL,Sterling Global,Anieze,ONSHORE,Small,0.0
s_3870,5.803897475,6.560780734,Nigeria,0.0,0.0,2015,OIL,Sterling Global,Anieze,ONSHORE,Small,0.0
s_3870,5.803897475,6.560780734,Nigeria,0.0001422693568833,0.01376493219120956,2016,OIL,Sterling Global,Anieze,ONSHORE,Small,0.1422693568833
s_3870,5.803897475,6.560780734,Nigeria,0.0002363027069921,0.02286290463106274,2017,OIL,Sterling Global,Anieze,ONSHORE,Small,0.23630270699210001
s_3870,5.803897475,6.560780734,Nigeria,0.0002448954001685,0.023694270158426695,2018,OIL,Sterling Global,Anieze,ONSHORE,Small,0.24489540016850003
s_3870,5.803897475,6.560780734,Nigeria,0.0185913928380775,1.7987658576835475,2019,OIL,Sterling Global,Anieze,ONSHORE,Small,18.5913928380775
s_3870,5.803897475,6.560780734,Nigeria,0.0269849851354406,2.610867854522081,2020,OIL,Sterling Global,Anieze,ONSHORE,Small,26.9849851354406
s_3870,5.803897475,6.560780734,Nigeria,0.0121004512135665,1.170750287248496,2021,OIL,Sterling Global,Anieze,ONSHORE,Small,12.1004512135665
s_3870,5.803897475,6.560780734,Nigeria,0.0100580631694749,0.9731439048838197,2022,OIL,Sterling Global,Anieze,ONSHORE,Small,10.0580631694749
s_3870,5.803897475,6.560780734,Nigeria,0.00453796994343,0.43906045493900264,2023,OIL,Sterling Global,Anieze,ONSHORE,Small,4.53796994343
s_3870,5.803897475,6.560780734,Nigeria,7.33333410980519e-05,0.007095192455234998,2024,OIL,Sterling Global,Anieze,ONSHORE,Small,0.0733333410980519
s_3870,5.803897475,6.560780734,Nigeria,0.0,0.0,2025,OIL,Sterling Global,Anieze,ONSHORE,Small,0.0
s_3871,5.003015437,6.696225663,Nigeria,0.0,0.0,2012,OIL,Renaissance Africa Energy ,Mini Nta,ONSHORE,Small,0.0
s_3871,5.003015437,6.696225663,Nigeria,0.0,0.0,2013,OIL,Renaissance Africa Energy ,Mini Nta,ONSHORE,Small,0.0
s_3871,5.003015437,6.696225663,Nigeria,0.0,0.0,2014,OIL,Renaissance Africa Energy ,Mini Nta,ONSHORE,Small,0.0
s_3871,5.003015437,6.696225663,Nigeria,0.0,0.0,2015,OIL,Renaissance Africa Energy ,Mini Nta,ONSHORE,Small,0.0
s_3871,5.003015437,6.696225663,Nigeria,0.0,0.0,2016,OIL,Renaissance Africa Energy ,Mini Nta,ONSHORE,Small,0.0
s_3871,5.003015437,6.696225663,Nigeria,0.0,0.0,2017,OIL,Renaissance Africa Energy ,Mini Nta,ONSHORE,Small,0.0
s_3871,5.003015437,6.696225663,Nigeria,0.0,0.0,2018,OIL,Renaissance Africa Energy ,Mini Nta,ONSHORE,Small,0.0
s_3871,5.003015437,6.696225663,Nigeria,0.0,0.0,2019,OIL,Renaissance Africa Energy ,Mini Nta,ONSHORE,Small,0.0
s_3871,5.003015437,6.696225663,Nigeria,0.0,0.0,2020,OIL,Renaissance Africa Energy ,Mini Nta,ONSHORE,Small,0.0
s_3871,5.003015437,6.696225663,Nigeria,0.006129817615032,0.5930758784873775,2021,OIL,Renaissance Africa Energy ,Mini Nta,ONSHORE,Small,6.1298176150320005
s_3871,5.003015437,6.696225663,Nigeria,0.0044572773163654,0.43125323232826235,2022,OIL,Renaissance Africa Energy ,Mini Nta,ONSHORE,Small,4.4572773163654
s_3871,5.003015437,6.696225663,Nigeria,1.83850840586379e-05,0.0017788049439516694,2023,OIL,Renaissance Africa Energy ,Mini Nta,ONSHORE,Small,0.0183850840586379
s_3871,5.003015437,6.696225663,Nigeria,2.16027551488711e-05,0.002090123033391029,2024,OIL,Renaissance Africa Energy ,Mini Nta,ONSHORE,Small,0.021602755148871097
s_3871,5.003015437,6.696225663,Nigeria,0.0,0.0,2025,OIL,Renaissance Africa Energy ,Mini Nta,ONSHORE,Small,0.0
s_3872,5.661867146,6.706124637,Nigeria,0.0148607926216148,1.4378205344102928,2012,OIL,Renaissance Africa Energy ,Oguta,ONSHORE,Small,14.8607926216148
s_3872,5.661867146,6.706124637,Nigeria,0.0164726342599114,1.5937704265035013,2013,OIL,Renaissance Africa Energy ,Oguta,ONSHORE,Small,16.472634259911402
s_3872,5.661867146,6.706124637,Nigeria,0.0214729437709817,2.0775634432344448,2014,OIL,Renaissance Africa Energy ,Oguta,ONSHORE,Small,21.4729437709817
s_3872,5.661867146,6.706124637,Nigeria,0.017380374984552,1.6815967145784985,2015,OIL,Renaissance Africa Energy ,Oguta,ONSHORE,Small,17.380374984552
s_3872,5.661867146,6.706124637,Nigeria,0.0117428716050931,1.136153525363693,2016,OIL,Renaissance Africa Energy ,Oguta,ONSHORE,Small,11.7428716050931
s_3872,5.661867146,6.706124637,Nigeria,0.0078061181187829,0.7552623343181206,2017,OIL,Renaissance Africa Energy ,Oguta,ONSHORE,Small,7.8061181187829005
s_3872,5.661867146,6.706124637,Nigeria,0.0025315276384977,0.2449319168053684,2018,OIL,Renaissance Africa Energy ,Oguta,ONSHORE,Small,2.5315276384977
s_3872,5.661867146,6.706124637,Nigeria,0.0071324414666677,0.6900823571374175,2019,OIL,Renaissance Africa Energy ,Oguta,ONSHORE,Small,7.1324414666677
s_3872,5.661867146,6.706124637,Nigeria,0.011042448236571,1.068385733450823,2020,OIL,Renaissance Africa Energy ,Oguta,ONSHORE,Small,11.042448236571001
s_3872,5.661867146,6.706124637,Nigeria,0.0076702206449488,0.7421138984689484,2021,OIL,Renaissance Africa Energy ,Oguta,ONSHORE,Small,7.670220644948801
s_3872,5.661867146,6.706124637,Nigeria,0.0038787948902643,0.3752835453659483,2022,OIL,Renaissance Africa Energy ,Oguta,ONSHORE,Small,3.8787948902642997
s_3872,5.661867146,6.706124637,Nigeria,0.0,0.0,2023,OIL,Renaissance Africa Energy ,Oguta,ONSHORE,Small,0.0
s_3872,5.661867146,6.706124637,Nigeria,0.0,0.0,2024,OIL,Renaissance Africa Energy ,Oguta,ONSHORE,Small,0.0
s_3872,5.661867146,6.706124637,Nigeria,0.0,0.0,2025,OIL,Renaissance Africa Energy ,Oguta,ONSHORE,Small,0.0
s_3873a,4.45692689,6.953200903,Nigeria,0.0,0.0,2012,NA,NA,NA,ONSHORE,Small,0.0
s_3873a,4.45692689,6.953200903,Nigeria,0.0,0.0,2013,NA,NA,NA,ONSHORE,Small,0.0
s_3873a,4.45692689,6.953200903,Nigeria,0.0,0.0,2014,NA,NA,NA,ONSHORE,Small,0.0
s_3873a,4.45692689,6.953200903,Nigeria,0.0,0.0,2015,NA,NA,NA,ONSHORE,Small,0.0
s_3873a,4.45692689,6.953200903,Nigeria,0.0,0.0,2016,NA,NA,NA,ONSHORE,Small,0.0
s_3873a,4.45692689,6.953200903,Nigeria,0.0,0.0,2017,NA,NA,NA,ONSHORE,Small,0.0
s_3873a,4.45692689,6.953200903,Nigeria,0.0,0.0,2018,NA,NA,NA,ONSHORE,Small,0.0
s_3873a,4.45692689,6.953200903,Nigeria,0.0,0.0,2019,NA,NA,NA,ONSHORE,Small,0.0
s_3873a,4.45692689,6.953200903,Nigeria,0.0001778998771588,0.017212278171216202,2020,NA,NA,NA,ONSHORE,Small,0.17789987715879998
s_3873a,4.45692689,6.953200903,Nigeria,0.0004386930306424,0.042444697521913655,2021,NA,NA,NA,ONSHORE,Small,0.4386930306424
s_3873a,4.45692689,6.953200903,Nigeria,7.78512772720511e-05,0.00753231459061039,2022,NA,NA,NA,ONSHORE,Small,0.0778512772720511
s_3873a,4.45692689,6.953200903,Nigeria,0.0,0.0,2023,NA,NA,NA,ONSHORE,Small,0.0
s_3873a,4.45692689,6.953200903,Nigeria,0.0,0.0,2024,NA,NA,NA,ONSHORE,Small,0.0
s_3873a,4.45692689,6.953200903,Nigeria,0.0,0.0,2025,NA,NA,NA,ONSHORE,Small,0.0
s_3873b,4.456571851,6.945949576,Nigeria,0.0,0.0,2012,NA,NA,NA,ONSHORE,Small,0.0
s_3873b,4.456571851,6.945949576,Nigeria,0.0,0.0,2013,NA,NA,NA,ONSHORE,Small,0.0
s_3873b,4.456571851,6.945949576,Nigeria,0.0,0.0,2014,NA,NA,NA,ONSHORE,Small,0.0
s_3873b,4.456571851,6.945949576,Nigeria,0.0,0.0,2015,NA,NA,NA,ONSHORE,Small,0.0
s_3873b,4.456571851,6.945949576,Nigeria,0.0,0.0,2016,NA,NA,NA,ONSHORE,Small,0.0
s_3873b,4.456571851,6.945949576,Nigeria,0.0,0.0,2017,NA,NA,NA,ONSHORE,Small,0.0
s_3873b,4.456571851,6.945949576,Nigeria,0.0,0.0,2018,NA,NA,NA,ONSHORE,Small,0.0
s_3873b,4.456571851,6.945949576,Nigeria,4.48379120401082e-05,0.004338185202691077,2019,NA,NA,NA,ONSHORE,Small,0.0448379120401082
s_3873b,4.456571851,6.945949576,Nigeria,9.25853882981955e-05,0.008957878349494842,2020,NA,NA,NA,ONSHORE,Small,0.0925853882981955
s_3873b,4.456571851,6.945949576,Nigeria,0.0002665261005887,0.02578709696987179,2021,NA,NA,NA,ONSHORE,Small,0.2665261005887
s_3873b,4.456571851,6.945949576,Nigeria,0.0,0.0,2022,NA,NA,NA,ONSHORE,Small,0.0
s_3873b,4.456571851,6.945949576,Nigeria,0.0,0.0,2023,NA,NA,NA,ONSHORE,Small,0.0
s_3873b,4.456571851,6.945949576,Nigeria,0.0,0.0,2024,NA,NA,NA,ONSHORE,Small,0.0
s_3873b,4.456571851,6.945949576,Nigeria,0.0,0.0,2025,NA,NA,NA,ONSHORE,Small,0.0
s_3874,4.814326823,5.961836815,Nigeria,0.0458741170308956,4.438440744340016,2012,OIL,Oando Oil,Ogbainbiri,ONSHORE,Small,45.8741170308956
s_3874,4.814326823,5.961836815,Nigeria,0.0553626002643992,5.356476301453982,2013,OIL,Oando Oil,Ogbainbiri,ONSHORE,Medium,55.362600264399205
s_3874,4.814326823,5.961836815,Nigeria,0.034871077507645,3.3738679069230395,2014,OIL,Oando Oil,Ogbainbiri,ONSHORE,Small,34.871077507645005
s_3874,4.814326823,5.961836815,Nigeria,0.0214524386569774,2.075579519851184,2015,OIL,Oando Oil,Ogbainbiri,ONSHORE,Small,21.4524386569774
s_3874,4.814326823,5.961836815,Nigeria,0.0456947180761485,4.421083426493325,2016,OIL,Oando Oil,Ogbainbiri,ONSHORE,Small,45.6947180761485
s_3874,4.814326823,5.961836815,Nigeria,0.0089636477956422,0.8672563565048567,2017,OIL,Oando Oil,Ogbainbiri,ONSHORE,Small,8.9636477956422
s_3874,4.814326823,5.961836815,Nigeria,0.0184654925019313,1.7865846710396485,2018,OIL,Oando Oil,Ogbainbiri,ONSHORE,Small,18.465492501931298
s_3874,4.814326823,5.961836815,Nigeria,0.0732149453204212,7.0837373542454785,2019,OIL,Oando Oil,Ogbainbiri,ONSHORE,Medium,73.2149453204212
s_3874,4.814326823,5.961836815,Nigeria,0.0365749155548074,3.5387186920659808,2020,OIL,Oando Oil,Ogbainbiri,ONSHORE,Small,36.574915554807404
s_3874,4.814326823,5.961836815,Nigeria,0.0312947984940799,3.0278535634481525,2021,OIL,Oando Oil,Ogbainbiri,ONSHORE,Small,31.2947984940799
s_3874,4.814326823,5.961836815,Nigeria,0.0304772218062369,2.948750881635203,2022,OIL,Oando Oil,Ogbainbiri,ONSHORE,Small,30.477221806236898
s_3874,4.814326823,5.961836815,Nigeria,0.0250618552972187,2.424800015333559,2023,OIL,Oando Oil,Ogbainbiri,ONSHORE,Small,25.0618552972187
s_3874,4.814326823,5.961836815,Nigeria,0.055239619689095,5.344577609304225,2024,OIL,Oando Oil,Ogbainbiri,ONSHORE,Medium,55.239619689095
s_3874,4.814326823,5.961836815,Nigeria,0.113058146177752,10.938671193102795,2025,OIL,Oando Oil,Ogbainbiri,ONSHORE,Medium,113.05814617775201
s_3875,5.823616923,6.441827545,Nigeria,0.0,0.0,2012,NA,NA,NA,ONSHORE,Small,0.0
s_3875,5.823616923,6.441827545,Nigeria,0.0,0.0,2013,NA,NA,NA,ONSHORE,Small,0.0
s_3875,5.823616923,6.441827545,Nigeria,0.0,0.0,2014,NA,NA,NA,ONSHORE,Small,0.0
s_3875,5.823616923,6.441827545,Nigeria,0.0632363664870016,6.118283766658601,2015,NA,NA,NA,ONSHORE,Medium,63.2363664870016
s_3875,5.823616923,6.441827545,Nigeria,0.018362996170347,1.7766678830185787,2016,NA,NA,NA,ONSHORE,Small,18.362996170347
s_3875,5.823616923,6.441827545,Nigeria,0.0005317069665781,0.05144403897562279,2017,NA,NA,NA,ONSHORE,Small,0.5317069665780999
s_3875,5.823616923,6.441827545,Nigeria,0.0048508046675394,0.46932803229196607,2018,NA,NA,NA,ONSHORE,Small,4.8508046675394
s_3875,5.823616923,6.441827545,Nigeria,0.0173311542992649,1.6768344846069554,2019,NA,NA,NA,ONSHORE,Small,17.3311542992649
s_3875,5.823616923,6.441827545,Nigeria,0.0340734462497457,3.296694997597392,2020,NA,NA,NA,ONSHORE,Small,34.07344624974569
s_3875,5.823616923,6.441827545,Nigeria,0.0607539471688198,5.878103208220074,2021,NA,NA,NA,ONSHORE,Medium,60.7539471688198
s_3875,5.823616923,6.441827545,Nigeria,0.0452017749488333,4.373389890300691,2022,NA,NA,NA,ONSHORE,Small,45.2017749488333
s_3875,5.823616923,6.441827545,Nigeria,0.0599725706374896,5.802502986182202,2023,NA,NA,NA,ONSHORE,Medium,59.972570637489596
s_3875,5.823616923,6.441827545,Nigeria,0.0076065533029202,0.7359539166920075,2024,NA,NA,NA,ONSHORE,Small,7.6065533029202
s_3875,5.823616923,6.441827545,Nigeria,0.0060571076853093,0.5860410027123957,2025,NA,NA,NA,ONSHORE,Small,6.057107685309299
s_3876,4.963659138,6.497118133,Nigeria,0.0,0.0,2012,OIL,Renaissance Africa Energy ,Enwhe,ONSHORE,Small,0.0
s_3876,4.963659138,6.497118133,Nigeria,0.0,0.0,2013,OIL,Renaissance Africa Energy ,Enwhe,ONSHORE,Small,0.0
s_3876,4.963659138,6.497118133,Nigeria,0.0,0.0,2014,OIL,Renaissance Africa Energy ,Enwhe,ONSHORE,Small,0.0
s_3876,4.963659138,6.497118133,Nigeria,0.0,0.0,2015,OIL,Renaissance Africa Energy ,Enwhe,ONSHORE,Small,0.0
s_3876,4.963659138,6.497118133,Nigeria,0.0,0.0,2016,OIL,Renaissance Africa Energy ,Enwhe,ONSHORE,Small,0.0
s_3876,4.963659138,6.497118133,Nigeria,0.0001000048075477,0.009675726557323301,2017,OIL,Renaissance Africa Energy ,Enwhe,ONSHORE,Small,0.1000048075477
s_3876,4.963659138,6.497118133,Nigeria,0.0001104363372416,0.010685004324740954,2018,OIL,Renaissance Africa Energy ,Enwhe,ONSHORE,Small,0.1104363372416
s_3876,4.963659138,6.497118133,Nigeria,0.0006923645167658,0.06698807693843951,2019,OIL,Renaissance Africa Energy ,Enwhe,ONSHORE,Small,0.6923645167658
s_3876,4.963659138,6.497118133,Nigeria,0.0008283733115876,0.08014728338418096,2020,OIL,Renaissance Africa Energy ,Enwhe,ONSHORE,Small,0.8283733115876
s_3876,4.963659138,6.497118133,Nigeria,0.0065343563559991,0.632216059198935,2021,OIL,Renaissance Africa Energy ,Enwhe,ONSHORE,Small,6.5343563559991
s_3876,4.963659138,6.497118133,Nigeria,0.001395927913878,0.13505967482589204,2022,OIL,Renaissance Africa Energy ,Enwhe,ONSHORE,Small,1.3959279138779999
s_3876,4.963659138,6.497118133,Nigeria,0.0003031661532545,0.02933211784770417,2023,OIL,Renaissance Africa Energy ,Enwhe,ONSHORE,Small,0.3031661532545
s_3876,4.963659138,6.497118133,Nigeria,0.0001550082474702,0.014997453156801267,2024,OIL,Renaissance Africa Energy ,Enwhe,ONSHORE,Small,0.1550082474702
s_3876,4.963659138,6.497118133,Nigeria,0.0,0.0,2025,OIL,Renaissance Africa Energy ,Enwhe,ONSHORE,Small,0.0
s_3877,5.784268627,5.428373809,Nigeria,0.0391184500925827,3.784812307764234,2012,OIL,NEPL,Makaraba,ONSHORE,Small,39.1184500925827
s_3877,5.784268627,5.428373809,Nigeria,0.0339392686309987,3.2837129622238472,2013,OIL,NEPL,Makaraba,ONSHORE,Small,33.9392686309987
s_3877,5.784268627,5.428373809,Nigeria,0.0372213809488412,3.6012659088931294,2014,OIL,NEPL,Makaraba,ONSHORE,Small,37.2213809488412
s_3877,5.784268627,5.428373809,Nigeria,0.0335942448164437,3.2503310062233175,2015,OIL,NEPL,Makaraba,ONSHORE,Small,33.5942448164437
s_3877,5.784268627,5.428373809,Nigeria,0.0265320777797938,2.5670478838976827,2016,OIL,NEPL,Makaraba,ONSHORE,Small,26.5320777797938
s_3877,5.784268627,5.428373809,Nigeria,0.0323644348935043,3.1313436812772766,2017,OIL,NEPL,Makaraba,ONSHORE,Small,32.3644348935043
s_3877,5.784268627,5.428373809,Nigeria,0.0308632081630119,2.9860960706775495,2018,OIL,NEPL,Makaraba,ONSHORE,Small,30.863208163011898
s_3877,5.784268627,5.428373809,Nigeria,0.0304767834601258,2.9487084705030537,2019,OIL,NEPL,Makaraba,ONSHORE,Small,30.476783460125798
s_3877,5.784268627,5.428373809,Nigeria,0.0270810070656431,2.6201582272844366,2020,OIL,NEPL,Makaraba,ONSHORE,Small,27.0810070656431
s_3877,5.784268627,5.428373809,Nigeria,0.0090393272329125,0.8745785398977927,2021,OIL,NEPL,Makaraba,ONSHORE,Small,9.0393272329125
s_3877,5.784268627,5.428373809,Nigeria,0.0,0.0,2022,OIL,NEPL,Makaraba,ONSHORE,Small,0.0
s_3877,5.784268627,5.428373809,Nigeria,0.0190092311944353,1.83919281095128,2023,OIL,NEPL,Makaraba,ONSHORE,Small,19.009231194435298
s_3877,5.784268627,5.428373809,Nigeria,0.0184207811618988,1.782258732009571,2024,OIL,NEPL,Makaraba,ONSHORE,Small,18.4207811618988
s_3877,5.784268627,5.428373809,Nigeria,0.0326602454171011,3.1599641227269144,2025,OIL,NEPL,Makaraba,ONSHORE,Small,32.6602454171011
s_3879,4.326955184,5.821605309,Nigeria,0.0642948878264519,6.220698473378852,2012,OIL,NEPL,Funiwa,OFFSHORE,Medium,64.2948878264519
s_3879,4.326955184,5.821605309,Nigeria,0.0529167515516505,5.119834044691978,2013,OIL,NEPL,Funiwa,OFFSHORE,Medium,52.9167515516505
s_3879,4.326955184,5.821605309,Nigeria,0.0465037614332353,4.499360486248247,2014,OIL,NEPL,Funiwa,OFFSHORE,Small,46.5037614332353
s_3879,4.326955184,5.821605309,Nigeria,0.0381545331102965,3.6915508199091334,2015,OIL,NEPL,Funiwa,OFFSHORE,Small,38.1545331102965
s_3879,4.326955184,5.821605309,Nigeria,0.0422345535486846,4.086303463088852,2016,OIL,NEPL,Funiwa,OFFSHORE,Small,42.2345535486846
s_3879,4.326955184,5.821605309,Nigeria,0.0372121232851956,3.6003702057345417,2017,OIL,NEPL,Funiwa,OFFSHORE,Small,37.2121232851956
s_3879,4.326955184,5.821605309,Nigeria,0.0266806567097609,2.58142328377889,2018,OIL,NEPL,Funiwa,OFFSHORE,Small,26.6806567097609
s_3879,4.326955184,5.821605309,Nigeria,0.0253888585320403,2.456438433136472,2019,OIL,NEPL,Funiwa,OFFSHORE,Small,25.388858532040302
s_3879,4.326955184,5.821605309,Nigeria,0.0229028968518535,2.215915141913712,2020,OIL,NEPL,Funiwa,OFFSHORE,Small,22.9028968518535
s_3879,4.326955184,5.821605309,Nigeria,0.0269569528312371,2.60815565580988,2021,OIL,NEPL,Funiwa,OFFSHORE,Small,26.9569528312371
s_3879,4.326955184,5.821605309,Nigeria,0.0217129592214241,2.100785565499974,2022,OIL,NEPL,Funiwa,OFFSHORE,Small,21.7129592214241
s_3879,4.326955184,5.821605309,Nigeria,0.0165557235748053,1.601809534927016,2023,OIL,NEPL,Funiwa,OFFSHORE,Small,16.5557235748053
s_3879,4.326955184,5.821605309,Nigeria,0.0085272113164581,0.8250299862354867,2024,OIL,NEPL,Funiwa,OFFSHORE,Small,8.5272113164581
s_3879,4.326955184,5.821605309,Nigeria,0.0187027461726433,1.8095395838965689,2025,OIL,NEPL,Funiwa,OFFSHORE,Small,18.7027461726433
s_3880,5.56898322,6.304965832,Nigeria,0.0217705023667711,2.1063530152384313,2012,OIL,NEPL,Ogini,ONSHORE,Small,21.7705023667711
s_3880,5.56898322,6.304965832,Nigeria,0.0249775226867617,2.4166406148141597,2013,OIL,NEPL,Ogini,ONSHORE,Small,24.977522686761702
s_3880,5.56898322,6.304965832,Nigeria,0.0161500379735038,1.5625583924800464,2014,OIL,NEPL,Ogini,ONSHORE,Small,16.1500379735038
s_3880,5.56898322,6.304965832,Nigeria,0.0121944697148586,1.1798468230265167,2015,OIL,NEPL,Ogini,ONSHORE,Small,12.1944697148586
s_3880,5.56898322,6.304965832,Nigeria,0.0082880026682933,0.8018859241994132,2016,OIL,NEPL,Ogini,ONSHORE,Small,8.2880026682933
s_3880,5.56898322,6.304965832,Nigeria,0.0061871531087348,0.5986232373864265,2017,OIL,NEPL,Ogini,ONSHORE,Small,6.187153108734799
s_3880,5.56898322,6.304965832,Nigeria,0.0270667492928949,2.618778750499161,2018,OIL,NEPL,Ogini,ONSHORE,Small,27.0667492928949
s_3880,5.56898322,6.304965832,Nigeria,0.0670552602045132,6.487771716970366,2019,OIL,NEPL,Ogini,ONSHORE,Medium,67.0552602045132
s_3880,5.56898322,6.304965832,Nigeria,0.0702022169685135,6.792248010489179,2020,OIL,NEPL,Ogini,ONSHORE,Medium,70.2022169685135
s_3880,5.56898322,6.304965832,Nigeria,0.0613460304330834,5.935388811829176,2021,OIL,NEPL,Ogini,ONSHORE,Medium,61.3460304330834
s_3880,5.56898322,6.304965832,Nigeria,0.0519913524412623,5.030299261634317,2022,OIL,NEPL,Ogini,ONSHORE,Medium,51.9913524412623
s_3880,5.56898322,6.304965832,Nigeria,0.0450492154665106,4.358629361573338,2023,OIL,NEPL,Ogini,ONSHORE,Small,45.049215466510596
s_3880,5.56898322,6.304965832,Nigeria,0.0301583862795047,2.9179027109415148,2024,OIL,NEPL,Ogini,ONSHORE,Small,30.1583862795047
s_3880,5.56898322,6.304965832,Nigeria,0.0196726171770218,1.9033771389537777,2025,OIL,NEPL,Ogini,ONSHORE,Small,19.6726171770218
s_3881,5.670236369,5.578542559,Nigeria,0.0,0.0,2012,OIL,ConOil,Upomami,ONSHORE,Small,0.0
s_3881,5.670236369,5.578542559,Nigeria,0.0,0.0,2013,OIL,ConOil,Upomami,ONSHORE,Small,0.0
s_3881,5.670236369,5.578542559,Nigeria,0.0,0.0,2014,OIL,ConOil,Upomami,ONSHORE,Small,0.0
s_3881,5.670236369,5.578542559,Nigeria,0.0,0.0,2015,OIL,ConOil,Upomami,ONSHORE,Small,0.0
s_3881,5.670236369,5.578542559,Nigeria,0.0002833180100873,0.02741175811035023,2016,OIL,ConOil,Upomami,ONSHORE,Small,0.2833180100873
s_3881,5.670236369,5.578542559,Nigeria,0.0,0.0,2017,OIL,ConOil,Upomami,ONSHORE,Small,0.0
s_3881,5.670236369,5.578542559,Nigeria,0.0004940554666361,0.04780115792974806,2018,OIL,ConOil,Upomami,ONSHORE,Small,0.49405546663609995
s_3881,5.670236369,5.578542559,Nigeria,0.000267318131291,0.02586372801080254,2019,OIL,ConOil,Upomami,ONSHORE,Small,0.267318131291
s_3881,5.670236369,5.578542559,Nigeria,0.0001512489824677,0.014633734440544992,2020,OIL,ConOil,Upomami,ONSHORE,Small,0.15124898246770002
s_3881,5.670236369,5.578542559,Nigeria,4.16313469947196e-05,0.004027941652123246,2021,OIL,ConOil,Upomami,ONSHORE,Small,0.0416313469947196
s_3881,5.670236369,5.578542559,Nigeria,3.37002179203626e-05,0.0032605841810565473,2022,OIL,ConOil,Upomami,ONSHORE,Small,0.0337002179203626
s_3881,5.670236369,5.578542559,Nigeria,1.15074925380916e-05,0.0011133799853162497,2023,OIL,ConOil,Upomami,ONSHORE,Small,0.011507492538091598
s_3881,5.670236369,5.578542559,Nigeria,1.32535986890826e-05,0.0012823203199995672,2024,OIL,ConOil,Upomami,ONSHORE,Small,0.0132535986890826
s_3881,5.670236369,5.578542559,Nigeria,0.0,0.0,2025,OIL,ConOil,Upomami,ONSHORE,Small,0.0
s_3882,4.629249493,6.263592563,Nigeria,0.123427753043019,11.941957764974944,2012,OIL,Oando Oil,Obama,ONSHORE,Medium,123.42775304301901
s_3882,4.629249493,6.263592563,Nigeria,0.0887988055212484,8.591516567148181,2013,OIL,Oando Oil,Obama,ONSHORE,Medium,88.7988055212484
s_3882,4.629249493,6.263592563,Nigeria,0.0946714845477218,9.159713614994919,2014,OIL,Oando Oil,Obama,ONSHORE,Medium,94.6714845477218
s_3882,4.629249493,6.263592563,Nigeria,0.0572163506512886,5.535831497358127,2015,OIL,Oando Oil,Obama,ONSHORE,Medium,57.2163506512886
s_3882,4.629249493,6.263592563,Nigeria,0.143695672226543,13.902931929263666,2016,OIL,Oando Oil,Obama,ONSHORE,Medium,143.695672226543
s_3882,4.629249493,6.263592563,Nigeria,0.150680052430188,14.578688972150005,2017,OIL,Oando Oil,Obama,ONSHORE,Medium,150.680052430188
s_3882,4.629249493,6.263592563,Nigeria,0.141827802520685,13.722210652339358,2018,OIL,Oando Oil,Obama,ONSHORE,Medium,141.827802520685
s_3882,4.629249493,6.263592563,Nigeria,0.0841872937466363,8.14534074779329,2019,OIL,Oando Oil,Obama,ONSHORE,Medium,84.1872937466363
s_3882,4.629249493,6.263592563,Nigeria,0.0367803817679801,3.558598085308945,2020,OIL,Oando Oil,Obama,ONSHORE,Small,36.780381767980096
s_3882,4.629249493,6.263592563,Nigeria,0.0233302091162854,2.2572587205537853,2021,OIL,Oando Oil,Obama,ONSHORE,Small,23.3302091162854
s_3882,4.629249493,6.263592563,Nigeria,0.032903327696525,3.18348296871354,2022,OIL,Oando Oil,Obama,ONSHORE,Small,32.903327696525004
s_3882,4.629249493,6.263592563,Nigeria,0.0249738829780503,2.4162884634816044,2023,OIL,Oando Oil,Obama,ONSHORE,Small,24.973882978050298
s_3882,4.629249493,6.263592563,Nigeria,0.0251157302278421,2.430012555708262,2024,OIL,Oando Oil,Obama,ONSHORE,Small,25.1157302278421
s_3882,4.629249493,6.263592563,Nigeria,0.0216611643148006,2.095774272884746,2025,OIL,Oando Oil,Obama,ONSHORE,Small,21.661164314800597
s_3883,3.855014926,6.980464579,Nigeria,0.0921309852497485,8.913913666682065,2012,OIL,NNPC Limited,Okwori (Conc),OFFSHORE,Medium,92.1309852497485
s_3883,3.855014926,6.980464579,Nigeria,0.0935832290300715,9.054422048804362,2013,OIL,NNPC Limited,Okwori (Conc),OFFSHORE,Medium,93.58322903007151
s_3883,3.855014926,6.980464579,Nigeria,0.105912200595262,10.24728227745785,2014,OIL,NNPC Limited,Okwori (Conc),OFFSHORE,Medium,105.91220059526201
s_3883,3.855014926,6.980464579,Nigeria,0.0462298761061885,4.472861364880468,2015,OIL,NNPC Limited,Okwori (Conc),OFFSHORE,Small,46.2298761061885
s_3883,3.855014926,6.980464579,Nigeria,0.0271490037745652,2.6267370866259174,2016,OIL,NNPC Limited,Okwori (Conc),OFFSHORE,Small,27.1490037745652
s_3883,3.855014926,6.980464579,Nigeria,0.0535001564338652,5.176279992151297,2017,OIL,NNPC Limited,Okwori (Conc),OFFSHORE,Medium,53.5001564338652
s_3883,3.855014926,6.980464579,Nigeria,0.0207703076847057,2.0095815650945195,2018,OIL,NNPC Limited,Okwori (Conc),OFFSHORE,Small,20.7703076847057
s_3883,3.855014926,6.980464579,Nigeria,0.0272738485147717,2.638816141603169,2019,OIL,NNPC Limited,Okwori (Conc),OFFSHORE,Small,27.2738485147717
s_3883,3.855014926,6.980464579,Nigeria,0.0137095860530171,1.3264382894773892,2020,OIL,NNPC Limited,Okwori (Conc),OFFSHORE,Small,13.7095860530171
s_3883,3.855014926,6.980464579,Nigeria,0.0101000181925556,0.9772031630433978,2021,OIL,NNPC Limited,Okwori (Conc),OFFSHORE,Small,10.1000181925556
s_3883,3.855014926,6.980464579,Nigeria,0.0253256132710615,2.4503192888044802,2022,OIL,NNPC Limited,Okwori (Conc),OFFSHORE,Small,25.3256132710615
s_3883,3.855014926,6.980464579,Nigeria,0.0460242352690721,4.452965076314459,2023,OIL,NNPC Limited,Okwori (Conc),OFFSHORE,Small,46.0242352690721
s_3883,3.855014926,6.980464579,Nigeria,0.0767443529192499,7.425216765815938,2024,OIL,NNPC Limited,Okwori (Conc),OFFSHORE,Medium,76.7443529192499
s_3883,3.855014926,6.980464579,Nigeria,0.0388163255823036,3.7555809715974062,2025,OIL,NNPC Limited,Okwori (Conc),OFFSHORE,Small,38.8163255823036
s_3884,5.193267115,6.76197989,Nigeria,0.0212067752945888,2.051810947340398,2012,OIL,Renaissance Africa Energy ,Ahia,ONSHORE,Small,21.206775294588798
s_3884,5.193267115,6.76197989,Nigeria,0.017576059986538,1.700529750069644,2013,OIL,Renaissance Africa Energy ,Ahia,ONSHORE,Small,17.576059986538
s_3884,5.193267115,6.76197989,Nigeria,0.0150118555584112,1.452436268445789,2014,OIL,Renaissance Africa Energy ,Ahia,ONSHORE,Small,15.0118555584112
s_3884,5.193267115,6.76197989,Nigeria,0.0097066697638405,0.939145674295322,2015,OIL,Renaissance Africa Energy ,Ahia,ONSHORE,Small,9.7066697638405
s_3884,5.193267115,6.76197989,Nigeria,0.0051510418942208,0.4983767688370836,2016,OIL,Renaissance Africa Energy ,Ahia,ONSHORE,Small,5.1510418942208
s_3884,5.193267115,6.76197989,Nigeria,0.0067631654075103,0.6543539330727174,2017,OIL,Renaissance Africa Energy ,Ahia,ONSHORE,Small,6.7631654075103
s_3884,5.193267115,6.76197989,Nigeria,0.0180137673988903,1.7428790864454413,2018,OIL,Renaissance Africa Energy ,Ahia,ONSHORE,Small,18.013767398890298
s_3884,5.193267115,6.76197989,Nigeria,0.0353167072600921,3.4169837504131557,2019,OIL,Renaissance Africa Energy ,Ahia,ONSHORE,Small,35.3167072600921
s_3884,5.193267115,6.76197989,Nigeria,0.0363397587986856,3.515966661177301,2020,OIL,Renaissance Africa Energy ,Ahia,ONSHORE,Small,36.339758798685594
s_3884,5.193267115,6.76197989,Nigeria,0.0168770174172871,1.6328955540958725,2021,OIL,Renaissance Africa Energy ,Ahia,ONSHORE,Small,16.8770174172871
s_3884,5.193267115,6.76197989,Nigeria,0.0019612463662765,0.18975571291994142,2022,OIL,Renaissance Africa Energy ,Ahia,ONSHORE,Small,1.9612463662764998
s_3884,5.193267115,6.76197989,Nigeria,0.0,0.0,2023,OIL,Renaissance Africa Energy ,Ahia,ONSHORE,Small,0.0
s_3884,5.193267115,6.76197989,Nigeria,0.0059966171513961,0.5801883854252573,2024,OIL,Renaissance Africa Energy ,Ahia,ONSHORE,Small,5.9966171513961
s_3884,5.193267115,6.76197989,Nigeria,0.0090224915763714,0.8729496461165913,2025,OIL,Renaissance Africa Energy ,Ahia,ONSHORE,Small,9.0224915763714
s_3885,6.065707993,5.437460903,Nigeria,0.0315082832547066,3.048508772118939,2012,OIL,Sahara Energy,Oziengbe South,ONSHORE,Small,31.5082832547066
s_3885,6.065707993,5.437460903,Nigeria,0.0481625428944162,4.659851928913023,2013,OIL,Sahara Energy,Oziengbe South,ONSHORE,Small,48.162542894416205
s_3885,6.065707993,5.437460903,Nigeria,0.027970277666346,2.7061974825848765,2014,OIL,Sahara Energy,Oziengbe South,ONSHORE,Small,27.970277666346
s_3885,6.065707993,5.437460903,Nigeria,0.0313621074736585,3.034365883177825,2015,OIL,Sahara Energy,Oziengbe South,ONSHORE,Small,31.3621074736585
s_3885,6.065707993,5.437460903,Nigeria,0.0108109078161188,1.0459835924918042,2016,OIL,Sahara Energy,Oziengbe South,ONSHORE,Small,10.810907816118801
s_3885,6.065707993,5.437460903,Nigeria,0.0083372985567025,0.8066554302696112,2017,OIL,Sahara Energy,Oziengbe South,ONSHORE,Small,8.3372985567025
s_3885,6.065707993,5.437460903,Nigeria,0.0380299152706514,3.6794937181543483,2018,OIL,Sahara Energy,Oziengbe South,ONSHORE,Small,38.0299152706514
s_3885,6.065707993,5.437460903,Nigeria,0.0520387134623785,5.034881564235893,2019,OIL,Sahara Energy,Oziengbe South,ONSHORE,Medium,52.038713462378496
s_3885,6.065707993,5.437460903,Nigeria,0.0537360722016575,5.199105459403264,2020,OIL,Sahara Energy,Oziengbe South,ONSHORE,Medium,53.7360722016575
s_3885,6.065707993,5.437460903,Nigeria,0.0415981135433241,4.024726228823665,2021,OIL,Sahara Energy,Oziengbe South,ONSHORE,Small,41.598113543324104
s_3885,6.065707993,5.437460903,Nigeria,0.0225149521806286,2.17838048082902,2022,OIL,Sahara Energy,Oziengbe South,ONSHORE,Small,22.5149521806286
s_3885,6.065707993,5.437460903,Nigeria,0.0418182676232951,4.046026711575582,2023,OIL,Sahara Energy,Oziengbe South,ONSHORE,Small,41.8182676232951
s_3885,6.065707993,5.437460903,Nigeria,0.0766937064684093,7.420316589299935,2024,OIL,Sahara Energy,Oziengbe South,ONSHORE,Medium,76.6937064684093
s_3885,6.065707993,5.437460903,Nigeria,0.0504408106972016,4.880280294555253,2025,OIL,Sahara Energy,Oziengbe South,ONSHORE,Small,50.4408106972016
s_3887,5.738640733,4.72570533,Nigeria,0.0367133941596406,3.5521168590867673,2012,OIL,Chevron,Opolo,OFFSHORE,Small,36.7133941596406
s_3887,5.738640733,4.72570533,Nigeria,0.0260536495742617,2.5207587043316755,2013,OIL,Chevron,Opolo,OFFSHORE,Small,26.053649574261698
s_3887,5.738640733,4.72570533,Nigeria,0.0170587547401274,1.650479115168414,2014,OIL,Chevron,Opolo,OFFSHORE,Small,17.058754740127398
s_3887,5.738640733,4.72570533,Nigeria,0.0149441858830479,1.4458890504560356,2015,OIL,Chevron,Opolo,OFFSHORE,Small,14.944185883047899
s_3887,5.738640733,4.72570533,Nigeria,0.0102477727053513,0.9914987984081258,2016,OIL,Chevron,Opolo,OFFSHORE,Small,10.2477727053513
s_3887,5.738640733,4.72570533,Nigeria,0.0,0.0,2017,OIL,Chevron,Opolo,OFFSHORE,Small,0.0
s_3887,5.738640733,4.72570533,Nigeria,0.0,0.0,2018,OIL,Chevron,Opolo,OFFSHORE,Small,0.0
s_3887,5.738640733,4.72570533,Nigeria,0.0,0.0,2019,OIL,Chevron,Opolo,OFFSHORE,Small,0.0
s_3887,5.738640733,4.72570533,Nigeria,0.0,0.0,2020,OIL,Chevron,Opolo,OFFSHORE,Small,0.0
s_3887,5.738640733,4.72570533,Nigeria,0.0,0.0,2021,OIL,Chevron,Opolo,OFFSHORE,Small,0.0
s_3887,5.738640733,4.72570533,Nigeria,0.0,0.0,2022,OIL,Chevron,Opolo,OFFSHORE,Small,0.0
s_3887,5.738640733,4.72570533,Nigeria,0.0,0.0,2023,OIL,Chevron,Opolo,OFFSHORE,Small,0.0
s_3887,5.738640733,4.72570533,Nigeria,0.0,0.0,2024,OIL,Chevron,Opolo,OFFSHORE,Small,0.0
s_3887,5.738640733,4.72570533,Nigeria,0.0,0.0,2025,OIL,Chevron,Opolo,OFFSHORE,Small,0.0
s_3888,5.772129473,6.627056421,Nigeria,0.0,0.0,2012,OIL,Sterling Global,Anieze,ONSHORE,Small,0.0
s_3888,5.772129473,6.627056421,Nigeria,0.0,0.0,2013,OIL,Sterling Global,Anieze,ONSHORE,Small,0.0
s_3888,5.772129473,6.627056421,Nigeria,0.0,0.0,2014,OIL,Sterling Global,Anieze,ONSHORE,Small,0.0
s_3888,5.772129473,6.627056421,Nigeria,0.0001735207557076,0.01678858672315347,2015,OIL,Sterling Global,Anieze,ONSHORE,Small,0.1735207557076
s_3888,5.772129473,6.627056421,Nigeria,0.0083307338953571,0.8060202821234662,2016,OIL,Sterling Global,Anieze,ONSHORE,Small,8.3307338953571
s_3888,5.772129473,6.627056421,Nigeria,0.0225167705002541,2.178556408006138,2017,OIL,Sterling Global,Anieze,ONSHORE,Small,22.5167705002541
s_3888,5.772129473,6.627056421,Nigeria,0.0388013693375533,3.7541339158200198,2018,OIL,Sterling Global,Anieze,ONSHORE,Small,38.8013693375533
s_3888,5.772129473,6.627056421,Nigeria,0.0138340296489014,1.3384785326928188,2019,OIL,Sterling Global,Anieze,ONSHORE,Small,13.834029648901401
s_3888,5.772129473,6.627056421,Nigeria,0.0142491824849169,1.378645654847094,2020,OIL,Sterling Global,Anieze,ONSHORE,Small,14.249182484916899
s_3888,5.772129473,6.627056421,Nigeria,0.0,0.0,2021,OIL,Sterling Global,Anieze,ONSHORE,Small,0.0
s_3888,5.772129473,6.627056421,Nigeria,1.99213525524861e-05,0.001927442936760326,2022,OIL,Sterling Global,Anieze,ONSHORE,Small,0.019921352552486102
s_3888,5.772129473,6.627056421,Nigeria,0.0,0.0,2023,OIL,Sterling Global,Anieze,ONSHORE,Small,0.0
s_3888,5.772129473,6.627056421,Nigeria,8.33093945412881e-06,0.0008060401704719896,2024,OIL,Sterling Global,Anieze,ONSHORE,Small,0.00833093945412881
s_3888,5.772129473,6.627056421,Nigeria,0.0,0.0,2025,OIL,Sterling Global,Anieze,ONSHORE,Small,0.0
s_3889,4.965304188,6.649538373,Nigeria,0.0,0.0,2012,OIL,Aradel Holdings,Ogbele,ONSHORE,Small,0.0
s_3889,4.965304188,6.649538373,Nigeria,0.0,0.0,2013,OIL,Aradel Holdings,Ogbele,ONSHORE,Small,0.0
s_3889,4.965304188,6.649538373,Nigeria,0.0,0.0,2014,OIL,Aradel Holdings,Ogbele,ONSHORE,Small,0.0
s_3889,4.965304188,6.649538373,Nigeria,0.0,0.0,2015,OIL,Aradel Holdings,Ogbele,ONSHORE,Small,0.0
s_3889,4.965304188,6.649538373,Nigeria,0.0,0.0,2016,OIL,Aradel Holdings,Ogbele,ONSHORE,Small,0.0
s_3889,4.965304188,6.649538373,Nigeria,0.0,0.0,2017,OIL,Aradel Holdings,Ogbele,ONSHORE,Small,0.0
s_3889,4.965304188,6.649538373,Nigeria,0.0,0.0,2018,OIL,Aradel Holdings,Ogbele,ONSHORE,Small,0.0
s_3889,4.965304188,6.649538373,Nigeria,0.0025692927062096,0.2485857858298636,2019,OIL,Aradel Holdings,Ogbele,ONSHORE,Small,2.5692927062096
s_3889,4.965304188,6.649538373,Nigeria,0.0130752928586571,1.265068764788577,2020,OIL,Aradel Holdings,Ogbele,ONSHORE,Small,13.0752928586571
s_3889,4.965304188,6.649538373,Nigeria,0.0064441410103146,0.6234874886679506,2021,OIL,Aradel Holdings,Ogbele,ONSHORE,Small,6.4441410103146
s_3889,4.965304188,6.649538373,Nigeria,0.0031851940295509,0.308175848918596,2022,OIL,Aradel Holdings,Ogbele,ONSHORE,Small,3.1851940295509
s_3889,4.965304188,6.649538373,Nigeria,4.08544130659816e-05,0.0039527712634997774,2023,OIL,Aradel Holdings,Ogbele,ONSHORE,Small,0.0408544130659816
s_3889,4.965304188,6.649538373,Nigeria,0.0,0.0,2024,OIL,Aradel Holdings,Ogbele,ONSHORE,Small,0.0
s_3889,4.965304188,6.649538373,Nigeria,0.0,0.0,2025,OIL,Aradel Holdings,Ogbele,ONSHORE,Small,0.0
s_3891,6.042631756,6.276191076,Nigeria,0.0,0.0,2012,OIL,Pan Ocean Oil,Obi Ayima,ONSHORE,Small,0.0
s_3891,6.042631756,6.276191076,Nigeria,0.0,0.0,2013,OIL,Pan Ocean Oil,Obi Ayima,ONSHORE,Small,0.0
s_3891,6.042631756,6.276191076,Nigeria,0.000160122228656,0.015492244205216565,2014,OIL,Pan Ocean Oil,Obi Ayima,ONSHORE,Small,0.16012222865599998
s_3891,6.042631756,6.276191076,Nigeria,0.0,0.0,2015,OIL,Pan Ocean Oil,Obi Ayima,ONSHORE,Small,0.0
s_3891,6.042631756,6.276191076,Nigeria,2.05187534991254e-05,0.0019852430400404695,2016,OIL,Pan Ocean Oil,Obi Ayima,ONSHORE,Small,0.0205187534991254
s_3891,6.042631756,6.276191076,Nigeria,0.0,0.0,2017,OIL,Pan Ocean Oil,Obi Ayima,ONSHORE,Small,0.0
s_3891,6.042631756,6.276191076,Nigeria,0.0002324694284953,0.022492024915750922,2018,OIL,Pan Ocean Oil,Obi Ayima,ONSHORE,Small,0.2324694284953
s_3891,6.042631756,6.276191076,Nigeria,0.0156099258641459,1.5103011339682144,2019,OIL,Pan Ocean Oil,Obi Ayima,ONSHORE,Small,15.6099258641459
s_3891,6.042631756,6.276191076,Nigeria,0.0164616259039902,1.5927053392906847,2020,OIL,Pan Ocean Oil,Obi Ayima,ONSHORE,Small,16.4616259039902
s_3891,6.042631756,6.276191076,Nigeria,0.0129817470758502,1.2560179657597543,2021,OIL,Pan Ocean Oil,Obi Ayima,ONSHORE,Small,12.9817470758502
s_3891,6.042631756,6.276191076,Nigeria,0.0084216894517607,0.8148204699765417,2022,OIL,Pan Ocean Oil,Obi Ayima,ONSHORE,Small,8.421689451760699
s_3891,6.042631756,6.276191076,Nigeria,0.0082796875565179,0.8010814153982341,2023,OIL,Pan Ocean Oil,Obi Ayima,ONSHORE,Small,8.279687556517901
s_3891,6.042631756,6.276191076,Nigeria,0.0055450819522356,0.5365011745279248,2024,OIL,Pan Ocean Oil,Obi Ayima,ONSHORE,Small,5.545081952235599
s_3891,6.042631756,6.276191076,Nigeria,0.0074788721513351,0.723600431499085,2025,OIL,Pan Ocean Oil,Obi Ayima,ONSHORE,Small,7.4788721513351
s_3893,5.548418063,5.644460063,Nigeria,0.0,0.0,2012,OIL,NEPL,Warri River (OML 42),ONSHORE,Small,0.0
s_3893,5.548418063,5.644460063,Nigeria,0.0,0.0,2013,OIL,NEPL,Warri River (OML 42),ONSHORE,Small,0.0
s_3893,5.548418063,5.644460063,Nigeria,0.0,0.0,2014,OIL,NEPL,Warri River (OML 42),ONSHORE,Small,0.0
s_3893,5.548418063,5.644460063,Nigeria,3.27925233904914e-05,0.0031727623624462496,2015,OIL,NEPL,Warri River (OML 42),ONSHORE,Small,0.0327925233904914
s_3893,5.548418063,5.644460063,Nigeria,0.0,0.0,2016,OIL,NEPL,Warri River (OML 42),ONSHORE,Small,0.0
s_3893,5.548418063,5.644460063,Nigeria,0.0003958557591913,0.03830007952617403,2017,OIL,NEPL,Warri River (OML 42),ONSHORE,Small,0.3958557591913
s_3893,5.548418063,5.644460063,Nigeria,0.0041846464534269,0.4048754836423125,2018,OIL,NEPL,Warri River (OML 42),ONSHORE,Small,4.1846464534269
s_3893,5.548418063,5.644460063,Nigeria,0.0108861195497353,1.0532605243335895,2019,OIL,NEPL,Warri River (OML 42),ONSHORE,Small,10.8861195497353
s_3893,5.548418063,5.644460063,Nigeria,0.0026687642644285,0.25820991912063435,2020,OIL,NEPL,Warri River (OML 42),ONSHORE,Small,2.6687642644285
s_3893,5.548418063,5.644460063,Nigeria,0.0001145941446174,0.01108728305746162,2021,OIL,NEPL,Warri River (OML 42),ONSHORE,Small,0.1145941446174
s_3893,5.548418063,5.644460063,Nigeria,0.0,0.0,2022,OIL,NEPL,Warri River (OML 42),ONSHORE,Small,0.0
s_3893,5.548418063,5.644460063,Nigeria,0.0,0.0,2023,OIL,NEPL,Warri River (OML 42),ONSHORE,Small,0.0
s_3893,5.548418063,5.644460063,Nigeria,0.0,0.0,2024,OIL,NEPL,Warri River (OML 42),ONSHORE,Small,0.0
s_3893,5.548418063,5.644460063,Nigeria,2.19672124762645e-05,0.0021253852325606977,2025,OIL,NEPL,Warri River (OML 42),ONSHORE,Small,0.0219672124762645
s_3894,4.801118407,6.089886383,Nigeria,0.03771000426348,3.6485414919167054,2012,OIL,Renaissance Africa Energy ,Nun River,ONSHORE,Small,37.71000426348
s_3894,4.801118407,6.089886383,Nigeria,0.0191222517665896,1.85012784675939,2013,OIL,Renaissance Africa Energy ,Nun River,ONSHORE,Small,19.1222517665896
s_3894,4.801118407,6.089886383,Nigeria,0.0084840549418754,0.8208544941775828,2014,OIL,Renaissance Africa Energy ,Nun River,ONSHORE,Small,8.4840549418754
s_3894,4.801118407,6.089886383,Nigeria,0.0070323507786756,0.6803983214225946,2015,OIL,Renaissance Africa Energy ,Nun River,ONSHORE,Small,7.0323507786756005
s_3894,4.801118407,6.089886383,Nigeria,0.0024668487726214,0.23867406745189237,2016,OIL,Renaissance Africa Energy ,Nun River,ONSHORE,Small,2.4668487726214
s_3894,4.801118407,6.089886383,Nigeria,0.0,0.0,2017,OIL,Renaissance Africa Energy ,Nun River,ONSHORE,Small,0.0
s_3894,4.801118407,6.089886383,Nigeria,0.0081635119699531,0.7898411236982427,2018,OIL,Renaissance Africa Energy ,Nun River,ONSHORE,Small,8.1635119699531
s_3894,4.801118407,6.089886383,Nigeria,0.0340885089558568,3.298152353789741,2019,OIL,Renaissance Africa Energy ,Nun River,ONSHORE,Small,34.0885089558568
s_3894,4.801118407,6.089886383,Nigeria,0.0493227084640942,4.772100980620575,2020,OIL,Renaissance Africa Energy ,Nun River,ONSHORE,Small,49.3227084640942
s_3894,4.801118407,6.089886383,Nigeria,0.0294434508046166,2.8487308348009814,2021,OIL,Renaissance Africa Energy ,Nun River,ONSHORE,Small,29.4434508046166
s_3894,4.801118407,6.089886383,Nigeria,0.0041961155850204,0.40598515210595837,2022,OIL,Renaissance Africa Energy ,Nun River,ONSHORE,Small,4.1961155850204
s_3894,4.801118407,6.089886383,Nigeria,0.0001613843693488,0.015614359616663947,2023,OIL,Renaissance Africa Energy ,Nun River,ONSHORE,Small,0.16138436934880002
s_3894,4.801118407,6.089886383,Nigeria,0.00289658518188,0.280252188441015,2024,OIL,Renaissance Africa Energy ,Nun River,ONSHORE,Small,2.89658518188
s_3894,4.801118407,6.089886383,Nigeria,0.0296090376922882,2.8647517990513696,2025,OIL,Renaissance Africa Energy ,Nun River,ONSHORE,Small,29.6090376922882
s_3895,4.656104345,6.615106243,Nigeria,0.0208608120067605,2.018338094844757,2012,GAS,Renaissance Africa Energy,Soku,ONSHORE,Small,20.8608120067605
s_3895,4.656104345,6.615106243,Nigeria,0.0293587933234638,2.840540002192504,2013,GAS,Renaissance Africa Energy,Soku,ONSHORE,Small,29.3587933234638
s_3895,4.656104345,6.615106243,Nigeria,0.0301020908892122,2.9124559847663933,2014,GAS,Renaissance Africa Energy,Soku,ONSHORE,Small,30.1020908892122
s_3895,4.656104345,6.615106243,Nigeria,0.025937878675253,2.509557567210649,2015,GAS,Renaissance Africa Energy,Soku,ONSHORE,Small,25.937878675253
s_3895,4.656104345,6.615106243,Nigeria,0.0249993456039648,2.418752039101833,2016,GAS,Renaissance Africa Energy,Soku,ONSHORE,Small,24.9993456039648
s_3895,4.656104345,6.615106243,Nigeria,0.0264817771084539,2.562181162452291,2017,GAS,Renaissance Africa Energy,Soku,ONSHORE,Small,26.4817771084539
s_3895,4.656104345,6.615106243,Nigeria,0.0357938144172124,3.463145115091908,2018,GAS,Renaissance Africa Energy,Soku,ONSHORE,Small,35.793814417212396
s_3895,4.656104345,6.615106243,Nigeria,0.0213111128863782,2.0619058820996328,2019,GAS,Renaissance Africa Energy,Soku,ONSHORE,Small,21.3111128863782
s_3895,4.656104345,6.615106243,Nigeria,0.0285127389407264,2.7586820289536935,2020,GAS,Renaissance Africa Energy,Soku,ONSHORE,Small,28.5127389407264
s_3895,4.656104345,6.615106243,Nigeria,0.0333584803162137,3.227520174503438,2021,GAS,Renaissance Africa Energy,Soku,ONSHORE,Small,33.358480316213694
s_3895,4.656104345,6.615106243,Nigeria,0.0372493301619777,3.6039700683273863,2022,GAS,Renaissance Africa Energy,Soku,ONSHORE,Small,37.249330161977696
s_3895,4.656104345,6.615106243,Nigeria,0.032275061010531,3.1226965244633065,2023,GAS,Renaissance Africa Energy,Soku,ONSHORE,Small,32.275061010531
s_3895,4.656104345,6.615106243,Nigeria,0.0408083906492024,3.9483184743671123,2024,GAS,Renaissance Africa Energy,Soku,ONSHORE,Small,40.8083906492024
s_3895,4.656104345,6.615106243,Nigeria,0.0444884533653225,4.304374162369858,2025,GAS,Renaissance Africa Energy,Soku,ONSHORE,Small,44.4884533653225
s_3896,4.610770336,7.11900917,Nigeria,0.0,0.0,2012,NA,NA,NA,ONSHORE,Small,0.0
s_3896,4.610770336,7.11900917,Nigeria,0.0,0.0,2013,NA,NA,NA,ONSHORE,Small,0.0
s_3896,4.610770336,7.11900917,Nigeria,0.0,0.0,2014,NA,NA,NA,ONSHORE,Small,0.0
s_3896,4.610770336,7.11900917,Nigeria,0.0,0.0,2015,NA,NA,NA,ONSHORE,Small,0.0
s_3896,4.610770336,7.11900917,Nigeria,0.0,0.0,2016,NA,NA,NA,ONSHORE,Small,0.0
s_3896,4.610770336,7.11900917,Nigeria,0.0,0.0,2017,NA,NA,NA,ONSHORE,Small,0.0
s_3896,4.610770336,7.11900917,Nigeria,0.0063759138669304,0.6168863341898728,2018,NA,NA,NA,ONSHORE,Small,6.3759138669304
s_3896,4.610770336,7.11900917,Nigeria,0.0094811599698666,0.9173270122130113,2019,NA,NA,NA,ONSHORE,Small,9.4811599698666
s_3896,4.610770336,7.11900917,Nigeria,0.0067220645637783,0.6503773189980748,2020,NA,NA,NA,ONSHORE,Small,6.7220645637783
s_3896,4.610770336,7.11900917,Nigeria,0.0056906398061151,0.5505842774001252,2021,NA,NA,NA,ONSHORE,Small,5.6906398061151
s_3896,4.610770336,7.11900917,Nigeria,0.0013715804607431,0.1327039950873138,2022,NA,NA,NA,ONSHORE,Small,1.3715804607431
s_3896,4.610770336,7.11900917,Nigeria,0.0001476074075188,0.0142814025446334,2023,NA,NA,NA,ONSHORE,Small,0.1476074075188
s_3896,4.610770336,7.11900917,Nigeria,0.0,0.0,2024,NA,NA,NA,ONSHORE,Small,0.0
s_3896,4.610770336,7.11900917,Nigeria,0.0,0.0,2025,NA,NA,NA,ONSHORE,Small,0.0
s_3897,4.365538293,7.998064835,Nigeria,0.0229163726186324,2.2172189575771815,2012,OIL,ExxonMobil,Idoho,OFFSHORE,Small,22.9163726186324
s_3897,4.365538293,7.998064835,Nigeria,0.0824837267625801,7.980516188714471,2013,OIL,ExxonMobil,Idoho,OFFSHORE,Medium,82.4837267625801
s_3897,4.365538293,7.998064835,Nigeria,0.105869556830447,10.243156381735009,2014,OIL,ExxonMobil,Idoho,OFFSHORE,Medium,105.86955683044701
s_3897,4.365538293,7.998064835,Nigeria,0.145989349822335,14.12485123266272,2015,OIL,ExxonMobil,Idoho,OFFSHORE,Medium,145.989349822335
s_3897,4.365538293,7.998064835,Nigeria,0.111990660869715,10.835389198988667,2016,OIL,ExxonMobil,Idoho,OFFSHORE,Medium,111.990660869715
s_3897,4.365538293,7.998064835,Nigeria,0.0439243476577219,4.249795460505297,2017,OIL,ExxonMobil,Idoho,OFFSHORE,Small,43.9243476577219
s_3897,4.365538293,7.998064835,Nigeria,0.0356182479742008,3.4461586027743696,2018,OIL,ExxonMobil,Idoho,OFFSHORE,Small,35.618247974200806
s_3897,4.365538293,7.998064835,Nigeria,0.0459701103562042,4.44772834950411,2019,OIL,ExxonMobil,Idoho,OFFSHORE,Small,45.9701103562042
s_3897,4.365538293,7.998064835,Nigeria,0.0684693355095845,6.624587199334125,2020,OIL,ExxonMobil,Idoho,OFFSHORE,Medium,68.46933550958451
s_3897,4.365538293,7.998064835,Nigeria,0.0006271121405993,0.0606747389651475,2021,OIL,ExxonMobil,Idoho,OFFSHORE,Small,0.6271121405993
s_3897,4.365538293,7.998064835,Nigeria,0.0001528023671759,0.014784028471836451,2022,OIL,ExxonMobil,Idoho,OFFSHORE,Small,0.15280236717589998
s_3897,4.365538293,7.998064835,Nigeria,0.0014489283739184,0.1401876078856967,2023,OIL,ExxonMobil,Idoho,OFFSHORE,Small,1.4489283739184
s_3897,4.365538293,7.998064835,Nigeria,0.0036033520549727,0.34863373100393213,2024,OIL,ExxonMobil,Idoho,OFFSHORE,Small,3.6033520549727003
s_3897,4.365538293,7.998064835,Nigeria,0.0033385690678928,0.32301528482278846,2025,OIL,ExxonMobil,Idoho,OFFSHORE,Small,3.3385690678928
s_3898,3.940794397,6.397378826,Nigeria,0.0908804663268142,8.792922691850185,2012,OIL,NEPL,Agbara,OFFSHORE,Medium,90.8804663268142
s_3898,3.940794397,6.397378826,Nigeria,0.0935707837088273,9.053217931440107,2013,OIL,NEPL,Agbara,OFFSHORE,Medium,93.57078370882729
s_3898,3.940794397,6.397378826,Nigeria,0.0783718532358285,7.582681675966987,2014,OIL,NEPL,Agbara,OFFSHORE,Medium,78.3718532358285
s_3898,3.940794397,6.397378826,Nigeria,0.0667807470063381,6.461211847429578,2015,OIL,NEPL,Agbara,OFFSHORE,Medium,66.7807470063381
s_3898,3.940794397,6.397378826,Nigeria,0.0665180049318751,6.43579086487936,2016,OIL,NEPL,Agbara,OFFSHORE,Medium,66.5180049318751
s_3898,3.940794397,6.397378826,Nigeria,0.0155536542599719,1.5048567091622385,2017,OIL,NEPL,Agbara,OFFSHORE,Small,15.5536542599719
s_3898,3.940794397,6.397378826,Nigeria,0.0350020024244572,3.386535234881357,2018,OIL,NEPL,Agbara,OFFSHORE,Small,35.0020024244572
s_3898,3.940794397,6.397378826,Nigeria,0.0598322387338237,5.78892550765456,2019,OIL,NEPL,Agbara,OFFSHORE,Medium,59.8322387338237
s_3898,3.940794397,6.397378826,Nigeria,0.0589586903929547,5.70440742209332,2020,OIL,NEPL,Agbara,OFFSHORE,Medium,58.9586903929547
s_3898,3.940794397,6.397378826,Nigeria,0.0401214877738479,3.8818588255127393,2021,OIL,NEPL,Agbara,OFFSHORE,Small,40.1214877738479
s_3898,3.940794397,6.397378826,Nigeria,0.0366161606231714,3.5427092602507932,2022,OIL,NEPL,Agbara,OFFSHORE,Small,36.616160623171396
s_3898,3.940794397,6.397378826,Nigeria,0.0427997950257868,4.140992053621759,2023,OIL,NEPL,Agbara,OFFSHORE,Small,42.7997950257868
s_3898,3.940794397,6.397378826,Nigeria,0.0269501111359693,2.607493703907536,2024,OIL,NEPL,Agbara,OFFSHORE,Small,26.9501111359693
s_3898,3.940794397,6.397378826,Nigeria,0.0158097871714587,1.5296382379171964,2025,OIL,NEPL,Agbara,OFFSHORE,Small,15.8097871714587
s_3899,4.619211321,6.853786805,Nigeria,9.78910468887719e-05,0.009471214687894818,2012,OIL,SEPLAT Energy,Idama,ONSHORE,Small,0.09789104688877191
s_3899,4.619211321,6.853786805,Nigeria,0.0,0.0,2013,OIL,SEPLAT Energy,Idama,ONSHORE,Small,0.0
s_3899,4.619211321,6.853786805,Nigeria,0.0,0.0,2014,OIL,SEPLAT Energy,Idama,ONSHORE,Small,0.0
s_3899,4.619211321,6.853786805,Nigeria,0.0,0.0,2015,OIL,SEPLAT Energy,Idama,ONSHORE,Small,0.0
s_3899,4.619211321,6.853786805,Nigeria,4.02147783749536e-05,0.003890884935044889,2016,OIL,SEPLAT Energy,Idama,ONSHORE,Small,0.0402147783749536
s_3899,4.619211321,6.853786805,Nigeria,0.0001875144266334,0.018142510966711697,2017,OIL,SEPLAT Energy,Idama,ONSHORE,Small,0.1875144266334
s_3899,4.619211321,6.853786805,Nigeria,0.000133132410677,0.012880908760446359,2018,OIL,SEPLAT Energy,Idama,ONSHORE,Small,0.133132410677
s_3899,4.619211321,6.853786805,Nigeria,0.0001270340416077,0.012290875610969615,2019,OIL,SEPLAT Energy,Idama,ONSHORE,Small,0.1270340416077
s_3899,4.619211321,6.853786805,Nigeria,0.0017461619518288,0.1689457335602461,2020,OIL,SEPLAT Energy,Idama,ONSHORE,Small,1.7461619518288
s_3899,4.619211321,6.853786805,Nigeria,0.0047976701048284,0.464187124448217,2021,OIL,SEPLAT Energy,Idama,ONSHORE,Small,4.7976701048284
s_3899,4.619211321,6.853786805,Nigeria,0.001735981998389,0.16796079645306947,2022,OIL,SEPLAT Energy,Idama,ONSHORE,Small,1.7359819983890001
s_3899,4.619211321,6.853786805,Nigeria,6.46617227560274e-06,0.0006256190711775036,2023,OIL,SEPLAT Energy,Idama,ONSHORE,Small,0.0064661722756027395
s_3899,4.619211321,6.853786805,Nigeria,6.18413364687538e-05,0.0059833109655821615,2024,OIL,SEPLAT Energy,Idama,ONSHORE,Small,0.061841336468753796
s_3899,4.619211321,6.853786805,Nigeria,9.22912202224431e-06,0.0008929416819167746,2025,OIL,SEPLAT Energy,Idama,ONSHORE,Small,0.00922912202224431
s_3901,5.758924634,4.923430756,Nigeria,0.0180046192308705,1.7419939772748865,2012,OIL,Chevron,Meren,OFFSHORE,Small,18.0046192308705
s_3901,5.758924634,4.923430756,Nigeria,0.0127620766788383,1.2347642805985486,2013,OIL,Chevron,Meren,OFFSHORE,Small,12.7620766788383
s_3901,5.758924634,4.923430756,Nigeria,0.0188355911482533,1.822392682562886,2014,OIL,Chevron,Meren,OFFSHORE,Small,18.8355911482533
s_3901,5.758924634,4.923430756,Nigeria,0.0093619890731449,0.9057969164251642,2015,OIL,Chevron,Meren,OFFSHORE,Small,9.3619890731449
s_3901,5.758924634,4.923430756,Nigeria,0.000813716570431,0.078729205362431,2016,OIL,Chevron,Meren,OFFSHORE,Small,0.813716570431
s_3901,5.758924634,4.923430756,Nigeria,0.0001657454012914,0.016036300857481027,2017,OIL,Chevron,Meren,OFFSHORE,Small,0.1657454012914
s_3901,5.758924634,4.923430756,Nigeria,0.0003690086854449,0.035702554959062015,2018,OIL,Chevron,Meren,OFFSHORE,Small,0.3690086854449
s_3901,5.758924634,4.923430756,Nigeria,0.0007657517489265,0.07408848349486478,2019,OIL,Chevron,Meren,OFFSHORE,Small,0.7657517489265
s_3901,5.758924634,4.923430756,Nigeria,0.0,0.0,2020,OIL,Chevron,Meren,OFFSHORE,Small,0.0
s_3901,5.758924634,4.923430756,Nigeria,0.0032115686557638,0.31072766295179544,2021,OIL,Chevron,Meren,OFFSHORE,Small,3.2115686557638004
s_3901,5.758924634,4.923430756,Nigeria,0.0007605066499034,0.07358100645292964,2022,OIL,Chevron,Meren,OFFSHORE,Small,0.7605066499034
s_3901,5.758924634,4.923430756,Nigeria,8.71219190350949e-05,0.008429273415988144,2023,OIL,Chevron,Meren,OFFSHORE,Small,0.0871219190350949
s_3901,5.758924634,4.923430756,Nigeria,0.0005523453105248,0.053440852704092885,2024,OIL,Chevron,Meren,OFFSHORE,Small,0.5523453105248
s_3901,5.758924634,4.923430756,Nigeria,3.5232640366751e-05,0.0034088500587193416,2025,OIL,Chevron,Meren,OFFSHORE,Small,0.035232640366751
s_3902,6.163476017,2.931487616,Nigeria,0.0,0.0,2012,NA,NA,NA,OFFSHORE,Small,0.0
s_3902,6.163476017,2.931487616,Nigeria,0.0,0.0,2013,NA,NA,NA,OFFSHORE,Small,0.0
s_3902,6.163476017,2.931487616,Nigeria,0.0,0.0,2014,NA,NA,NA,OFFSHORE,Small,0.0
s_3902,6.163476017,2.931487616,Nigeria,0.0,0.0,2015,NA,NA,NA,OFFSHORE,Small,0.0
s_3902,6.163476017,2.931487616,Nigeria,0.0064915532911498,0.6280747507813406,2016,NA,NA,NA,OFFSHORE,Small,6.4915532911498
s_3902,6.163476017,2.931487616,Nigeria,0.0077793372555898,0.7526712157951244,2017,NA,NA,NA,OFFSHORE,Small,7.7793372555898
s_3902,6.163476017,2.931487616,Nigeria,0.0127751504587452,1.2360292029812996,2018,NA,NA,NA,OFFSHORE,Small,12.7751504587452
s_3902,6.163476017,2.931487616,Nigeria,0.0106494089939189,1.0303581592625997,2019,NA,NA,NA,OFFSHORE,Small,10.6494089939189
s_3902,6.163476017,2.931487616,Nigeria,0.0131395216523417,1.271283068480952,2020,NA,NA,NA,OFFSHORE,Small,13.139521652341699
s_3902,6.163476017,2.931487616,Nigeria,0.009206388812742,0.8907421844695166,2021,NA,NA,NA,OFFSHORE,Small,9.206388812742
s_3902,6.163476017,2.931487616,Nigeria,0.0,0.0,2022,NA,NA,NA,OFFSHORE,Small,0.0
s_3902,6.163476017,2.931487616,Nigeria,0.0,0.0,2023,NA,NA,NA,OFFSHORE,Small,0.0
s_3902,6.163476017,2.931487616,Nigeria,0.0,0.0,2024,NA,NA,NA,OFFSHORE,Small,0.0
s_3902,6.163476017,2.931487616,Nigeria,0.0,0.0,2025,NA,NA,NA,OFFSHORE,Small,0.0
s_3903,4.803143925,5.311923588,Nigeria,0.0099349703738137,0.961234355121163,2012,OIL,Renaissance Africa Energy ,EA,OFFSHORE,Small,9.9349703738137
s_3903,4.803143925,5.311923588,Nigeria,0.0052749076687954,0.5103611063302909,2013,OIL,Renaissance Africa Energy ,EA,OFFSHORE,Small,5.2749076687954
s_3903,4.803143925,5.311923588,Nigeria,0.0181887930865222,1.7598132792663814,2014,OIL,Renaissance Africa Energy ,EA,OFFSHORE,Small,18.1887930865222
s_3903,4.803143925,5.311923588,Nigeria,0.0308810032144928,2.9878177884271744,2015,OIL,Renaissance Africa Energy ,EA,OFFSHORE,Small,30.8810032144928
s_3903,4.803143925,5.311923588,Nigeria,0.0105481018755989,1.020556430733627,2016,OIL,Renaissance Africa Energy ,EA,OFFSHORE,Small,10.5481018755989
s_3903,4.803143925,5.311923588,Nigeria,0.0487505862699619,4.716746662727811,2017,OIL,Renaissance Africa Energy ,EA,OFFSHORE,Small,48.7505862699619
s_3903,4.803143925,5.311923588,Nigeria,0.0504212924589381,4.8783918539797515,2018,OIL,Renaissance Africa Energy ,EA,OFFSHORE,Small,50.421292458938105
s_3903,4.803143925,5.311923588,Nigeria,0.0086461920662839,0.8365416848140839,2019,OIL,Renaissance Africa Energy ,EA,OFFSHORE,Small,8.6461920662839
s_3903,4.803143925,5.311923588,Nigeria,0.0121519548377452,1.175733397525735,2020,OIL,Renaissance Africa Energy ,EA,OFFSHORE,Small,12.1519548377452
s_3903,4.803143925,5.311923588,Nigeria,0.0416482080961517,4.029573007764168,2021,OIL,Renaissance Africa Energy ,EA,OFFSHORE,Small,41.6482080961517
s_3903,4.803143925,5.311923588,Nigeria,0.0234197767059934,2.2659246190007147,2022,OIL,Renaissance Africa Energy ,EA,OFFSHORE,Small,23.4197767059934
s_3903,4.803143925,5.311923588,Nigeria,0.0349317952468375,3.379742506914898,2023,OIL,Renaissance Africa Energy ,EA,OFFSHORE,Small,34.9317952468375
s_3903,4.803143925,5.311923588,Nigeria,0.0172744885379281,1.6713519240650943,2024,OIL,Renaissance Africa Energy ,EA,OFFSHORE,Small,17.2744885379281
s_3903,4.803143925,5.311923588,Nigeria,0.0276031801837411,2.6706798414967463,2025,OIL,Renaissance Africa Energy ,EA,OFFSHORE,Small,27.6031801837411
s_3905,4.662332689,6.807654938,Nigeria,0.0,0.0,2012,OIL,SEPLAT Energy,Idama,ONSHORE,Small,0.0
s_3905,4.662332689,6.807654938,Nigeria,0.0,0.0,2013,OIL,SEPLAT Energy,Idama,ONSHORE,Small,0.0
s_3905,4.662332689,6.807654938,Nigeria,0.0,0.0,2014,OIL,SEPLAT Energy,Idama,ONSHORE,Small,0.0
s_3905,4.662332689,6.807654938,Nigeria,4.39442363172965e-05,0.004251719740310983,2015,OIL,SEPLAT Energy,Idama,ONSHORE,Small,0.0439442363172965
s_3905,4.662332689,6.807654938,Nigeria,0.0,0.0,2016,OIL,SEPLAT Energy,Idama,ONSHORE,Small,0.0
s_3905,4.662332689,6.807654938,Nigeria,0.0003986854996327,0.03857386431123175,2017,OIL,SEPLAT Energy,Idama,ONSHORE,Small,0.3986854996327
s_3905,4.662332689,6.807654938,Nigeria,0.0002210054591634,0.02138285591440969,2018,OIL,SEPLAT Energy,Idama,ONSHORE,Small,0.2210054591634
s_3905,4.662332689,6.807654938,Nigeria,0.0,0.0,2019,OIL,SEPLAT Energy,Idama,ONSHORE,Small,0.0
s_3905,4.662332689,6.807654938,Nigeria,0.0,0.0,2020,OIL,SEPLAT Energy,Idama,ONSHORE,Small,0.0
s_3905,4.662332689,6.807654938,Nigeria,0.0018432173340894,0.17833609551081664,2021,OIL,SEPLAT Energy,Idama,ONSHORE,Small,1.8432173340894
s_3905,4.662332689,6.807654938,Nigeria,0.0003095003121266,0.02994496427699058,2022,OIL,SEPLAT Energy,Idama,ONSHORE,Small,0.3095003121266
s_3905,4.662332689,6.807654938,Nigeria,0.0,0.0,2023,OIL,SEPLAT Energy,Idama,ONSHORE,Small,0.0
s_3905,4.662332689,6.807654938,Nigeria,1.50861403931034e-05,0.0014596235203936001,2024,OIL,SEPLAT Energy,Idama,ONSHORE,Small,0.0150861403931034
s_3905,4.662332689,6.807654938,Nigeria,0.0,0.0,2025,OIL,SEPLAT Energy,Idama,ONSHORE,Small,0.0
s_3906,4.349980908,7.311974049,Nigeria,0.0471823308921358,4.565013855275935,2012,OIL,Amni International,Tubu,OFFSHORE,Small,47.182330892135795
s_3906,4.349980908,7.311974049,Nigeria,0.0361130398054266,3.494031005903135,2013,OIL,Amni International,Tubu,OFFSHORE,Small,36.1130398054266
s_3906,4.349980908,7.311974049,Nigeria,0.0039205479843648,0.3793232663688204,2014,OIL,Amni International,Tubu,OFFSHORE,Small,3.9205479843647995
s_3906,4.349980908,7.311974049,Nigeria,0.0061962789336543,0.5995061848036193,2015,OIL,Amni International,Tubu,OFFSHORE,Small,6.1962789336543
s_3906,4.349980908,7.311974049,Nigeria,0.0065273724444588,0.6315403475004524,2016,OIL,Amni International,Tubu,OFFSHORE,Small,6.527372444458799
s_3906,4.349980908,7.311974049,Nigeria,0.0062250814967022,0.6022929080725843,2017,OIL,Amni International,Tubu,OFFSHORE,Small,6.2250814967022
s_3906,4.349980908,7.311974049,Nigeria,0.0,0.0,2018,OIL,Amni International,Tubu,OFFSHORE,Small,0.0
s_3906,4.349980908,7.311974049,Nigeria,0.0,0.0,2019,OIL,Amni International,Tubu,OFFSHORE,Small,0.0
s_3906,4.349980908,7.311974049,Nigeria,0.0,0.0,2020,OIL,Amni International,Tubu,OFFSHORE,Small,0.0
s_3906,4.349980908,7.311974049,Nigeria,0.0,0.0,2021,OIL,Amni International,Tubu,OFFSHORE,Small,0.0
s_3906,4.349980908,7.311974049,Nigeria,0.0,0.0,2022,OIL,Amni International,Tubu,OFFSHORE,Small,0.0
s_3906,4.349980908,7.311974049,Nigeria,0.0,0.0,2023,OIL,Amni International,Tubu,OFFSHORE,Small,0.0
s_3906,4.349980908,7.311974049,Nigeria,0.0,0.0,2024,OIL,Amni International,Tubu,OFFSHORE,Small,0.0
s_3906,4.349980908,7.311974049,Nigeria,0.0,0.0,2025,OIL,Amni International,Tubu,OFFSHORE,Small,0.0
s_3907,4.106981464,7.624740658,Nigeria,0.0326719814688295,3.16109961641138,2012,OIL,TotalEnergies,Amenam-Kpono,OFFSHORE,Small,32.6719814688295
s_3907,4.106981464,7.624740658,Nigeria,0.0362797346379124,3.5101591667106247,2013,OIL,TotalEnergies,Amenam-Kpono,OFFSHORE,Small,36.2797346379124
s_3907,4.106981464,7.624740658,Nigeria,0.0665583283770709,6.439692263613393,2014,OIL,TotalEnergies,Amenam-Kpono,OFFSHORE,Medium,66.55832837707091
s_3907,4.106981464,7.624740658,Nigeria,0.0611246440103602,5.913969096694461,2015,OIL,TotalEnergies,Amenam-Kpono,OFFSHORE,Medium,61.1246440103602
s_3907,4.106981464,7.624740658,Nigeria,0.0488318859350268,4.724612617851966,2016,OIL,TotalEnergies,Amenam-Kpono,OFFSHORE,Small,48.8318859350268
s_3907,4.106981464,7.624740658,Nigeria,0.0,0.0,2017,OIL,TotalEnergies,Amenam-Kpono,OFFSHORE,Small,0.0
s_3907,4.106981464,7.624740658,Nigeria,0.0505789664930493,4.893647228962823,2018,OIL,TotalEnergies,Amenam-Kpono,OFFSHORE,Small,50.5789664930493
s_3907,4.106981464,7.624740658,Nigeria,0.107518225780562,10.402669412518586,2019,OIL,TotalEnergies,Amenam-Kpono,OFFSHORE,Medium,107.518225780562
s_3907,4.106981464,7.624740658,Nigeria,0.0652783959675177,6.315855457060011,2020,OIL,TotalEnergies,Amenam-Kpono,OFFSHORE,Medium,65.2783959675177
s_3907,4.106981464,7.624740658,Nigeria,0.0324891086229363,3.1434061905150488,2021,OIL,TotalEnergies,Amenam-Kpono,OFFSHORE,Small,32.4891086229363
s_3907,4.106981464,7.624740658,Nigeria,0.008681313088851,0.8399397355589018,2022,OIL,TotalEnergies,Amenam-Kpono,OFFSHORE,Small,8.681313088851
s_3907,4.106981464,7.624740658,Nigeria,0.0073851968830921,0.714537104415826,2023,OIL,TotalEnergies,Amenam-Kpono,OFFSHORE,Small,7.3851968830920995
s_3907,4.106981464,7.624740658,Nigeria,0.0179728878799702,1.7389238861249254,2024,OIL,TotalEnergies,Amenam-Kpono,OFFSHORE,Small,17.9728878799702
s_3907,4.106981464,7.624740658,Nigeria,0.0140544249231713,1.3598023516236704,2025,OIL,TotalEnergies,Amenam-Kpono,OFFSHORE,Small,14.054424923171299
s_3908,5.733795553,6.394824593,Nigeria,0.0,0.0,2012,OIL,Midwestern O&G,Umusadege,ONSHORE,Small,0.0
s_3908,5.733795553,6.394824593,Nigeria,0.0,0.0,2013,OIL,Midwestern O&G,Umusadege,ONSHORE,Small,0.0
s_3908,5.733795553,6.394824593,Nigeria,0.0,0.0,2014,OIL,Midwestern O&G,Umusadege,ONSHORE,Small,0.0
s_3908,5.733795553,6.394824593,Nigeria,0.0,0.0,2015,OIL,Midwestern O&G,Umusadege,ONSHORE,Small,0.0
s_3908,5.733795553,6.394824593,Nigeria,4.72132981468314e-05,0.004568010018120633,2016,OIL,Midwestern O&G,Umusadege,ONSHORE,Small,0.047213298146831395
s_3908,5.733795553,6.394824593,Nigeria,0.0,0.0,2017,OIL,Midwestern O&G,Umusadege,ONSHORE,Small,0.0
s_3908,5.733795553,6.394824593,Nigeria,8.86088762733713e-05,0.00857314041591345,2018,OIL,Midwestern O&G,Umusadege,ONSHORE,Small,0.0886088762733713
s_3908,5.733795553,6.394824593,Nigeria,0.0,0.0,2019,OIL,Midwestern O&G,Umusadege,ONSHORE,Small,0.0
s_3908,5.733795553,6.394824593,Nigeria,0.0127277806211067,1.231446047358143,2020,OIL,Midwestern O&G,Umusadege,ONSHORE,Small,12.7277806211067
s_3908,5.733795553,6.394824593,Nigeria,0.0137346140164308,1.328859810364394,2021,OIL,Midwestern O&G,Umusadege,ONSHORE,Small,13.7346140164308
s_3908,5.733795553,6.394824593,Nigeria,0.0129843624988995,1.2562710147768696,2022,OIL,Midwestern O&G,Umusadege,ONSHORE,Small,12.9843624988995
s_3908,5.733795553,6.394824593,Nigeria,0.0071861659427397,0.6952803406409624,2023,OIL,Midwestern O&G,Umusadege,ONSHORE,Small,7.1861659427397
s_3908,5.733795553,6.394824593,Nigeria,0.0320448407907235,3.100422116367858,2024,OIL,Midwestern O&G,Umusadege,ONSHORE,Small,32.0448407907235
s_3908,5.733795553,6.394824593,Nigeria,0.0276954957859809,2.679611617339831,2025,OIL,Midwestern O&G,Umusadege,ONSHORE,Small,27.6954957859809
s_3909,5.504626545,6.831883386,Nigeria,0.0,0.0,2012,OIL,Sterling Global,Agu,ONSHORE,Small,0.0
s_3909,5.504626545,6.831883386,Nigeria,0.0,0.0,2013,OIL,Sterling Global,Agu,ONSHORE,Small,0.0
s_3909,5.504626545,6.831883386,Nigeria,0.0,0.0,2014,OIL,Sterling Global,Agu,ONSHORE,Small,0.0
s_3909,5.504626545,6.831883386,Nigeria,0.0,0.0,2015,OIL,Sterling Global,Agu,ONSHORE,Small,0.0
s_3909,5.504626545,6.831883386,Nigeria,0.0,0.0,2016,OIL,Sterling Global,Agu,ONSHORE,Small,0.0
s_3909,5.504626545,6.831883386,Nigeria,2.68888523747033e-05,0.0026015667586157566,2017,OIL,Sterling Global,Agu,ONSHORE,Small,0.0268888523747033
s_3909,5.504626545,6.831883386,Nigeria,0.0097930832846349,0.947506408329667,2018,OIL,Sterling Global,Agu,ONSHORE,Small,9.7930832846349
s_3909,5.504626545,6.831883386,Nigeria,0.0151617401285895,1.4669379924305628,2019,OIL,Sterling Global,Agu,ONSHORE,Small,15.1617401285895
s_3909,5.504626545,6.831883386,Nigeria,0.0243827950138933,2.359099157759676,2020,OIL,Sterling Global,Agu,ONSHORE,Small,24.382795013893297
s_3909,5.504626545,6.831883386,Nigeria,0.0254603637054968,2.463356745593291,2021,OIL,Sterling Global,Agu,ONSHORE,Small,25.4603637054968
s_3909,5.504626545,6.831883386,Nigeria,0.0140520545799277,1.3595730147184306,2022,OIL,Sterling Global,Agu,ONSHORE,Small,14.052054579927699
s_3909,5.504626545,6.831883386,Nigeria,0.0484983157484201,4.69233883029688,2023,OIL,Sterling Global,Agu,ONSHORE,Small,48.4983157484201
s_3909,5.504626545,6.831883386,Nigeria,0.185504485342218,17.948043892511546,2024,OIL,Sterling Global,Agu,ONSHORE,Medium,185.504485342218
s_3909,5.504626545,6.831883386,Nigeria,0.179547077201007,17.37164908131974,2025,OIL,Sterling Global,Agu,ONSHORE,Medium,179.547077201007
s_3910,4.802525632,6.664906579,Nigeria,0.0,0.0,2012,GAS,Renaissance Africa Energy ,Zarama,ONSHORE,Small,0.0
s_3910,4.802525632,6.664906579,Nigeria,0.0,0.0,2013,GAS,Renaissance Africa Energy ,Zarama,ONSHORE,Small,0.0
s_3910,4.802525632,6.664906579,Nigeria,0.0,0.0,2014,GAS,Renaissance Africa Energy ,Zarama,ONSHORE,Small,0.0
s_3910,4.802525632,6.664906579,Nigeria,0.0,0.0,2015,GAS,Renaissance Africa Energy ,Zarama,ONSHORE,Small,0.0
s_3910,4.802525632,6.664906579,Nigeria,0.0,0.0,2016,GAS,Renaissance Africa Energy ,Zarama,ONSHORE,Small,0.0
s_3910,4.802525632,6.664906579,Nigeria,0.0,0.0,2017,GAS,Renaissance Africa Energy ,Zarama,ONSHORE,Small,0.0
s_3910,4.802525632,6.664906579,Nigeria,0.0,0.0,2018,GAS,Renaissance Africa Energy ,Zarama,ONSHORE,Small,0.0
s_3910,4.802525632,6.664906579,Nigeria,0.0,0.0,2019,GAS,Renaissance Africa Energy ,Zarama,ONSHORE,Small,0.0
s_3910,4.802525632,6.664906579,Nigeria,0.0,0.0,2020,GAS,Renaissance Africa Energy ,Zarama,ONSHORE,Small,0.0
s_3910,4.802525632,6.664906579,Nigeria,0.0,0.0,2021,GAS,Renaissance Africa Energy ,Zarama,ONSHORE,Small,0.0
s_3910,4.802525632,6.664906579,Nigeria,0.0,0.0,2022,GAS,Renaissance Africa Energy ,Zarama,ONSHORE,Small,0.0
s_3910,4.802525632,6.664906579,Nigeria,0.0,0.0,2023,GAS,Renaissance Africa Energy ,Zarama,ONSHORE,Small,0.0
s_3910,4.802525632,6.664906579,Nigeria,0.0085868570562805,0.8308008674859256,2024,GAS,Renaissance Africa Energy ,Zarama,ONSHORE,Small,8.586857056280499
s_3910,4.802525632,6.664906579,Nigeria,0.01791735331568,1.733550771854436,2025,GAS,Renaissance Africa Energy ,Zarama,ONSHORE,Small,17.91735331568
s_3911,4.272097116,8.166007517,Nigeria,0.0154329436554931,1.4931776426238725,2012,OIL,ExxonMobil,Ubit,OFFSHORE,Small,15.4329436554931
s_3911,4.272097116,8.166007517,Nigeria,0.0857923325543263,8.300632448241723,2013,OIL,ExxonMobil,Ubit,OFFSHORE,Medium,85.79233255432631
s_3911,4.272097116,8.166007517,Nigeria,0.0481150735336115,4.655259144163368,2014,OIL,ExxonMobil,Ubit,OFFSHORE,Small,48.1150735336115
s_3911,4.272097116,8.166007517,Nigeria,0.0502403752199969,4.860887638168267,2015,OIL,ExxonMobil,Ubit,OFFSHORE,Small,50.2403752199969
s_3911,4.272097116,8.166007517,Nigeria,0.0063050406055165,0.6100291608750849,2016,OIL,ExxonMobil,Ubit,OFFSHORE,Small,6.3050406055165
s_3911,4.272097116,8.166007517,Nigeria,0.0100038374746735,0.9678974271579468,2017,OIL,ExxonMobil,Ubit,OFFSHORE,Small,10.0038374746735
s_3911,4.272097116,8.166007517,Nigeria,0.0285851497518167,2.765687964219051,2018,OIL,ExxonMobil,Ubit,OFFSHORE,Small,28.5851497518167
s_3911,4.272097116,8.166007517,Nigeria,0.0664928940106354,6.4333613176058275,2019,OIL,ExxonMobil,Ubit,OFFSHORE,Medium,66.49289401063541
s_3911,4.272097116,8.166007517,Nigeria,0.0384246576960296,3.717686079723689,2020,OIL,ExxonMobil,Ubit,OFFSHORE,Small,38.424657696029605
s_3911,4.272097116,8.166007517,Nigeria,0.0022268872938704,0.21545716708859564,2021,OIL,ExxonMobil,Ubit,OFFSHORE,Small,2.2268872938704
s_3911,4.272097116,8.166007517,Nigeria,0.0005631665243436,0.05448783342928549,2022,OIL,ExxonMobil,Ubit,OFFSHORE,Small,0.5631665243436
s_3911,4.272097116,8.166007517,Nigeria,0.012801999608957,1.2386269284518672,2023,OIL,ExxonMobil,Ubit,OFFSHORE,Small,12.801999608957
s_3911,4.272097116,8.166007517,Nigeria,0.0042163263475853,0.4079405962179796,2024,OIL,ExxonMobil,Ubit,OFFSHORE,Small,4.216326347585301
s_3911,4.272097116,8.166007517,Nigeria,0.0049176853461737,0.4757989127856367,2025,OIL,ExxonMobil,Ubit,OFFSHORE,Small,4.9176853461737
s_3913,5.55998274,5.072502919,Nigeria,0.107173319751667,10.36929885258857,2012,OIL,Chevron,Okan,OFFSHORE,Medium,107.173319751667
s_3913,5.55998274,5.072502919,Nigeria,0.0428513420083969,4.145979358940582,2013,OIL,Chevron,Okan,OFFSHORE,Small,42.851342008396905
s_3913,5.55998274,5.072502919,Nigeria,0.0237423911659371,2.297138411361296,2014,OIL,Chevron,Okan,OFFSHORE,Small,23.7423911659371
s_3913,5.55998274,5.072502919,Nigeria,0.0174158692626616,1.6850308787727974,2015,OIL,Chevron,Okan,OFFSHORE,Small,17.4158692626616
s_3913,5.55998274,5.072502919,Nigeria,0.0498007499592684,4.8183527449485375,2016,OIL,Chevron,Okan,OFFSHORE,Small,49.8007499592684
s_3913,5.55998274,5.072502919,Nigeria,0.0845912675600983,8.184426270291926,2017,OIL,Chevron,Okan,OFFSHORE,Medium,84.5912675600983
s_3913,5.55998274,5.072502919,Nigeria,0.0617224871241177,5.97181198079918,2018,OIL,Chevron,Okan,OFFSHORE,Medium,61.7224871241177
s_3913,5.55998274,5.072502919,Nigeria,0.122000512374613,11.803868499292381,2019,OIL,Chevron,Okan,OFFSHORE,Medium,122.000512374613
s_3913,5.55998274,5.072502919,Nigeria,0.0689010063670413,6.666352483243352,2020,OIL,Chevron,Okan,OFFSHORE,Medium,68.9010063670413
s_3913,5.55998274,5.072502919,Nigeria,0.219629667861204,21.249744509404056,2021,OIL,Chevron,Okan,OFFSHORE,Medium,219.62966786120398
s_3913,5.55998274,5.072502919,Nigeria,0.187612748433303,18.15202385787977,2022,OIL,Chevron,Okan,OFFSHORE,Medium,187.612748433303
s_3913,5.55998274,5.072502919,Nigeria,0.114244476170275,11.053451721118199,2023,OIL,Chevron,Okan,OFFSHORE,Medium,114.244476170275
s_3913,5.55998274,5.072502919,Nigeria,0.295970853307623,28.635953768285308,2024,OIL,Chevron,Okan,OFFSHORE,Medium,295.97085330762303
s_3913,5.55998274,5.072502919,Nigeria,0.12300217153485,11.900781641527754,2025,OIL,Chevron,Okan,OFFSHORE,Medium,123.00217153485
s_3914,5.65995298,6.516560866,Nigeria,0.119932387650852,11.603772025890274,2012,OIL,Oando Oil,Kwale,ONSHORE,Medium,119.932387650852
s_3914,5.65995298,6.516560866,Nigeria,0.187407904444714,18.132204666491862,2013,OIL,Oando Oil,Kwale,ONSHORE,Medium,187.407904444714
s_3914,5.65995298,6.516560866,Nigeria,0.158031611245047,15.289971505529483,2014,OIL,Oando Oil,Kwale,ONSHORE,Medium,158.031611245047
s_3914,5.65995298,6.516560866,Nigeria,0.153501329841968,14.8516549369684,2015,OIL,Oando Oil,Kwale,ONSHORE,Medium,153.501329841968
s_3914,5.65995298,6.516560866,Nigeria,0.172874460316301,16.726055954535322,2016,OIL,Oando Oil,Kwale,ONSHORE,Medium,172.874460316301
s_3914,5.65995298,6.516560866,Nigeria,0.175618332718851,16.99153278236279,2017,OIL,Oando Oil,Kwale,ONSHORE,Medium,175.618332718851
s_3914,5.65995298,6.516560866,Nigeria,0.223747337467436,21.64813980799306,2018,OIL,Oando Oil,Kwale,ONSHORE,Medium,223.74733746743598
s_3914,5.65995298,6.516560866,Nigeria,0.155808628091084,15.074892074182918,2019,OIL,Oando Oil,Kwale,ONSHORE,Medium,155.80862809108402
s_3914,5.65995298,6.516560866,Nigeria,0.196557604796548,19.017462094176665,2020,OIL,Oando Oil,Kwale,ONSHORE,Medium,196.557604796548
s_3914,5.65995298,6.516560866,Nigeria,0.187018093078534,18.094489397790454,2021,OIL,Oando Oil,Kwale,ONSHORE,Medium,187.018093078534
s_3914,5.65995298,6.516560866,Nigeria,0.161158975215981,15.592552145100726,2022,OIL,Oando Oil,Kwale,ONSHORE,Medium,161.158975215981
s_3914,5.65995298,6.516560866,Nigeria,0.102269241327637,9.894816445090804,2023,OIL,Oando Oil,Kwale,ONSHORE,Medium,102.269241327637
s_3914,5.65995298,6.516560866,Nigeria,0.106916075835668,10.344409831242729,2024,OIL,Oando Oil,Kwale,ONSHORE,Medium,106.91607583566801
s_3914,5.65995298,6.516560866,Nigeria,0.103688996594156,10.032181478572872,2025,OIL,Oando Oil,Kwale,ONSHORE,Medium,103.688996594156
s_3915,4.40140978,6.64637814,Nigeria,0.0680641669011297,6.585386077296566,2012,OIL,Renaissance Africa Energy ,Belema,ONSHORE,Medium,68.0641669011297
s_3915,4.40140978,6.64637814,Nigeria,0.0492130674372224,4.761492924653169,2013,OIL,Renaissance Africa Energy ,Belema,ONSHORE,Small,49.213067437222406
s_3915,4.40140978,6.64637814,Nigeria,0.0549055638247706,5.312256831160319,2014,OIL,Renaissance Africa Energy ,Belema,ONSHORE,Medium,54.905563824770596
s_3915,4.40140978,6.64637814,Nigeria,0.0191855772950683,1.8562547571818278,2015,OIL,Renaissance Africa Energy ,Belema,ONSHORE,Small,19.1855772950683
s_3915,4.40140978,6.64637814,Nigeria,0.0226795446897498,2.1943052363552065,2016,OIL,Renaissance Africa Energy ,Belema,ONSHORE,Small,22.679544689749797
s_3915,4.40140978,6.64637814,Nigeria,0.0101543980755232,0.9824645588774209,2017,OIL,Renaissance Africa Energy ,Belema,ONSHORE,Small,10.1543980755232
s_3915,4.40140978,6.64637814,Nigeria,0.0,0.0,2018,OIL,Renaissance Africa Energy ,Belema,ONSHORE,Small,0.0
s_3915,4.40140978,6.64637814,Nigeria,0.0,0.0,2019,OIL,Renaissance Africa Energy ,Belema,ONSHORE,Small,0.0
s_3915,4.40140978,6.64637814,Nigeria,0.0,0.0,2020,OIL,Renaissance Africa Energy ,Belema,ONSHORE,Small,0.0
s_3915,4.40140978,6.64637814,Nigeria,0.0,0.0,2021,OIL,Renaissance Africa Energy ,Belema,ONSHORE,Small,0.0
s_3915,4.40140978,6.64637814,Nigeria,0.0,0.0,2022,OIL,Renaissance Africa Energy ,Belema,ONSHORE,Small,0.0
s_3915,4.40140978,6.64637814,Nigeria,0.0,0.0,2023,OIL,Renaissance Africa Energy ,Belema,ONSHORE,Small,0.0
s_3915,4.40140978,6.64637814,Nigeria,0.0,0.0,2024,OIL,Renaissance Africa Energy ,Belema,ONSHORE,Small,0.0
s_3915,4.40140978,6.64637814,Nigeria,0.0,0.0,2025,OIL,Renaissance Africa Energy ,Belema,ONSHORE,Small,0.0
s_3916,5.619693102,6.814770598,Nigeria,0.110205577948674,10.662677759912077,2012,OIL,NNPC Limited,Izombe (Conc),ONSHORE,Medium,110.205577948674
s_3916,5.619693102,6.814770598,Nigeria,0.0845305094902891,8.178547768207473,2013,OIL,NNPC Limited,Izombe (Conc),ONSHORE,Medium,84.5305094902891
s_3916,5.619693102,6.814770598,Nigeria,0.0594531816201892,5.752250741000105,2014,OIL,NNPC Limited,Izombe (Conc),ONSHORE,Medium,59.4531816201892
s_3916,5.619693102,6.814770598,Nigeria,0.0529550691306548,5.123541370628358,2015,OIL,NNPC Limited,Izombe (Conc),ONSHORE,Medium,52.9550691306548
s_3916,5.619693102,6.814770598,Nigeria,0.029959055294492,2.898616917061407,2016,OIL,NNPC Limited,Izombe (Conc),ONSHORE,Small,29.959055294492
s_3916,5.619693102,6.814770598,Nigeria,0.0453745881744852,4.3901100216413695,2017,OIL,NNPC Limited,Izombe (Conc),ONSHORE,Small,45.3745881744852
s_3916,5.619693102,6.814770598,Nigeria,0.0532925617493707,5.156194663743816,2018,OIL,NNPC Limited,Izombe (Conc),ONSHORE,Medium,53.2925617493707
s_3916,5.619693102,6.814770598,Nigeria,0.0363313837518076,3.5151563534982664,2019,OIL,NNPC Limited,Izombe (Conc),ONSHORE,Small,36.3313837518076
s_3916,5.619693102,6.814770598,Nigeria,0.0300149986226524,2.904029580304906,2020,OIL,NNPC Limited,Izombe (Conc),ONSHORE,Small,30.0149986226524
s_3916,5.619693102,6.814770598,Nigeria,0.0351430458413908,3.400181554177648,2021,OIL,NNPC Limited,Izombe (Conc),ONSHORE,Small,35.1430458413908
s_3916,5.619693102,6.814770598,Nigeria,0.0163843485202671,1.5852285504011765,2022,OIL,NNPC Limited,Izombe (Conc),ONSHORE,Small,16.3843485202671
s_3916,5.619693102,6.814770598,Nigeria,0.0046393547661097,0.44886970156790684,2023,OIL,NNPC Limited,Izombe (Conc),ONSHORE,Small,4.6393547661097
s_3916,5.619693102,6.814770598,Nigeria,0.0275194581664971,2.662579517466883,2024,OIL,NNPC Limited,Izombe (Conc),ONSHORE,Small,27.519458166497103
s_3916,5.619693102,6.814770598,Nigeria,0.0322601433962379,3.12125320628364,2025,OIL,NNPC Limited,Izombe (Conc),ONSHORE,Small,32.2601433962379
s_3917,4.617257903,7.142657354,Nigeria,0.0,0.0,2012,NA,NA,NA,ONSHORE,Small,0.0
s_3917,4.617257903,7.142657354,Nigeria,0.0002712233791177,0.026241570946920454,2013,NA,NA,NA,ONSHORE,Small,0.2712233791177
s_3917,4.617257903,7.142657354,Nigeria,0.0012637372145189,0.12226987909722262,2014,NA,NA,NA,ONSHORE,Small,1.2637372145189
s_3917,4.617257903,7.142657354,Nigeria,0.0006759833550381,0.06540315671854995,2015,NA,NA,NA,ONSHORE,Small,0.6759833550380999
s_3917,4.617257903,7.142657354,Nigeria,0.0026207393133584,0.2535633795604089,2016,NA,NA,NA,ONSHORE,Small,2.6207393133584
s_3917,4.617257903,7.142657354,Nigeria,0.0047238981480737,0.45704949478159634,2017,NA,NA,NA,ONSHORE,Small,4.7238981480737
s_3917,4.617257903,7.142657354,Nigeria,0.0007290524722768,0.07053773254177,2018,NA,NA,NA,ONSHORE,Small,0.7290524722768
s_3917,4.617257903,7.142657354,Nigeria,0.0005626136935818,0.054434345607901474,2019,NA,NA,NA,ONSHORE,Small,0.5626136935817999
s_3917,4.617257903,7.142657354,Nigeria,0.0006760141066204,0.06540613201452657,2020,NA,NA,NA,ONSHORE,Small,0.6760141066204
s_3917,4.617257903,7.142657354,Nigeria,0.0016373292182561,0.15841588208252397,2021,NA,NA,NA,ONSHORE,Small,1.6373292182561
s_3917,4.617257903,7.142657354,Nigeria,0.0013471878898788,0.13034395009047176,2022,NA,NA,NA,ONSHORE,Small,1.3471878898788
s_3917,4.617257903,7.142657354,Nigeria,4.21165147633761e-05,0.004074882902039735,2023,NA,NA,NA,ONSHORE,Small,0.0421165147633761
s_3917,4.617257903,7.142657354,Nigeria,0.0,0.0,2024,NA,NA,NA,ONSHORE,Small,0.0
s_3917,4.617257903,7.142657354,Nigeria,0.0,0.0,2025,NA,NA,NA,ONSHORE,Small,0.0
s_3918,4.963556422,6.438990947,Nigeria,0.0,0.0,2012,GAS,Renaissance Africa Energy ,Zarama,ONSHORE,Small,0.0
s_3918,4.963556422,6.438990947,Nigeria,0.0,0.0,2013,GAS,Renaissance Africa Energy ,Zarama,ONSHORE,Small,0.0
s_3918,4.963556422,6.438990947,Nigeria,0.0,0.0,2014,GAS,Renaissance Africa Energy ,Zarama,ONSHORE,Small,0.0
s_3918,4.963556422,6.438990947,Nigeria,0.0,0.0,2015,GAS,Renaissance Africa Energy ,Zarama,ONSHORE,Small,0.0
s_3918,4.963556422,6.438990947,Nigeria,0.0,0.0,2016,GAS,Renaissance Africa Energy ,Zarama,ONSHORE,Small,0.0
s_3918,4.963556422,6.438990947,Nigeria,0.0,0.0,2017,GAS,Renaissance Africa Energy ,Zarama,ONSHORE,Small,0.0
s_3918,4.963556422,6.438990947,Nigeria,0.0,0.0,2018,GAS,Renaissance Africa Energy ,Zarama,ONSHORE,Small,0.0
s_3918,4.963556422,6.438990947,Nigeria,0.0,0.0,2019,GAS,Renaissance Africa Energy ,Zarama,ONSHORE,Small,0.0
s_3918,4.963556422,6.438990947,Nigeria,0.0006631162027459,0.06415822609767576,2020,GAS,Renaissance Africa Energy ,Zarama,ONSHORE,Small,0.6631162027459
s_3918,4.963556422,6.438990947,Nigeria,0.0014398934815159,0.1393134584272346,2021,GAS,Renaissance Africa Energy ,Zarama,ONSHORE,Small,1.4398934815159001
s_3918,4.963556422,6.438990947,Nigeria,0.0003575828145049,0.034597072076731836,2022,GAS,Renaissance Africa Energy ,Zarama,ONSHORE,Small,0.3575828145049
s_3918,4.963556422,6.438990947,Nigeria,0.0,0.0,2023,GAS,Renaissance Africa Energy ,Zarama,ONSHORE,Small,0.0
s_3918,4.963556422,6.438990947,Nigeria,0.0,0.0,2024,GAS,Renaissance Africa Energy ,Zarama,ONSHORE,Small,0.0
s_3918,4.963556422,6.438990947,Nigeria,0.0,0.0,2025,GAS,Renaissance Africa Energy ,Zarama,ONSHORE,Small,0.0
s_3919,5.471628259,5.211393779,Nigeria,0.0,0.0,2012,OIL,Renaissance Africa Energy ,Forcados Yokri,OFFSHORE,Small,0.0
s_3919,5.471628259,5.211393779,Nigeria,0.0,0.0,2013,OIL,Renaissance Africa Energy ,Forcados Yokri,OFFSHORE,Small,0.0
s_3919,5.471628259,5.211393779,Nigeria,0.0,0.0,2014,OIL,Renaissance Africa Energy ,Forcados Yokri,OFFSHORE,Small,0.0
s_3919,5.471628259,5.211393779,Nigeria,0.0,0.0,2015,OIL,Renaissance Africa Energy ,Forcados Yokri,OFFSHORE,Small,0.0
s_3919,5.471628259,5.211393779,Nigeria,0.0,0.0,2016,OIL,Renaissance Africa Energy ,Forcados Yokri,OFFSHORE,Small,0.0
s_3919,5.471628259,5.211393779,Nigeria,0.0,0.0,2017,OIL,Renaissance Africa Energy ,Forcados Yokri,OFFSHORE,Small,0.0
s_3919,5.471628259,5.211393779,Nigeria,0.0,0.0,2018,OIL,Renaissance Africa Energy ,Forcados Yokri,OFFSHORE,Small,0.0
s_3919,5.471628259,5.211393779,Nigeria,0.0010761597986849,0.10412127376068996,2019,OIL,Renaissance Africa Energy ,Forcados Yokri,OFFSHORE,Small,1.0761597986849
s_3919,5.471628259,5.211393779,Nigeria,0.0017003639257618,0.16451465481557578,2020,OIL,Renaissance Africa Energy ,Forcados Yokri,OFFSHORE,Small,1.7003639257618
s_3919,5.471628259,5.211393779,Nigeria,0.0049906122385705,0.48285478026650974,2021,OIL,Renaissance Africa Energy ,Forcados Yokri,OFFSHORE,Small,4.990612238570501
s_3919,5.471628259,5.211393779,Nigeria,0.0055449800273877,0.5364913130324441,2022,OIL,Renaissance Africa Energy ,Forcados Yokri,OFFSHORE,Small,5.5449800273877
s_3919,5.471628259,5.211393779,Nigeria,0.0028480764806569,0.2755588447888937,2023,OIL,Renaissance Africa Energy ,Forcados Yokri,OFFSHORE,Small,2.8480764806569
s_3919,5.471628259,5.211393779,Nigeria,0.0,0.0,2024,OIL,Renaissance Africa Energy ,Forcados Yokri,OFFSHORE,Small,0.0
s_3919,5.471628259,5.211393779,Nigeria,0.0,0.0,2025,OIL,Renaissance Africa Energy ,Forcados Yokri,OFFSHORE,Small,0.0
s_3920,5.465824574,5.902751438,Nigeria,0.0,0.0,2012,OIL,NEPL,Utorogu,ONSHORE,Small,0.0
s_3920,5.465824574,5.902751438,Nigeria,0.0,0.0,2013,OIL,NEPL,Utorogu,ONSHORE,Small,0.0
s_3920,5.465824574,5.902751438,Nigeria,0.0,0.0,2014,OIL,NEPL,Utorogu,ONSHORE,Small,0.0
s_3920,5.465824574,5.902751438,Nigeria,3.81996240435439e-05,0.0036959134855750644,2015,OIL,NEPL,Utorogu,ONSHORE,Small,0.0381996240435439
s_3920,5.465824574,5.902751438,Nigeria,0.0,0.0,2016,OIL,NEPL,Utorogu,ONSHORE,Small,0.0
s_3920,5.465824574,5.902751438,Nigeria,0.0003129775667755,0.030281397754320056,2017,OIL,NEPL,Utorogu,ONSHORE,Small,0.3129775667755
s_3920,5.465824574,5.902751438,Nigeria,0.0109882962956404,1.0631463916047534,2018,OIL,NEPL,Utorogu,ONSHORE,Small,10.9882962956404
s_3920,5.465824574,5.902751438,Nigeria,0.0072187374691893,0.6984317209716594,2019,OIL,NEPL,Utorogu,ONSHORE,Small,7.2187374691893
s_3920,5.465824574,5.902751438,Nigeria,1.37348672891274e-05,0.0013288843151598815,2020,OIL,NEPL,Utorogu,ONSHORE,Small,0.013734867289127399
s_3920,5.465824574,5.902751438,Nigeria,1.64837407215113e-05,0.0015948450056971944,2021,OIL,NEPL,Utorogu,ONSHORE,Small,0.0164837407215113
s_3920,5.465824574,5.902751438,Nigeria,0.0,0.0,2022,OIL,NEPL,Utorogu,ONSHORE,Small,0.0
s_3920,5.465824574,5.902751438,Nigeria,4.8360158020676e-05,0.004678971708973284,2023,OIL,NEPL,Utorogu,ONSHORE,Small,0.048360158020676
s_3920,5.465824574,5.902751438,Nigeria,0.0,0.0,2024,OIL,NEPL,Utorogu,ONSHORE,Small,0.0
s_3920,5.465824574,5.902751438,Nigeria,0.0,0.0,2025,OIL,NEPL,Utorogu,ONSHORE,Small,0.0
s_3921,5.914358212,4.879965736,Nigeria,0.0,0.0,2012,OIL,Chevron,Isan West,OFFSHORE,Small,0.0
s_3921,5.914358212,4.879965736,Nigeria,0.0,0.0,2013,OIL,Chevron,Isan West,OFFSHORE,Small,0.0
s_3921,5.914358212,4.879965736,Nigeria,0.0,0.0,2014,OIL,Chevron,Isan West,OFFSHORE,Small,0.0
s_3921,5.914358212,4.879965736,Nigeria,0.0,0.0,2015,OIL,Chevron,Isan West,OFFSHORE,Small,0.0
s_3921,5.914358212,4.879965736,Nigeria,0.0,0.0,2016,OIL,Chevron,Isan West,OFFSHORE,Small,0.0
s_3921,5.914358212,4.879965736,Nigeria,0.0,0.0,2017,OIL,Chevron,Isan West,OFFSHORE,Small,0.0
s_3921,5.914358212,4.879965736,Nigeria,0.0,0.0,2018,OIL,Chevron,Isan West,OFFSHORE,Small,0.0
s_3921,5.914358212,4.879965736,Nigeria,0.0,0.0,2019,OIL,Chevron,Isan West,OFFSHORE,Small,0.0
s_3921,5.914358212,4.879965736,Nigeria,0.0537273894056566,5.198265376192088,2020,OIL,Chevron,Isan West,OFFSHORE,Medium,53.7273894056566
s_3921,5.914358212,4.879965736,Nigeria,0.0868777154814623,8.405646083790653,2021,OIL,Chevron,Isan West,OFFSHORE,Medium,86.87771548146229
s_3921,5.914358212,4.879965736,Nigeria,0.0403090690709675,3.9000078063737997,2022,OIL,Chevron,Isan West,OFFSHORE,Small,40.309069070967496
s_3921,5.914358212,4.879965736,Nigeria,0.0177124061004781,1.7137215930218823,2023,OIL,Chevron,Isan West,OFFSHORE,Small,17.712406100478102
s_3921,5.914358212,4.879965736,Nigeria,0.0052535969959036,0.5082992430188169,2024,OIL,Chevron,Isan West,OFFSHORE,Small,5.2535969959036
s_3921,5.914358212,4.879965736,Nigeria,0.0018845912353638,0.18233912861649845,2025,OIL,Chevron,Isan West,OFFSHORE,Small,1.8845912353638
s_3922,4.982592472,7.11761859,Nigeria,0.0096876583300902,0.9373062683813329,2012,OIL,Heirs Energies,Nkali,ONSHORE,Small,9.6876583300902
s_3922,4.982592472,7.11761859,Nigeria,0.0062228656527009,0.6020785193729206,2013,OIL,Heirs Energies,Nkali,ONSHORE,Small,6.222865652700899
s_3922,4.982592472,7.11761859,Nigeria,0.0041245480375534,0.39906080480056855,2014,OIL,Heirs Energies,Nkali,ONSHORE,Small,4.1245480375534
s_3922,4.982592472,7.11761859,Nigeria,0.0012745911218974,0.12332002300978188,2015,OIL,Heirs Energies,Nkali,ONSHORE,Small,1.2745911218974
s_3922,4.982592472,7.11761859,Nigeria,0.0011574303792749,0.1119844148858671,2016,OIL,Heirs Energies,Nkali,ONSHORE,Small,1.1574303792749
s_3922,4.982592472,7.11761859,Nigeria,0.0021667607072773,0.20963976265608802,2017,OIL,Heirs Energies,Nkali,ONSHORE,Small,2.1667607072773
s_3922,4.982592472,7.11761859,Nigeria,0.0009904751747983,0.09583106240761684,2018,OIL,Heirs Energies,Nkali,ONSHORE,Small,0.9904751747982999
s_3922,4.982592472,7.11761859,Nigeria,0.0022517831245827,0.21786590379132592,2019,OIL,Heirs Energies,Nkali,ONSHORE,Small,2.2517831245827
s_3922,4.982592472,7.11761859,Nigeria,0.0026033838917319,0.25188419714845367,2020,OIL,Heirs Energies,Nkali,ONSHORE,Small,2.6033838917319
s_3922,4.982592472,7.11761859,Nigeria,0.0136834538372811,1.323909929291526,2021,OIL,Heirs Energies,Nkali,ONSHORE,Small,13.6834538372811
s_3922,4.982592472,7.11761859,Nigeria,0.0012554547627271,0.12146853023483473,2022,OIL,Heirs Energies,Nkali,ONSHORE,Small,1.2554547627271
s_3922,4.982592472,7.11761859,Nigeria,0.0093732365132151,0.9068851356543972,2023,OIL,Heirs Energies,Nkali,ONSHORE,Small,9.373236513215101
s_3922,4.982592472,7.11761859,Nigeria,0.0834266955938366,8.071750888195941,2024,OIL,Heirs Energies,Nkali,ONSHORE,Medium,83.4266955938366
s_3922,4.982592472,7.11761859,Nigeria,0.0872016205549808,8.436984746388447,2025,OIL,Heirs Energies,Nkali,ONSHORE,Medium,87.2016205549808
s_3923,4.338701332,5.925467354,Nigeria,0.0481455062297277,4.658203587068096,2012,OIL,ConOil,Otuo,OFFSHORE,Small,48.1455062297277
s_3923,4.338701332,5.925467354,Nigeria,0.0396131189490838,3.8326728127669116,2013,OIL,ConOil,Otuo,OFFSHORE,Small,39.6131189490838
s_3923,4.338701332,5.925467354,Nigeria,0.0294370243691727,2.848109060372149,2014,OIL,ConOil,Otuo,OFFSHORE,Small,29.437024369172697
s_3923,4.338701332,5.925467354,Nigeria,0.0251951144841379,2.43769319002685,2015,OIL,ConOil,Otuo,OFFSHORE,Small,25.1951144841379
s_3923,4.338701332,5.925467354,Nigeria,0.0565605247222835,5.472378624302707,2016,OIL,ConOil,Otuo,OFFSHORE,Medium,56.560524722283496
s_3923,4.338701332,5.925467354,Nigeria,0.112398265203654,10.874825983834159,2017,OIL,ConOil,Otuo,OFFSHORE,Medium,112.39826520365399
s_3923,4.338701332,5.925467354,Nigeria,0.0338071406870487,3.2709292382450603,2018,OIL,ConOil,Otuo,OFFSHORE,Small,33.8071406870487
s_3923,4.338701332,5.925467354,Nigeria,0.0168051770342217,1.6259448092331057,2019,OIL,ConOil,Otuo,OFFSHORE,Small,16.8051770342217
s_3923,4.338701332,5.925467354,Nigeria,0.0139798080892327,1.3525829778808756,2020,OIL,ConOil,Otuo,OFFSHORE,Small,13.9798080892327
s_3923,4.338701332,5.925467354,Nigeria,0.0408433888151786,3.9517046384155954,2021,OIL,ConOil,Otuo,OFFSHORE,Small,40.8433888151786
s_3923,4.338701332,5.925467354,Nigeria,0.0383722677559509,3.712617216066166,2022,OIL,ConOil,Otuo,OFFSHORE,Small,38.3722677559509
s_3923,4.338701332,5.925467354,Nigeria,0.0315299490417764,3.0506049936554547,2023,OIL,ConOil,Otuo,OFFSHORE,Small,31.529949041776405
s_3923,4.338701332,5.925467354,Nigeria,0.0300474663818148,2.9071709208793037,2024,OIL,ConOil,Otuo,OFFSHORE,Small,30.0474663818148
s_3923,4.338701332,5.925467354,Nigeria,0.0251881454574941,2.4370189184810154,2025,OIL,ConOil,Otuo,OFFSHORE,Small,25.1881454574941
s_3925,5.900957787,5.582743386,Nigeria,0.158371464677418,15.322853213537583,2012,OIL,SEPLAT Energy,Sapele,ONSHORE,Medium,158.371464677418
s_3925,5.900957787,5.582743386,Nigeria,0.256852712791701,24.851171412872276,2013,OIL,SEPLAT Energy,Sapele,ONSHORE,Medium,256.85271279170104
s_3925,5.900957787,5.582743386,Nigeria,0.162043662097443,15.678147913582102,2014,OIL,SEPLAT Energy,Sapele,ONSHORE,Medium,162.043662097443
s_3925,5.900957787,5.582743386,Nigeria,0.148852669768611,14.401884922598894,2015,OIL,SEPLAT Energy,Sapele,ONSHORE,Medium,148.852669768611
s_3925,5.900957787,5.582743386,Nigeria,0.0594633284849315,5.753232476689299,2016,OIL,SEPLAT Energy,Sapele,ONSHORE,Medium,59.4633284849315
s_3925,5.900957787,5.582743386,Nigeria,0.0821163205788062,7.94496867998125,2017,OIL,SEPLAT Energy,Sapele,ONSHORE,Medium,82.11632057880621
s_3925,5.900957787,5.582743386,Nigeria,0.195101747033351,18.876604049763838,2018,OIL,SEPLAT Energy,Sapele,ONSHORE,Medium,195.10174703335102
s_3925,5.900957787,5.582743386,Nigeria,0.177820073771974,17.20455698492315,2019,OIL,SEPLAT Energy,Sapele,ONSHORE,Medium,177.820073771974
s_3925,5.900957787,5.582743386,Nigeria,0.161869401133796,15.6612877098058,2020,OIL,SEPLAT Energy,Sapele,ONSHORE,Medium,161.869401133796
s_3925,5.900957787,5.582743386,Nigeria,0.136584449233092,13.214902514878132,2021,OIL,SEPLAT Energy,Sapele,ONSHORE,Medium,136.584449233092
s_3925,5.900957787,5.582743386,Nigeria,0.138676944371307,13.417356889586467,2022,OIL,SEPLAT Energy,Sapele,ONSHORE,Medium,138.676944371307
s_3925,5.900957787,5.582743386,Nigeria,0.119875296598182,11.598248317300152,2023,OIL,SEPLAT Energy,Sapele,ONSHORE,Medium,119.87529659818199
s_3925,5.900957787,5.582743386,Nigeria,0.123745823988001,11.972731960385572,2024,OIL,SEPLAT Energy,Sapele,ONSHORE,Medium,123.745823988001
s_3925,5.900957787,5.582743386,Nigeria,0.0621890671490235,6.016954817916729,2025,OIL,SEPLAT Energy,Sapele,ONSHORE,Medium,62.1890671490235
s_3926,5.708961105,4.481364296,Nigeria,0.0800498306717607,7.745030379370016,2012,OIL,Eni,Abo,OFFSHORE,Medium,80.0498306717607
s_3926,5.708961105,4.481364296,Nigeria,0.171823705525937,16.624392681742062,2013,OIL,Eni,Abo,OFFSHORE,Medium,171.82370552593702
s_3926,5.708961105,4.481364296,Nigeria,0.0326170506167822,3.155784912878583,2014,OIL,Eni,Abo,OFFSHORE,Small,32.6170506167822
s_3926,5.708961105,4.481364296,Nigeria,0.120309631800567,11.640271383546168,2015,OIL,Eni,Abo,OFFSHORE,Medium,120.309631800567
s_3926,5.708961105,4.481364296,Nigeria,0.148592454489842,14.376708414137484,2016,OIL,Eni,Abo,OFFSHORE,Medium,148.59245448984203
s_3926,5.708961105,4.481364296,Nigeria,0.156233307315365,15.115980899305242,2017,OIL,Eni,Abo,OFFSHORE,Medium,156.233307315365
s_3926,5.708961105,4.481364296,Nigeria,0.0704773609961147,6.818868914426021,2018,OIL,Eni,Abo,OFFSHORE,Medium,70.4773609961147
s_3926,5.708961105,4.481364296,Nigeria,0.130746424753374,12.650058385021996,2019,OIL,Eni,Abo,OFFSHORE,Medium,130.74642475337401
s_3926,5.708961105,4.481364296,Nigeria,0.111064261192117,10.74575760843783,2020,OIL,Eni,Abo,OFFSHORE,Medium,111.064261192117
s_3926,5.708961105,4.481364296,Nigeria,0.141298525948111,13.671001760337035,2021,OIL,Eni,Abo,OFFSHORE,Medium,141.29852594811098
s_3926,5.708961105,4.481364296,Nigeria,0.203548462150006,19.69384581823962,2022,OIL,Eni,Abo,OFFSHORE,Medium,203.548462150006
s_3926,5.708961105,4.481364296,Nigeria,0.188686244137388,18.25588737352359,2023,OIL,Eni,Abo,OFFSHORE,Medium,188.686244137388
s_3926,5.708961105,4.481364296,Nigeria,0.170395194714516,16.48618052640246,2024,OIL,Eni,Abo,OFFSHORE,Medium,170.395194714516
s_3926,5.708961105,4.481364296,Nigeria,0.134670792438028,13.029751217379047,2025,OIL,Eni,Abo,OFFSHORE,Medium,134.67079243802797
s_3927,4.930752042,7.193909528,Nigeria,0.0,0.0,2012,OIL,NEPL,Imo River,ONSHORE,Small,0.0
s_3927,4.930752042,7.193909528,Nigeria,0.0,0.0,2013,OIL,NEPL,Imo River,ONSHORE,Small,0.0
s_3927,4.930752042,7.193909528,Nigeria,0.0,0.0,2014,OIL,NEPL,Imo River,ONSHORE,Small,0.0
s_3927,4.930752042,7.193909528,Nigeria,0.0,0.0,2015,OIL,NEPL,Imo River,ONSHORE,Small,0.0
s_3927,4.930752042,7.193909528,Nigeria,0.0,0.0,2016,OIL,NEPL,Imo River,ONSHORE,Small,0.0
s_3927,4.930752042,7.193909528,Nigeria,0.0,0.0,2017,OIL,NEPL,Imo River,ONSHORE,Small,0.0
s_3927,4.930752042,7.193909528,Nigeria,0.0,0.0,2018,OIL,NEPL,Imo River,ONSHORE,Small,0.0
s_3927,4.930752042,7.193909528,Nigeria,0.0,0.0,2019,OIL,NEPL,Imo River,ONSHORE,Small,0.0
s_3927,4.930752042,7.193909528,Nigeria,0.0,0.0,2020,OIL,NEPL,Imo River,ONSHORE,Small,0.0
s_3927,4.930752042,7.193909528,Nigeria,0.0011962794883267,0.11574316774383903,2021,OIL,NEPL,Imo River,ONSHORE,Small,1.1962794883267
s_3927,4.930752042,7.193909528,Nigeria,0.001655731011776,0.1601963037105337,2022,OIL,NEPL,Imo River,ONSHORE,Small,1.655731011776
s_3927,4.930752042,7.193909528,Nigeria,0.0,0.0,2023,OIL,NEPL,Imo River,ONSHORE,Small,0.0
s_3927,4.930752042,7.193909528,Nigeria,9.54770297690801e-08,9.237652220973473e-06,2024,OIL,NEPL,Imo River,ONSHORE,Small,9.54770297690801e-05
s_3927,4.930752042,7.193909528,Nigeria,0.0,0.0,2025,OIL,NEPL,Imo River,ONSHORE,Small,0.0
s_3928,5.685345501,6.35943957,Nigeria,0.0231248841085576,2.2373929893067457,2012,OIL,Energia,Ebendo,ONSHORE,Small,23.1248841085576
s_3928,5.685345501,6.35943957,Nigeria,0.0450850328712534,4.362094789114099,2013,OIL,Energia,Ebendo,ONSHORE,Small,45.0850328712534
s_3928,5.685345501,6.35943957,Nigeria,0.105639914584608,10.22093789413192,2014,OIL,Energia,Ebendo,ONSHORE,Medium,105.63991458460801
s_3928,5.685345501,6.35943957,Nigeria,0.27050294980491,26.171867527601226,2015,OIL,Energia,Ebendo,ONSHORE,Medium,270.50294980491003
s_3928,5.685345501,6.35943957,Nigeria,0.144766822043723,14.006568474216936,2016,OIL,Energia,Ebendo,ONSHORE,Medium,144.76682204372298
s_3928,5.685345501,6.35943957,Nigeria,0.192782753995468,18.652235411164234,2017,OIL,Energia,Ebendo,ONSHORE,Medium,192.782753995468
s_3928,5.685345501,6.35943957,Nigeria,0.200221034097145,19.37190845574539,2018,OIL,Energia,Ebendo,ONSHORE,Medium,200.221034097145
s_3928,5.685345501,6.35943957,Nigeria,0.251073610277073,24.29202813716916,2019,OIL,Energia,Ebendo,ONSHORE,Medium,251.073610277073
s_3928,5.685345501,6.35943957,Nigeria,0.234950576513681,22.73208247261036,2020,OIL,Energia,Ebendo,ONSHORE,Medium,234.950576513681
s_3928,5.685345501,6.35943957,Nigeria,0.308861449390086,29.88315263715292,2021,OIL,Energia,Ebendo,ONSHORE,Medium,308.86144939008597
s_3928,5.685345501,6.35943957,Nigeria,0.151198904109352,14.628889228462723,2022,OIL,Energia,Ebendo,ONSHORE,Medium,151.198904109352
s_3928,5.685345501,6.35943957,Nigeria,0.0786787770528214,7.612377357604461,2023,OIL,Energia,Ebendo,ONSHORE,Medium,78.6787770528214
s_3928,5.685345501,6.35943957,Nigeria,0.09160601170342,8.86312110371773,2024,OIL,Energia,Ebendo,ONSHORE,Medium,91.60601170342001
s_3928,5.685345501,6.35943957,Nigeria,0.0512140472896945,4.955092956231635,2025,OIL,Energia,Ebendo,ONSHORE,Small,51.214047289694506
s_3929,5.516354339,5.937760261,Nigeria,0.0237844771307753,2.3012103384782128,2012,OIL,NEPL,Ughelli East,ONSHORE,Small,23.784477130775297
s_3929,5.516354339,5.937760261,Nigeria,0.0224154832275793,2.168756599595218,2013,OIL,NEPL,Ughelli East,ONSHORE,Small,22.415483227579298
s_3929,5.516354339,5.937760261,Nigeria,0.0309513939567914,2.994628276756182,2014,OIL,NEPL,Ughelli East,ONSHORE,Small,30.9513939567914
s_3929,5.516354339,5.937760261,Nigeria,0.0284113791466589,2.7488752039084483,2015,OIL,NEPL,Ughelli East,ONSHORE,Small,28.411379146658902
s_3929,5.516354339,5.937760261,Nigeria,0.0349868998944692,3.3850740256248124,2016,OIL,NEPL,Ughelli East,ONSHORE,Small,34.986899894469204
s_3929,5.516354339,5.937760261,Nigeria,0.0318123458438758,3.077927622484804,2017,OIL,NEPL,Ughelli East,ONSHORE,Small,31.8123458438758
s_3929,5.516354339,5.937760261,Nigeria,0.0271481381748278,2.6266533375885204,2018,OIL,NEPL,Ughelli East,ONSHORE,Small,27.1481381748278
s_3929,5.516354339,5.937760261,Nigeria,0.0409118458669292,3.958328037129136,2019,OIL,NEPL,Ughelli East,ONSHORE,Small,40.9118458669292
s_3929,5.516354339,5.937760261,Nigeria,0.0689798836958086,6.673984070998374,2020,OIL,NEPL,Ughelli East,ONSHORE,Medium,68.9798836958086
s_3929,5.516354339,5.937760261,Nigeria,0.0666553626855404,6.449080586619585,2021,OIL,NEPL,Ughelli East,ONSHORE,Medium,66.6553626855404
s_3929,5.516354339,5.937760261,Nigeria,0.0591002893983171,5.718107496022487,2022,OIL,NEPL,Ughelli East,ONSHORE,Medium,59.1002893983171
s_3929,5.516354339,5.937760261,Nigeria,0.0654868259874792,6.336021606357614,2023,OIL,NEPL,Ughelli East,ONSHORE,Medium,65.4868259874792
s_3929,5.516354339,5.937760261,Nigeria,0.0938812611426601,9.083257434796511,2024,OIL,NEPL,Ughelli East,ONSHORE,Medium,93.8812611426601
s_3929,5.516354339,5.937760261,Nigeria,0.0694809343713388,6.722462033675119,2025,OIL,NEPL,Ughelli East,ONSHORE,Medium,69.4809343713388
s_3930,4.01752209,7.492148715,Nigeria,0.0393832557284664,3.810432945276353,2012,OIL,ExxonMobil,Yoho,OFFSHORE,Small,39.383255728466395
s_3930,4.01752209,7.492148715,Nigeria,0.0785552187383663,7.600422767681559,2013,OIL,ExxonMobil,Yoho,OFFSHORE,Medium,78.55521873836629
s_3930,4.01752209,7.492148715,Nigeria,0.177644795068916,17.187598312198315,2014,OIL,ExxonMobil,Yoho,OFFSHORE,Medium,177.644795068916
s_3930,4.01752209,7.492148715,Nigeria,0.1196745383063,11.578824427749252,2015,OIL,ExxonMobil,Yoho,OFFSHORE,Medium,119.6745383063
s_3930,4.01752209,7.492148715,Nigeria,0.107191963943325,10.371102726870104,2016,OIL,ExxonMobil,Yoho,OFFSHORE,Medium,107.191963943325
s_3930,4.01752209,7.492148715,Nigeria,0.353963381011475,34.246882424518425,2017,OIL,ExxonMobil,Yoho,OFFSHORE,Medium,353.963381011475
s_3930,4.01752209,7.492148715,Nigeria,0.188764931764413,18.26350060713914,2018,OIL,ExxonMobil,Yoho,OFFSHORE,Medium,188.764931764413
s_3930,4.01752209,7.492148715,Nigeria,0.134012085343747,12.966019584051402,2019,OIL,ExxonMobil,Yoho,OFFSHORE,Medium,134.012085343747
s_3930,4.01752209,7.492148715,Nigeria,0.139952814802247,13.54080068909042,2020,OIL,ExxonMobil,Yoho,OFFSHORE,Medium,139.952814802247
s_3930,4.01752209,7.492148715,Nigeria,0.168386896751568,16.291872448504847,2021,OIL,ExxonMobil,Yoho,OFFSHORE,Medium,168.386896751568
s_3930,4.01752209,7.492148715,Nigeria,0.208348508878699,20.15826288725958,2022,OIL,ExxonMobil,Yoho,OFFSHORE,Medium,208.348508878699
s_3930,4.01752209,7.492148715,Nigeria,0.419504491245272,40.58815617361419,2023,OIL,ExxonMobil,Yoho,OFFSHORE,Medium,419.504491245272
s_3930,4.01752209,7.492148715,Nigeria,0.302729150217986,29.289836661532068,2024,OIL,ExxonMobil,Yoho,OFFSHORE,Medium,302.72915021798605
s_3930,4.01752209,7.492148715,Nigeria,0.104274089290886,10.088790726498738,2025,OIL,ExxonMobil,Yoho,OFFSHORE,Medium,104.274089290886
s_3934,4.526918211,6.632130052,Nigeria,0.0911991803534507,8.823759107091997,2012,OIL,SEPLAT Energy,Robertkiri,ONSHORE,Medium,91.1991803534507
s_3934,4.526918211,6.632130052,Nigeria,0.0669393567890128,6.47655775853235,2013,OIL,SEPLAT Energy,Robertkiri,ONSHORE,Medium,66.9393567890128
s_3934,4.526918211,6.632130052,Nigeria,0.0735261441057465,7.113846650244499,2014,OIL,SEPLAT Energy,Robertkiri,ONSHORE,Medium,73.5261441057465
s_3934,4.526918211,6.632130052,Nigeria,0.0407232710290594,3.940082928603234,2015,OIL,SEPLAT Energy,Robertkiri,ONSHORE,Small,40.7232710290594
s_3934,4.526918211,6.632130052,Nigeria,0.0448089570275149,4.3353837295300695,2016,OIL,SEPLAT Energy,Robertkiri,ONSHORE,Small,44.8089570275149
s_3934,4.526918211,6.632130052,Nigeria,0.0526025374564503,5.0894330095801035,2017,OIL,SEPLAT Energy,Robertkiri,ONSHORE,Medium,52.6025374564503
s_3934,4.526918211,6.632130052,Nigeria,0.0453581797792795,4.388522466511291,2018,OIL,SEPLAT Energy,Robertkiri,ONSHORE,Small,45.3581797792795
s_3934,4.526918211,6.632130052,Nigeria,0.030694478893319,2.9697710727519584,2019,OIL,SEPLAT Energy,Robertkiri,ONSHORE,Small,30.694478893319
s_3934,4.526918211,6.632130052,Nigeria,0.0407149942203965,3.939282125728319,2020,OIL,SEPLAT Energy,Robertkiri,ONSHORE,Small,40.7149942203965
s_3934,4.526918211,6.632130052,Nigeria,0.0361754572921784,3.500070060914742,2021,OIL,SEPLAT Energy,Robertkiri,ONSHORE,Small,36.1754572921784
s_3934,4.526918211,6.632130052,Nigeria,0.0213251485099817,2.063263865374429,2022,OIL,SEPLAT Energy,Robertkiri,ONSHORE,Small,21.3251485099817
s_3934,4.526918211,6.632130052,Nigeria,0.0,0.0,2023,OIL,SEPLAT Energy,Robertkiri,ONSHORE,Small,0.0
s_3934,4.526918211,6.632130052,Nigeria,0.0059909998754403,0.5796448992921589,2024,OIL,SEPLAT Energy,Robertkiri,ONSHORE,Small,5.990999875440299
s_3934,4.526918211,6.632130052,Nigeria,0.0056730898328472,0.5488862716082783,2025,OIL,SEPLAT Energy,Robertkiri,ONSHORE,Small,5.6730898328472
s_3935,4.1060793,7.799666514,Nigeria,0.0685215400458155,6.629638124684709,2012,OIL,ExxonMobil,Asabo,OFFSHORE,Medium,68.5215400458155
s_3935,4.1060793,7.799666514,Nigeria,0.0,0.0,2013,OIL,ExxonMobil,Asabo,OFFSHORE,Small,0.0
s_3935,4.1060793,7.799666514,Nigeria,0.0115743361705378,1.1198472814943776,2014,OIL,ExxonMobil,Asabo,OFFSHORE,Small,11.5743361705378
s_3935,4.1060793,7.799666514,Nigeria,0.0215372423905499,2.0837845027635926,2015,OIL,ExxonMobil,Asabo,OFFSHORE,Small,21.5372423905499
s_3935,4.1060793,7.799666514,Nigeria,0.0,0.0,2016,OIL,ExxonMobil,Asabo,OFFSHORE,Small,0.0
s_3935,4.1060793,7.799666514,Nigeria,0.0,0.0,2017,OIL,ExxonMobil,Asabo,OFFSHORE,Small,0.0
s_3935,4.1060793,7.799666514,Nigeria,0.050073107199814,4.844704019952686,2018,OIL,ExxonMobil,Asabo,OFFSHORE,Small,50.073107199814
s_3935,4.1060793,7.799666514,Nigeria,0.0453015942738129,4.383047670934673,2019,OIL,ExxonMobil,Asabo,OFFSHORE,Small,45.301594273812896
s_3935,4.1060793,7.799666514,Nigeria,0.070005596683774,6.773224483946667,2020,OIL,ExxonMobil,Asabo,OFFSHORE,Medium,70.005596683774
s_3935,4.1060793,7.799666514,Nigeria,0.0034632883445521,0.3350822008738688,2021,OIL,ExxonMobil,Asabo,OFFSHORE,Small,3.4632883445521
s_3935,4.1060793,7.799666514,Nigeria,0.0116465267577882,1.1268319095275279,2022,OIL,ExxonMobil,Asabo,OFFSHORE,Small,11.6465267577882
s_3935,4.1060793,7.799666514,Nigeria,0.0223567821769569,2.163077119494434,2023,OIL,ExxonMobil,Asabo,OFFSHORE,Small,22.356782176956898
s_3935,4.1060793,7.799666514,Nigeria,0.0182132711676886,1.7621815976084878,2024,OIL,ExxonMobil,Asabo,OFFSHORE,Small,18.2132711676886
s_3935,4.1060793,7.799666514,Nigeria,0.0219582813552881,2.1245211232589845,2025,OIL,ExxonMobil,Asabo,OFFSHORE,Small,21.9582813552881
s_3936,4.661882967,6.077217809,Nigeria,0.11262086851277,10.896363435908496,2012,OIL,Renaissance Africa Energy ,Diebu Creek,ONSHORE,Medium,112.62086851277
s_3936,4.661882967,6.077217809,Nigeria,0.0675142376124788,6.532178981024606,2013,OIL,Renaissance Africa Energy ,Diebu Creek,ONSHORE,Medium,67.5142376124788
s_3936,4.661882967,6.077217809,Nigeria,0.0288081062517637,2.7872595884295777,2014,OIL,Renaissance Africa Energy ,Diebu Creek,ONSHORE,Small,28.8081062517637
s_3936,4.661882967,6.077217809,Nigeria,0.0038599738683287,0.3734625622927957,2015,OIL,Renaissance Africa Energy ,Diebu Creek,ONSHORE,Small,3.8599738683286997
s_3936,4.661882967,6.077217809,Nigeria,0.0,0.0,2016,OIL,Renaissance Africa Energy ,Diebu Creek,ONSHORE,Small,0.0
s_3936,4.661882967,6.077217809,Nigeria,0.0,0.0,2017,OIL,Renaissance Africa Energy ,Diebu Creek,ONSHORE,Small,0.0
s_3936,4.661882967,6.077217809,Nigeria,0.0135966551107876,1.3155119255988095,2018,OIL,Renaissance Africa Energy ,Diebu Creek,ONSHORE,Small,13.5966551107876
s_3936,4.661882967,6.077217809,Nigeria,0.0348240245013741,3.369315405562941,2019,OIL,Renaissance Africa Energy ,Diebu Creek,ONSHORE,Small,34.8240245013741
s_3936,4.661882967,6.077217809,Nigeria,0.0617887330470904,5.978221447023247,2020,OIL,Renaissance Africa Energy ,Diebu Creek,ONSHORE,Medium,61.788733047090396
s_3936,4.661882967,6.077217809,Nigeria,0.0854905931841075,8.271438375382541,2021,OIL,Renaissance Africa Energy ,Diebu Creek,ONSHORE,Medium,85.4905931841075
s_3936,4.661882967,6.077217809,Nigeria,0.0120099064621614,1.1619898458529294,2022,OIL,Renaissance Africa Energy ,Diebu Creek,ONSHORE,Small,12.0099064621614
s_3936,4.661882967,6.077217809,Nigeria,0.0001822782409557,0.01763589631424479,2023,OIL,Renaissance Africa Energy ,Diebu Creek,ONSHORE,Small,0.1822782409557
s_3936,4.661882967,6.077217809,Nigeria,0.0034899265528451,0.33765951716235976,2024,OIL,Renaissance Africa Energy ,Diebu Creek,ONSHORE,Small,3.4899265528451
s_3936,4.661882967,6.077217809,Nigeria,0.118992662074307,11.51285111978048,2025,OIL,Renaissance Africa Energy ,Diebu Creek,ONSHORE,Medium,118.992662074307
s_3937,5.9901253,5.276235478,Nigeria,0.0,0.0,2012,NA,NA,NA,ONSHORE,Small,0.0
s_3937,5.9901253,5.276235478,Nigeria,0.0,0.0,2013,NA,NA,NA,ONSHORE,Small,0.0
s_3937,5.9901253,5.276235478,Nigeria,0.0,0.0,2014,NA,NA,NA,ONSHORE,Small,0.0
s_3937,5.9901253,5.276235478,Nigeria,0.0,0.0,2015,NA,NA,NA,ONSHORE,Small,0.0
s_3937,5.9901253,5.276235478,Nigeria,0.0,0.0,2016,NA,NA,NA,ONSHORE,Small,0.0
s_3937,5.9901253,5.276235478,Nigeria,0.0,0.0,2017,NA,NA,NA,ONSHORE,Small,0.0
s_3937,5.9901253,5.276235478,Nigeria,0.0,0.0,2018,NA,NA,NA,ONSHORE,Small,0.0
s_3937,5.9901253,5.276235478,Nigeria,0.0,0.0,2019,NA,NA,NA,ONSHORE,Small,0.0
s_3937,5.9901253,5.276235478,Nigeria,0.0,0.0,2020,NA,NA,NA,ONSHORE,Small,0.0
s_3937,5.9901253,5.276235478,Nigeria,0.0,0.0,2021,NA,NA,NA,ONSHORE,Small,0.0
s_3937,5.9901253,5.276235478,Nigeria,0.0,0.0,2022,NA,NA,NA,ONSHORE,Small,0.0
s_3937,5.9901253,5.276235478,Nigeria,0.0,0.0,2023,NA,NA,NA,ONSHORE,Small,0.0
s_3937,5.9901253,5.276235478,Nigeria,3.15284440267759e-05,0.003050459379519828,2024,NA,NA,NA,ONSHORE,Small,0.0315284440267759
s_3937,5.9901253,5.276235478,Nigeria,0.0117895853982824,1.140673206971394,2025,NA,NA,NA,ONSHORE,Small,11.7895853982824
s_3938,4.146741712,7.972238053,Nigeria,0.373067163812551,36.09522335058382,2012,OIL,ExxonMobil,Edop,OFFSHORE,Medium,373.06716381255103
s_3938,4.146741712,7.972238053,Nigeria,0.456738769135864,44.190669895336185,2013,OIL,ExxonMobil,Edop,OFFSHORE,Medium,456.738769135864
s_3938,4.146741712,7.972238053,Nigeria,0.238476257439308,23.07320131880649,2014,OIL,ExxonMobil,Edop,OFFSHORE,Medium,238.476257439308
s_3938,4.146741712,7.972238053,Nigeria,0.344268935273456,33.30891945667671,2015,OIL,ExxonMobil,Edop,OFFSHORE,Medium,344.26893527345595
s_3938,4.146741712,7.972238053,Nigeria,0.306825202933086,29.68614046939436,2016,OIL,ExxonMobil,Edop,OFFSHORE,Medium,306.825202933086
s_3938,4.146741712,7.972238053,Nigeria,0.309539819102653,29.948786680200676,2017,OIL,ExxonMobil,Edop,OFFSHORE,Medium,309.539819102653
s_3938,4.146741712,7.972238053,Nigeria,0.235361440727993,22.771834659403744,2018,OIL,ExxonMobil,Edop,OFFSHORE,Medium,235.361440727993
s_3938,4.146741712,7.972238053,Nigeria,0.310922735688385,30.082587475014947,2019,OIL,ExxonMobil,Edop,OFFSHORE,Medium,310.92273568838505
s_3938,4.146741712,7.972238053,Nigeria,0.170076254310542,16.455322208561462,2020,OIL,ExxonMobil,Edop,OFFSHORE,Medium,170.076254310542
s_3938,4.146741712,7.972238053,Nigeria,0.180645066246429,17.477882391767068,2021,OIL,ExxonMobil,Edop,OFFSHORE,Medium,180.645066246429
s_3938,4.146741712,7.972238053,Nigeria,0.20926741594028,20.247169547623987,2022,OIL,ExxonMobil,Edop,OFFSHORE,Medium,209.26741594028002
s_3938,4.146741712,7.972238053,Nigeria,0.174424779569956,16.876053395086014,2023,OIL,ExxonMobil,Edop,OFFSHORE,Medium,174.424779569956
s_3938,4.146741712,7.972238053,Nigeria,0.156180979785191,15.110918073969147,2024,OIL,ExxonMobil,Edop,OFFSHORE,Medium,156.180979785191
s_3938,4.146741712,7.972238053,Nigeria,0.190067515223661,18.389528961963624,2025,OIL,ExxonMobil,Edop,OFFSHORE,Medium,190.067515223661
s_3939,5.951636248,5.050556835,Nigeria,0.0,0.0,2012,OIL,NEPL,Opuama,ONSHORE,Small,0.0
s_3939,5.951636248,5.050556835,Nigeria,0.0,0.0,2013,OIL,NEPL,Opuama,ONSHORE,Small,0.0
s_3939,5.951636248,5.050556835,Nigeria,0.0115474567610303,1.1172466283578488,2014,OIL,NEPL,Opuama,ONSHORE,Small,11.5474567610303
s_3939,5.951636248,5.050556835,Nigeria,0.0346860844694514,3.3559693468791534,2015,OIL,NEPL,Opuama,ONSHORE,Small,34.6860844694514
s_3939,5.951636248,5.050556835,Nigeria,0.0134128690808851,1.2977301467623825,2016,OIL,NEPL,Opuama,ONSHORE,Small,13.4128690808851
s_3939,5.951636248,5.050556835,Nigeria,0.0435246244085345,4.21112119121182,2017,OIL,NEPL,Opuama,ONSHORE,Small,43.5246244085345
s_3939,5.951636248,5.050556835,Nigeria,0.128671739097365,12.449327124273667,2018,OIL,NEPL,Opuama,ONSHORE,Medium,128.67173909736502
s_3939,5.951636248,5.050556835,Nigeria,0.19258443819916,18.633047839445158,2019,OIL,NEPL,Opuama,ONSHORE,Medium,192.58443819916
s_3939,5.951636248,5.050556835,Nigeria,0.117710624658684,11.388810648387054,2020,OIL,NEPL,Opuama,ONSHORE,Medium,117.710624658684
s_3939,5.951636248,5.050556835,Nigeria,0.0599828417741658,5.803496745505868,2021,OIL,NEPL,Opuama,ONSHORE,Medium,59.982841774165806
s_3939,5.951636248,5.050556835,Nigeria,0.0463564142757957,4.485104263579108,2022,OIL,NEPL,Opuama,ONSHORE,Small,46.3564142757957
s_3939,5.951636248,5.050556835,Nigeria,0.0971908053384024,9.403464487363511,2023,OIL,NEPL,Opuama,ONSHORE,Medium,97.1908053384024
s_3939,5.951636248,5.050556835,Nigeria,0.155759159812341,15.070105888897272,2024,OIL,NEPL,Opuama,ONSHORE,Medium,155.759159812341
s_3939,5.951636248,5.050556835,Nigeria,0.120156212387965,11.62542765431631,2025,OIL,NEPL,Opuama,ONSHORE,Medium,120.156212387965
s_3940,5.832923834,5.257959436,Nigeria,0.0,0.0,2012,NA,NA,NA,ONSHORE,Small,0.0
s_3940,5.832923834,5.257959436,Nigeria,0.0,0.0,2013,NA,NA,NA,ONSHORE,Small,0.0
s_3940,5.832923834,5.257959436,Nigeria,0.0,0.0,2014,NA,NA,NA,ONSHORE,Small,0.0
s_3940,5.832923834,5.257959436,Nigeria,0.0,0.0,2015,NA,NA,NA,ONSHORE,Small,0.0
s_3940,5.832923834,5.257959436,Nigeria,0.0,0.0,2016,NA,NA,NA,ONSHORE,Small,0.0
s_3940,5.832923834,5.257959436,Nigeria,0.0,0.0,2017,NA,NA,NA,ONSHORE,Small,0.0
s_3940,5.832923834,5.257959436,Nigeria,0.0,0.0,2018,NA,NA,NA,ONSHORE,Small,0.0
s_3940,5.832923834,5.257959436,Nigeria,0.0,0.0,2019,NA,NA,NA,ONSHORE,Small,0.0
s_3940,5.832923834,5.257959436,Nigeria,0.0,0.0,2020,NA,NA,NA,ONSHORE,Small,0.0
s_3940,5.832923834,5.257959436,Nigeria,0.0,0.0,2021,NA,NA,NA,ONSHORE,Small,0.0
s_3940,5.832923834,5.257959436,Nigeria,0.0,0.0,2022,NA,NA,NA,ONSHORE,Small,0.0
s_3940,5.832923834,5.257959436,Nigeria,6.10688078038133e-07,5.9085667977471e-05,2023,NA,NA,NA,ONSHORE,Small,0.000610688078038133
s_3940,5.832923834,5.257959436,Nigeria,0.0130273871870155,1.2604337658248728,2024,NA,NA,NA,ONSHORE,Small,13.0273871870155
s_3940,5.832923834,5.257959436,Nigeria,0.014387069476983,1.3919865817861017,2025,NA,NA,NA,ONSHORE,Small,14.387069476983001
s_3941,5.524745443,5.468006358,Nigeria,0.0,0.0,2012,OIL,NEPL,Odidi,ONSHORE,Small,0.0
s_3941,5.524745443,5.468006358,Nigeria,0.0,0.0,2013,OIL,NEPL,Odidi,ONSHORE,Small,0.0
s_3941,5.524745443,5.468006358,Nigeria,0.038017667310919,3.6783086960322935,2014,OIL,NEPL,Odidi,ONSHORE,Small,38.017667310918995
s_3941,5.524745443,5.468006358,Nigeria,0.145583903074481,14.085623199911193,2015,OIL,NEPL,Odidi,ONSHORE,Medium,145.583903074481
s_3941,5.524745443,5.468006358,Nigeria,0.0401306628463826,3.882746537765443,2016,OIL,NEPL,Odidi,ONSHORE,Small,40.1306628463826
s_3941,5.524745443,5.468006358,Nigeria,0.0829859960810972,8.029112058285907,2017,OIL,NEPL,Odidi,ONSHORE,Medium,82.9859960810972
s_3941,5.524745443,5.468006358,Nigeria,0.186608061405696,18.054817761561065,2018,OIL,NEPL,Odidi,ONSHORE,Medium,186.608061405696
s_3941,5.524745443,5.468006358,Nigeria,0.151878325216069,14.69462499664299,2019,OIL,NEPL,Odidi,ONSHORE,Medium,151.87832521606902
s_3941,5.524745443,5.468006358,Nigeria,0.107819951912658,10.43186220455478,2020,OIL,NEPL,Odidi,ONSHORE,Medium,107.819951912658
s_3941,5.524745443,5.468006358,Nigeria,0.0808310312746717,7.820613579873427,2021,OIL,NEPL,Odidi,ONSHORE,Medium,80.8310312746717
s_3941,5.524745443,5.468006358,Nigeria,0.0896986693177378,8.678580741833118,2022,OIL,NEPL,Odidi,ONSHORE,Medium,89.69866931773781
s_3941,5.524745443,5.468006358,Nigeria,0.0519033264904929,5.021782520784765,2023,OIL,NEPL,Odidi,ONSHORE,Medium,51.9033264904929
s_3941,5.524745443,5.468006358,Nigeria,0.0748484882533939,7.241786903328935,2024,OIL,NEPL,Odidi,ONSHORE,Medium,74.8484882533939
s_3941,5.524745443,5.468006358,Nigeria,0.212411705515806,20.551387783685488,2025,OIL,NEPL,Odidi,ONSHORE,Medium,212.41170551580598
s_3942,4.435396099,7.235569954,Nigeria,0.0,0.0,2012,OIL,NEPL,Bonny,ONSHORE,Small,0.0
s_3942,4.435396099,7.235569954,Nigeria,0.0,0.0,2013,OIL,NEPL,Bonny,ONSHORE,Small,0.0
s_3942,4.435396099,7.235569954,Nigeria,0.0,0.0,2014,OIL,NEPL,Bonny,ONSHORE,Small,0.0
s_3942,4.435396099,7.235569954,Nigeria,4.33835395670401e-05,0.004197470863980981,2015,OIL,NEPL,Bonny,ONSHORE,Small,0.043383539567040094
s_3942,4.435396099,7.235569954,Nigeria,0.0,0.0,2016,OIL,NEPL,Bonny,ONSHORE,Small,0.0
s_3942,4.435396099,7.235569954,Nigeria,0.0,0.0,2017,OIL,NEPL,Bonny,ONSHORE,Small,0.0
s_3942,4.435396099,7.235569954,Nigeria,9.75724837375088e-06,0.0009440392870239794,2018,OIL,NEPL,Bonny,ONSHORE,Small,0.00975724837375088
s_3942,4.435396099,7.235569954,Nigeria,0.000677546152763,0.06555436148381412,2019,OIL,NEPL,Bonny,ONSHORE,Small,0.677546152763
s_3942,4.435396099,7.235569954,Nigeria,0.0015181045396058,0.14688058275249116,2020,OIL,NEPL,Bonny,ONSHORE,Small,1.5181045396058002
s_3942,4.435396099,7.235569954,Nigeria,0.0004502811206659,0.04356587552463669,2021,OIL,NEPL,Bonny,ONSHORE,Small,0.4502811206659
s_3942,4.435396099,7.235569954,Nigeria,0.0,0.0,2022,OIL,NEPL,Bonny,ONSHORE,Small,0.0
s_3942,4.435396099,7.235569954,Nigeria,1.45950514895768e-05,0.0014121093851997227,2023,OIL,NEPL,Bonny,ONSHORE,Small,0.0145950514895768
s_3942,4.435396099,7.235569954,Nigeria,2.76879116248048e-06,0.0002678877829919945,2024,OIL,NEPL,Bonny,ONSHORE,Small,0.0027687911624804796
s_3942,4.435396099,7.235569954,Nigeria,0.0,0.0,2025,OIL,NEPL,Bonny,ONSHORE,Small,0.0
s_3943a,4.552485464,7.045197415,Nigeria,0.0262004679762789,2.5349637685314543,2012,OIL,NNPC Limited,Cawthorne Channel,ONSHORE,Small,26.2004679762789
s_3943a,4.552485464,7.045197415,Nigeria,0.0187872179511463,1.8177124492882246,2013,OIL,NNPC Limited,Cawthorne Channel,ONSHORE,Small,18.7872179511463
s_3943a,4.552485464,7.045197415,Nigeria,0.0286633189387011,2.773251037395718,2014,OIL,NNPC Limited,Cawthorne Channel,ONSHORE,Small,28.6633189387011
s_3943a,4.552485464,7.045197415,Nigeria,0.0311981030306992,3.0184980245900923,2015,OIL,NNPC Limited,Cawthorne Channel,ONSHORE,Small,31.1981030306992
s_3943a,4.552485464,7.045197415,Nigeria,0.0599653497491312,5.801804346357077,2016,OIL,NNPC Limited,Cawthorne Channel,ONSHORE,Medium,59.9653497491312
s_3943a,4.552485464,7.045197415,Nigeria,0.0584537108250822,5.655549328811764,2017,OIL,NNPC Limited,Cawthorne Channel,ONSHORE,Medium,58.453710825082204
s_3943a,4.552485464,7.045197415,Nigeria,0.0342746583800263,3.3161627971997563,2018,OIL,NNPC Limited,Cawthorne Channel,ONSHORE,Small,34.2746583800263
s_3943a,4.552485464,7.045197415,Nigeria,0.072795235761571,7.043129357245012,2019,OIL,NNPC Limited,Cawthorne Channel,ONSHORE,Medium,72.795235761571
s_3943a,4.552485464,7.045197415,Nigeria,0.0696920820321214,6.74289112182647,2020,OIL,NNPC Limited,Cawthorne Channel,ONSHORE,Medium,69.6920820321214
s_3943a,4.552485464,7.045197415,Nigeria,0.0603943309523185,5.843309399184583,2021,OIL,NNPC Limited,Cawthorne Channel,ONSHORE,Medium,60.3943309523185
s_3943a,4.552485464,7.045197415,Nigeria,0.0174097102601261,1.684434979176961,2022,OIL,NNPC Limited,Cawthorne Channel,ONSHORE,Small,17.4097102601261
s_3943a,4.552485464,7.045197415,Nigeria,0.0027929301661639,0.27022329470122497,2023,OIL,NNPC Limited,Cawthorne Channel,ONSHORE,Small,2.7929301661638997
s_3943a,4.552485464,7.045197415,Nigeria,0.0451822763551708,4.3715033503916905,2024,OIL,NNPC Limited,Cawthorne Channel,ONSHORE,Small,45.1822763551708
s_3943a,4.552485464,7.045197415,Nigeria,0.110574522525419,10.698374112186833,2025,OIL,NNPC Limited,Cawthorne Channel,ONSHORE,Medium,110.574522525419
s_3943b,4.54933847,7.034391288,Nigeria,0.0131870863027672,1.2758850727505198,2012,OIL,NNPC Limited,Cawthorne Channel,ONSHORE,Small,13.1870863027672
s_3943b,4.54933847,7.034391288,Nigeria,0.0046419689998805,0.44912263551921827,2013,OIL,NNPC Limited,Cawthorne Channel,ONSHORE,Small,4.6419689998805005
s_3943b,4.54933847,7.034391288,Nigeria,0.0033247560473093,0.321678838972094,2014,OIL,NNPC Limited,Cawthorne Channel,ONSHORE,Small,3.3247560473093
s_3943b,4.54933847,7.034391288,Nigeria,0.0062648960258589,0.6061450678494535,2015,OIL,NNPC Limited,Cawthorne Channel,ONSHORE,Small,6.2648960258589
s_3943b,4.54933847,7.034391288,Nigeria,0.0114242874919355,1.1053296795905785,2016,OIL,NNPC Limited,Cawthorne Channel,ONSHORE,Small,11.4242874919355
s_3943b,4.54933847,7.034391288,Nigeria,0.0077489673339873,0.7497328464886991,2017,OIL,NNPC Limited,Cawthorne Channel,ONSHORE,Small,7.7489673339873
s_3943b,4.54933847,7.034391288,Nigeria,0.0084730834383984,0.8197929725350804,2018,OIL,NNPC Limited,Cawthorne Channel,ONSHORE,Small,8.473083438398401
s_3943b,4.54933847,7.034391288,Nigeria,0.0133668585542665,1.2932785080338376,2019,OIL,NNPC Limited,Cawthorne Channel,ONSHORE,Small,13.3668585542665
s_3943b,4.54933847,7.034391288,Nigeria,0.0078322313652343,0.7577888591761103,2020,OIL,NNPC Limited,Cawthorne Channel,ONSHORE,Small,7.8322313652343
s_3943b,4.54933847,7.034391288,Nigeria,0.0052659953336161,0.5094988146035557,2021,OIL,NNPC Limited,Cawthorne Channel,ONSHORE,Small,5.2659953336161
s_3943b,4.54933847,7.034391288,Nigeria,0.0064575294450246,0.6247828547254548,2022,OIL,NNPC Limited,Cawthorne Channel,ONSHORE,Small,6.4575294450245995
s_3943b,4.54933847,7.034391288,Nigeria,0.0051331944088341,0.4966499779700029,2023,OIL,NNPC Limited,Cawthorne Channel,ONSHORE,Small,5.1331944088341
s_3943b,4.54933847,7.034391288,Nigeria,0.0056160134791675,0.5433639851838937,2024,OIL,NNPC Limited,Cawthorne Channel,ONSHORE,Small,5.6160134791675
s_3943b,4.54933847,7.034391288,Nigeria,0.0084783146000004,0.8202991010950897,2025,OIL,NNPC Limited,Cawthorne Channel,ONSHORE,Small,8.4783146000004
s_3944,5.916287475,5.015970278,Nigeria,0.0538217506017586,5.207395068588821,2012,OIL,NEPL,Opuekeba,ONSHORE,Medium,53.8217506017586
s_3944,5.916287475,5.015970278,Nigeria,0.0422244915458958,4.085329938015499,2013,OIL,NEPL,Opuekeba,ONSHORE,Small,42.224491545895795
s_3944,5.916287475,5.015970278,Nigeria,0.0433621409151751,4.195400488473861,2014,OIL,NEPL,Opuekeba,ONSHORE,Small,43.362140915175104
s_3944,5.916287475,5.015970278,Nigeria,0.0001198810378515,0.011598803798567139,2015,OIL,NEPL,Opuekeba,ONSHORE,Small,0.11988103785149999
s_3944,5.916287475,5.015970278,Nigeria,0.0,0.0,2016,OIL,NEPL,Opuekeba,ONSHORE,Small,0.0
s_3944,5.916287475,5.015970278,Nigeria,0.0,0.0,2017,OIL,NEPL,Opuekeba,ONSHORE,Small,0.0
s_3944,5.916287475,5.015970278,Nigeria,0.0,0.0,2018,OIL,NEPL,Opuekeba,ONSHORE,Small,0.0
s_3944,5.916287475,5.015970278,Nigeria,0.0,0.0,2019,OIL,NEPL,Opuekeba,ONSHORE,Small,0.0
s_3944,5.916287475,5.015970278,Nigeria,0.0,0.0,2020,OIL,NEPL,Opuekeba,ONSHORE,Small,0.0
s_3944,5.916287475,5.015970278,Nigeria,0.0,0.0,2021,OIL,NEPL,Opuekeba,ONSHORE,Small,0.0
s_3944,5.916287475,5.015970278,Nigeria,0.0,0.0,2022,OIL,NEPL,Opuekeba,ONSHORE,Small,0.0
s_3944,5.916287475,5.015970278,Nigeria,0.0,0.0,2023,OIL,NEPL,Opuekeba,ONSHORE,Small,0.0
s_3944,5.916287475,5.015970278,Nigeria,0.0,0.0,2024,OIL,NEPL,Opuekeba,ONSHORE,Small,0.0
s_3944,5.916287475,5.015970278,Nigeria,0.0,0.0,2025,OIL,NEPL,Opuekeba,ONSHORE,Small,0.0
s_3946,5.635051662,6.669508508,Nigeria,0.305997064715893,29.606015932007427,2012,OIL,Oando Oil,Akri,ONSHORE,Medium,305.997064715893
s_3946,5.635051662,6.669508508,Nigeria,0.25081009198459,24.266532053496363,2013,OIL,Oando Oil,Akri,ONSHORE,Medium,250.81009198458997
s_3946,5.635051662,6.669508508,Nigeria,0.0263798970040472,2.5523239960215616,2014,OIL,Oando Oil,Akri,ONSHORE,Small,26.379897004047198
s_3946,5.635051662,6.669508508,Nigeria,0.0427167478070295,4.132957018109506,2015,OIL,Oando Oil,Akri,ONSHORE,Small,42.7167478070295
s_3946,5.635051662,6.669508508,Nigeria,0.0873372365149881,8.45010594503896,2016,OIL,Oando Oil,Akri,ONSHORE,Medium,87.3372365149881
s_3946,5.635051662,6.669508508,Nigeria,0.0484877488436236,4.6913164546343955,2017,OIL,Oando Oil,Akri,ONSHORE,Small,48.4877488436236
s_3946,5.635051662,6.669508508,Nigeria,0.0313018970294676,3.028540365303514,2018,OIL,Oando Oil,Akri,ONSHORE,Small,31.301897029467597
s_3946,5.635051662,6.669508508,Nigeria,0.0662277382132701,6.4077068010549905,2019,OIL,Oando Oil,Akri,ONSHORE,Medium,66.2277382132701
s_3946,5.635051662,6.669508508,Nigeria,0.0996123280368372,9.637753138648913,2020,OIL,Oando Oil,Akri,ONSHORE,Medium,99.6123280368372
s_3946,5.635051662,6.669508508,Nigeria,0.0746467426888242,7.222267492564625,2021,OIL,Oando Oil,Akri,ONSHORE,Medium,74.64674268882419
s_3946,5.635051662,6.669508508,Nigeria,0.0471070617658564,4.557731370543982,2022,OIL,Oando Oil,Akri,ONSHORE,Small,47.1070617658564
s_3946,5.635051662,6.669508508,Nigeria,0.0467358311614858,4.52181383912044,2023,OIL,Oando Oil,Akri,ONSHORE,Small,46.735831161485805
s_3946,5.635051662,6.669508508,Nigeria,0.0481298612735527,4.656689896659978,2024,OIL,Oando Oil,Akri,ONSHORE,Small,48.1298612735527
s_3946,5.635051662,6.669508508,Nigeria,0.0343956316887091,3.327867281056606,2025,OIL,Oando Oil,Akri,ONSHORE,Small,34.3956316887091
s_3947a,5.386908886,4.589892567,Nigeria,0.137908288989512,13.342987472021054,2012,OIL,General Hydrocarbons,Oyo,OFFSHORE,Medium,137.908288989512
s_3947a,5.386908886,4.589892567,Nigeria,0.151438000723834,14.652022450947117,2013,OIL,General Hydrocarbons,Oyo,OFFSHORE,Medium,151.43800072383402
s_3947a,5.386908886,4.589892567,Nigeria,0.107258115038316,10.377503018239048,2014,OIL,General Hydrocarbons,Oyo,OFFSHORE,Medium,107.258115038316
s_3947a,5.386908886,4.589892567,Nigeria,0.0279067746560502,2.700053400332671,2015,OIL,General Hydrocarbons,Oyo,OFFSHORE,Small,27.9067746560502
s_3947a,5.386908886,4.589892567,Nigeria,0.033784559877546,3.26874448589616,2016,OIL,General Hydrocarbons,Oyo,OFFSHORE,Small,33.784559877546
s_3947a,5.386908886,4.589892567,Nigeria,0.0393987852923089,3.8119354711746487,2017,OIL,General Hydrocarbons,Oyo,OFFSHORE,Small,39.3987852923089
s_3947a,5.386908886,4.589892567,Nigeria,0.0131426916275984,1.2715897718738132,2018,OIL,General Hydrocarbons,Oyo,OFFSHORE,Small,13.142691627598401
s_3947a,5.386908886,4.589892567,Nigeria,0.0,0.0,2019,OIL,General Hydrocarbons,Oyo,OFFSHORE,Small,0.0
s_3947a,5.386908886,4.589892567,Nigeria,0.0,0.0,2020,OIL,General Hydrocarbons,Oyo,OFFSHORE,Small,0.0
s_3947a,5.386908886,4.589892567,Nigeria,0.0,0.0,2021,OIL,General Hydrocarbons,Oyo,OFFSHORE,Small,0.0
s_3947a,5.386908886,4.589892567,Nigeria,0.0,0.0,2022,OIL,General Hydrocarbons,Oyo,OFFSHORE,Small,0.0
s_3947a,5.386908886,4.589892567,Nigeria,0.016076835633341,1.5554758747077522,2023,OIL,General Hydrocarbons,Oyo,OFFSHORE,Small,16.076835633341
s_3947a,5.386908886,4.589892567,Nigeria,0.0389986243351457,3.773218852490281,2024,OIL,General Hydrocarbons,Oyo,OFFSHORE,Small,38.9986243351457
s_3947a,5.386908886,4.589892567,Nigeria,0.0380372460614406,3.6802029913269543,2025,OIL,General Hydrocarbons,Oyo,OFFSHORE,Small,38.0372460614406
s_3947b,5.388011825,4.582294726,Nigeria,0.0586688681255172,5.676366360081265,2012,OIL,General Hydrocarbons,Oyo,OFFSHORE,Medium,58.6688681255172
s_3947b,5.388011825,4.582294726,Nigeria,0.0477101445253873,4.616081204074471,2013,OIL,General Hydrocarbons,Oyo,OFFSHORE,Small,47.7101445253873
s_3947b,5.388011825,4.582294726,Nigeria,0.0259173918948412,2.5075754176503895,2014,OIL,General Hydrocarbons,Oyo,OFFSHORE,Small,25.9173918948412
s_3947b,5.388011825,4.582294726,Nigeria,0.007662872793442,0.7414029746273151,2015,OIL,General Hydrocarbons,Oyo,OFFSHORE,Small,7.662872793442
s_3947b,5.388011825,4.582294726,Nigeria,0.0096690095846977,0.935501953514081,2016,OIL,General Hydrocarbons,Oyo,OFFSHORE,Small,9.669009584697699
s_3947b,5.388011825,4.582294726,Nigeria,0.0093978660129996,0.9092681041436351,2017,OIL,General Hydrocarbons,Oyo,OFFSHORE,Small,9.397866012999598
s_3947b,5.388011825,4.582294726,Nigeria,0.0032507425710824,0.314517841665171,2018,OIL,General Hydrocarbons,Oyo,OFFSHORE,Small,3.2507425710824003
s_3947b,5.388011825,4.582294726,Nigeria,0.0,0.0,2019,OIL,General Hydrocarbons,Oyo,OFFSHORE,Small,0.0
s_3947b,5.388011825,4.582294726,Nigeria,0.0,0.0,2020,OIL,General Hydrocarbons,Oyo,OFFSHORE,Small,0.0
s_3947b,5.388011825,4.582294726,Nigeria,0.0,0.0,2021,OIL,General Hydrocarbons,Oyo,OFFSHORE,Small,0.0
s_3947b,5.388011825,4.582294726,Nigeria,0.0,0.0,2022,OIL,General Hydrocarbons,Oyo,OFFSHORE,Small,0.0
s_3947b,5.388011825,4.582294726,Nigeria,0.0039388694572353,0.38109591676403093,2023,OIL,General Hydrocarbons,Oyo,OFFSHORE,Small,3.9388694572353002
s_3947b,5.388011825,4.582294726,Nigeria,0.0079457333454235,0.7687704724700672,2024,OIL,General Hydrocarbons,Oyo,OFFSHORE,Small,7.9457333454235
s_3947b,5.388011825,4.582294726,Nigeria,0.0060656633537225,0.5868687859971319,2025,OIL,General Hydrocarbons,Oyo,OFFSHORE,Small,6.0656633537225
s_3948,6.01396281,5.865577063,Nigeria,0.117485255342355,11.367005577884116,2012,OIL,SEPLAT Energy,Oben,ONSHORE,Medium,117.485255342355
s_3948,6.01396281,5.865577063,Nigeria,0.209516103674231,20.27123073598958,2013,OIL,SEPLAT Energy,Oben,ONSHORE,Medium,209.516103674231
s_3948,6.01396281,5.865577063,Nigeria,0.231369085150952,22.38556382072803,2014,OIL,SEPLAT Energy,Oben,ONSHORE,Medium,231.369085150952
s_3948,6.01396281,5.865577063,Nigeria,0.316167155523178,30.58999880370588,2015,OIL,SEPLAT Energy,Oben,ONSHORE,Medium,316.167155523178
s_3948,6.01396281,5.865577063,Nigeria,0.120009259804804,11.611209607740099,2016,OIL,SEPLAT Energy,Oben,ONSHORE,Medium,120.00925980480399
s_3948,6.01396281,5.865577063,Nigeria,0.162260530115699,15.69913046127285,2017,OIL,SEPLAT Energy,Oben,ONSHORE,Medium,162.260530115699
s_3948,6.01396281,5.865577063,Nigeria,0.129109898263076,12.491720168967866,2018,OIL,SEPLAT Energy,Oben,ONSHORE,Medium,129.10989826307602
s_3948,6.01396281,5.865577063,Nigeria,0.13601498406936,13.159805271622462,2019,OIL,SEPLAT Energy,Oben,ONSHORE,Medium,136.01498406936
s_3948,6.01396281,5.865577063,Nigeria,0.144481719500336,13.978984057844812,2020,OIL,SEPLAT Energy,Oben,ONSHORE,Medium,144.481719500336
s_3948,6.01396281,5.865577063,Nigeria,0.112794979990238,10.9132091765062,2021,OIL,SEPLAT Energy,Oben,ONSHORE,Medium,112.794979990238
s_3948,6.01396281,5.865577063,Nigeria,0.0946708616346277,9.15965334652468,2022,OIL,SEPLAT Energy,Oben,ONSHORE,Medium,94.67086163462771
s_3948,6.01396281,5.865577063,Nigeria,0.0899544076188085,8.703324090998748,2023,OIL,SEPLAT Energy,Oben,ONSHORE,Medium,89.9544076188085
s_3948,6.01396281,5.865577063,Nigeria,0.134093234829686,12.973871008952534,2024,OIL,SEPLAT Energy,Oben,ONSHORE,Medium,134.093234829686
s_3948,6.01396281,5.865577063,Nigeria,0.0903846562874354,8.744951774420874,2025,OIL,SEPLAT Energy,Oben,ONSHORE,Medium,90.3846562874354
s_3949,4.87986613,5.615391462,Nigeria,0.116977580578365,11.31788671733256,2012,GAS,Renaissance Africa Energy ,Tunu,ONSHORE,Medium,116.97758057836501
s_3949,4.87986613,5.615391462,Nigeria,0.0800310274582346,7.743211119307035,2013,GAS,Renaissance Africa Energy ,Tunu,ONSHORE,Medium,80.03102745823459
s_3949,4.87986613,5.615391462,Nigeria,0.0490268010854163,4.743471168188647,2014,GAS,Renaissance Africa Energy ,Tunu,ONSHORE,Small,49.0268010854163
s_3949,4.87986613,5.615391462,Nigeria,0.0539781602362643,5.222528109604736,2015,GAS,Renaissance Africa Energy ,Tunu,ONSHORE,Medium,53.978160236264294
s_3949,4.87986613,5.615391462,Nigeria,0.0244714168560179,2.3676735526555905,2016,GAS,Renaissance Africa Energy ,Tunu,ONSHORE,Small,24.471416856017903
s_3949,4.87986613,5.615391462,Nigeria,0.0121902455805181,1.1794381269865728,2017,GAS,Renaissance Africa Energy ,Tunu,ONSHORE,Small,12.1902455805181
s_3949,4.87986613,5.615391462,Nigeria,0.0044729950649102,0.432773965588448,2018,GAS,Renaissance Africa Energy ,Tunu,ONSHORE,Small,4.4729950649102
s_3949,4.87986613,5.615391462,Nigeria,0.033464949861995,3.2378213813846264,2019,GAS,Renaissance Africa Energy ,Tunu,ONSHORE,Small,33.464949861994995
s_3949,4.87986613,5.615391462,Nigeria,0.008008167589783,0.7748111488240265,2020,GAS,Renaissance Africa Energy ,Tunu,ONSHORE,Small,8.008167589783
s_3949,4.87986613,5.615391462,Nigeria,0.0214998470267437,2.080166403558434,2021,GAS,Renaissance Africa Energy ,Tunu,ONSHORE,Small,21.4998470267437
s_3949,4.87986613,5.615391462,Nigeria,0.0120973087296195,1.1704462437117147,2022,GAS,Renaissance Africa Energy ,Tunu,ONSHORE,Small,12.097308729619499
s_3949,4.87986613,5.615391462,Nigeria,0.0090009220886327,0.8708627417921001,2023,GAS,Renaissance Africa Energy ,Tunu,ONSHORE,Small,9.0009220886327
s_3949,4.87986613,5.615391462,Nigeria,0.0230542030254066,2.2305544097412753,2024,GAS,Renaissance Africa Energy ,Tunu,ONSHORE,Small,23.0542030254066
s_3949,4.87986613,5.615391462,Nigeria,0.0314424247879873,3.042136793300254,2025,GAS,Renaissance Africa Energy ,Tunu,ONSHORE,Small,31.442424787987296
s_3950,5.359275933,4.342374934,Nigeria,0.188330677641349,18.221485385529384,2012,OIL,ExxonMobil,Erha,OFFSHORE,Medium,188.330677641349
s_3950,5.359275933,4.342374934,Nigeria,0.234163945194296,22.65597383609141,2013,OIL,ExxonMobil,Erha,OFFSHORE,Medium,234.16394519429602
s_3950,5.359275933,4.342374934,Nigeria,0.18278174103122,17.684611262773636,2014,OIL,ExxonMobil,Erha,OFFSHORE,Medium,182.78174103122
s_3950,5.359275933,4.342374934,Nigeria,0.129938954640029,12.57193354071178,2015,OIL,ExxonMobil,Erha,OFFSHORE,Medium,129.938954640029
s_3950,5.359275933,4.342374934,Nigeria,0.179389366641818,17.356390172439912,2016,OIL,ExxonMobil,Erha,OFFSHORE,Medium,179.38936664181801
s_3950,5.359275933,4.342374934,Nigeria,0.314118918116241,30.391826480194826,2017,OIL,ExxonMobil,Erha,OFFSHORE,Medium,314.118918116241
s_3950,5.359275933,4.342374934,Nigeria,0.118662117640968,11.480870081763802,2018,OIL,ExxonMobil,Erha,OFFSHORE,Medium,118.66211764096799
s_3950,5.359275933,4.342374934,Nigeria,0.221841188871199,21.46371494835801,2019,OIL,ExxonMobil,Erha,OFFSHORE,Medium,221.841188871199
s_3950,5.359275933,4.342374934,Nigeria,0.16916149192966,16.366816556889482,2020,OIL,ExxonMobil,Erha,OFFSHORE,Medium,169.16149192966
s_3950,5.359275933,4.342374934,Nigeria,0.182030905276126,17.61196594067464,2021,OIL,ExxonMobil,Erha,OFFSHORE,Medium,182.030905276126
s_3950,5.359275933,4.342374934,Nigeria,0.150087433050296,14.521351497952372,2022,OIL,ExxonMobil,Erha,OFFSHORE,Medium,150.087433050296
s_3950,5.359275933,4.342374934,Nigeria,0.120433541728764,11.652259993017765,2023,OIL,ExxonMobil,Erha,OFFSHORE,Medium,120.433541728764
s_3950,5.359275933,4.342374934,Nigeria,0.0914505980824407,8.848084429614218,2024,OIL,ExxonMobil,Erha,OFFSHORE,Medium,91.4505980824407
s_3950,5.359275933,4.342374934,Nigeria,0.0779697630587808,7.543778400215533,2025,OIL,ExxonMobil,Erha,OFFSHORE,Medium,77.9697630587808
s_3951,5.459706026,6.695021909,Nigeria,0.123082230834877,11.908527588091998,2012,OIL,Oando Oil,M'Bede,ONSHORE,Medium,123.082230834877
s_3951,5.459706026,6.695021909,Nigeria,0.129198828373818,12.500324389658372,2013,OIL,Oando Oil,M'Bede,ONSHORE,Medium,129.198828373818
s_3951,5.459706026,6.695021909,Nigeria,0.0999070293500825,9.666266261097405,2014,OIL,Oando Oil,M'Bede,ONSHORE,Medium,99.9070293500825
s_3951,5.459706026,6.695021909,Nigeria,0.0380583584101156,3.682245666252005,2015,OIL,Oando Oil,M'Bede,ONSHORE,Small,38.0583584101156
s_3951,5.459706026,6.695021909,Nigeria,0.0002231930570529,0.021594511728917243,2016,OIL,Oando Oil,M'Bede,ONSHORE,Small,0.22319305705290002
s_3951,5.459706026,6.695021909,Nigeria,0.002321475562986,0.22460882939299556,2017,OIL,Oando Oil,M'Bede,ONSHORE,Small,2.321475562986
s_3951,5.459706026,6.695021909,Nigeria,0.0175092137708808,1.6940622039590991,2018,OIL,Oando Oil,M'Bede,ONSHORE,Small,17.509213770880798
s_3951,5.459706026,6.695021909,Nigeria,0.0428113591013365,4.142110908161365,2019,OIL,Oando Oil,M'Bede,ONSHORE,Small,42.8113591013365
s_3951,5.459706026,6.695021909,Nigeria,0.0520354902221153,5.034569707314411,2020,OIL,Oando Oil,M'Bede,ONSHORE,Medium,52.0354902221153
s_3951,5.459706026,6.695021909,Nigeria,0.107974589322094,10.446823778162347,2021,OIL,Oando Oil,M'Bede,ONSHORE,Medium,107.974589322094
s_3951,5.459706026,6.695021909,Nigeria,0.0621530471975605,6.013469793451302,2022,OIL,Oando Oil,M'Bede,ONSHORE,Medium,62.1530471975605
s_3951,5.459706026,6.695021909,Nigeria,0.0472680802605105,4.573310330827484,2023,OIL,Oando Oil,M'Bede,ONSHORE,Small,47.2680802605105
s_3951,5.459706026,6.695021909,Nigeria,0.04120020250428,3.9862272955989333,2024,OIL,Oando Oil,M'Bede,ONSHORE,Small,41.20020250428
s_3951,5.459706026,6.695021909,Nigeria,0.0377765396402222,3.6549789635496457,2025,OIL,Oando Oil,M'Bede,ONSHORE,Small,37.7765396402222
s_3953,5.151783451,6.861968106,Nigeria,0.0,0.0,2012,OIL,Aradel Holdings,Omerelu,ONSHORE,Small,0.0
s_3953,5.151783451,6.861968106,Nigeria,0.0,0.0,2013,OIL,Aradel Holdings,Omerelu,ONSHORE,Small,0.0
s_3953,5.151783451,6.861968106,Nigeria,0.0,0.0,2014,OIL,Aradel Holdings,Omerelu,ONSHORE,Small,0.0
s_3953,5.151783451,6.861968106,Nigeria,0.0,0.0,2015,OIL,Aradel Holdings,Omerelu,ONSHORE,Small,0.0
s_3953,5.151783451,6.861968106,Nigeria,0.0,0.0,2016,OIL,Aradel Holdings,Omerelu,ONSHORE,Small,0.0
s_3953,5.151783451,6.861968106,Nigeria,0.0,0.0,2017,OIL,Aradel Holdings,Omerelu,ONSHORE,Small,0.0
s_3953,5.151783451,6.861968106,Nigeria,0.0,0.0,2018,OIL,Aradel Holdings,Omerelu,ONSHORE,Small,0.0
s_3953,5.151783451,6.861968106,Nigeria,0.0,0.0,2019,OIL,Aradel Holdings,Omerelu,ONSHORE,Small,0.0
s_3953,5.151783451,6.861968106,Nigeria,0.0,0.0,2020,OIL,Aradel Holdings,Omerelu,ONSHORE,Small,0.0
s_3953,5.151783451,6.861968106,Nigeria,0.0,0.0,2021,OIL,Aradel Holdings,Omerelu,ONSHORE,Small,0.0
s_3953,5.151783451,6.861968106,Nigeria,0.0,0.0,2022,OIL,Aradel Holdings,Omerelu,ONSHORE,Small,0.0
s_3953,5.151783451,6.861968106,Nigeria,0.0,0.0,2023,OIL,Aradel Holdings,Omerelu,ONSHORE,Small,0.0
s_3953,5.151783451,6.861968106,Nigeria,0.0090487813981767,0.8754932551016644,2024,OIL,Aradel Holdings,Omerelu,ONSHORE,Small,9.0487813981767
s_3953,5.151783451,6.861968106,Nigeria,0.0121223962448243,1.1728735263901855,2025,OIL,Aradel Holdings,Omerelu,ONSHORE,Small,12.1223962448243
s_3954,5.817304991,5.20095261,Nigeria,0.110619954414596,10.702769766230261,2012,OIL,NEPL,Dibi,ONSHORE,Medium,110.61995441459601
s_3954,5.817304991,5.20095261,Nigeria,0.0563427574949825,5.4513090757861935,2013,OIL,NEPL,Dibi,ONSHORE,Medium,56.3427574949825
s_3954,5.817304991,5.20095261,Nigeria,0.0065693577560279,0.6356025361504617,2014,OIL,NEPL,Dibi,ONSHORE,Small,6.5693577560279
s_3954,5.817304991,5.20095261,Nigeria,0.0058663142251865,0.567581236683715,2015,OIL,NEPL,Dibi,ONSHORE,Small,5.8663142251865
s_3954,5.817304991,5.20095261,Nigeria,0.0191978991560548,1.8574469294434048,2016,OIL,NEPL,Dibi,ONSHORE,Small,19.1978991560548
s_3954,5.817304991,5.20095261,Nigeria,0.0037937248392771,0.36705279554747494,2017,OIL,NEPL,Dibi,ONSHORE,Small,3.7937248392771
s_3954,5.817304991,5.20095261,Nigeria,0.0037069569673829,0.358657777117899,2018,OIL,NEPL,Dibi,ONSHORE,Small,3.7069569673829
s_3954,5.817304991,5.20095261,Nigeria,0.0100278646667015,0.9702221207972235,2019,OIL,NEPL,Dibi,ONSHORE,Small,10.0278646667015
s_3954,5.817304991,5.20095261,Nigeria,0.0072642451072161,0.7028347039143238,2020,OIL,NEPL,Dibi,ONSHORE,Small,7.2642451072161
s_3954,5.817304991,5.20095261,Nigeria,0.0015889451604311,0.15373459800500477,2021,OIL,NEPL,Dibi,ONSHORE,Small,1.5889451604311
s_3954,5.817304991,5.20095261,Nigeria,0.0050625606688018,0.48981597897502843,2022,OIL,NEPL,Dibi,ONSHORE,Small,5.0625606688018
s_3954,5.817304991,5.20095261,Nigeria,0.0046067155991174,0.44571177683788143,2023,OIL,NEPL,Dibi,ONSHORE,Small,4.6067155991174
s_3954,5.817304991,5.20095261,Nigeria,0.0015662820938373,0.15154188706750885,2024,OIL,NEPL,Dibi,ONSHORE,Small,1.5662820938372999
s_3954,5.817304991,5.20095261,Nigeria,0.0063871470551058,0.6179731745110272,2025,OIL,NEPL,Dibi,ONSHORE,Small,6.3871470551058005
s_3955,4.588248868,6.949832574,Nigeria,0.0,0.0,2012,GAS,TotalEnergies,Ubeta,ONSHORE,Small,0.0
s_3955,4.588248868,6.949832574,Nigeria,0.0,0.0,2013,GAS,TotalEnergies,Ubeta,ONSHORE,Small,0.0
s_3955,4.588248868,6.949832574,Nigeria,0.0,0.0,2014,GAS,TotalEnergies,Ubeta,ONSHORE,Small,0.0
s_3955,4.588248868,6.949832574,Nigeria,0.0,0.0,2015,GAS,TotalEnergies,Ubeta,ONSHORE,Small,0.0
s_3955,4.588248868,6.949832574,Nigeria,5.50059952610944e-05,0.005321973835167,2016,GAS,TotalEnergies,Ubeta,ONSHORE,Small,0.0550059952610944
s_3955,4.588248868,6.949832574,Nigeria,0.0001644956712743,0.01591538621135093,2017,GAS,TotalEnergies,Ubeta,ONSHORE,Small,0.1644956712743
s_3955,4.588248868,6.949832574,Nigeria,0.0004823115130251,0.04666489971748436,2018,GAS,TotalEnergies,Ubeta,ONSHORE,Small,0.4823115130251
s_3955,4.588248868,6.949832574,Nigeria,0.0020243610602215,0.19586222455009167,2019,GAS,TotalEnergies,Ubeta,ONSHORE,Small,2.0243610602214996
s_3955,4.588248868,6.949832574,Nigeria,0.0001208175746349,0.011689416180604185,2020,GAS,TotalEnergies,Ubeta,ONSHORE,Small,0.1208175746349
s_3955,4.588248868,6.949832574,Nigeria,0.0009372383993097,0.09068026521043597,2021,GAS,TotalEnergies,Ubeta,ONSHORE,Small,0.9372383993097
s_3955,4.588248868,6.949832574,Nigeria,0.0003111726750713,0.030106769763689797,2022,GAS,TotalEnergies,Ubeta,ONSHORE,Small,0.3111726750713
s_3955,4.588248868,6.949832574,Nigeria,0.0,0.0,2023,GAS,TotalEnergies,Ubeta,ONSHORE,Small,0.0
s_3955,4.588248868,6.949832574,Nigeria,0.0,0.0,2024,GAS,TotalEnergies,Ubeta,ONSHORE,Small,0.0
s_3955,4.588248868,6.949832574,Nigeria,0.0,0.0,2025,GAS,TotalEnergies,Ubeta,ONSHORE,Small,0.0
s_3956,5.717736708,5.004370761,Nigeria,0.026069282130355,2.5222711949994734,2012,OIL,Chevron,Tapa,OFFSHORE,Small,26.069282130355
s_3956,5.717736708,5.004370761,Nigeria,0.021456380914473,2.075960943569517,2013,OIL,Chevron,Tapa,OFFSHORE,Small,21.456380914473
s_3956,5.717736708,5.004370761,Nigeria,0.0206421714700345,1.997184051358416,2014,OIL,Chevron,Tapa,OFFSHORE,Small,20.6421714700345
s_3956,5.717736708,5.004370761,Nigeria,0.0081806597553674,0.7915002167638764,2015,OIL,Chevron,Tapa,OFFSHORE,Small,8.180659755367401
s_3956,5.717736708,5.004370761,Nigeria,0.0,0.0,2016,OIL,Chevron,Tapa,OFFSHORE,Small,0.0
s_3956,5.717736708,5.004370761,Nigeria,0.0,0.0,2017,OIL,Chevron,Tapa,OFFSHORE,Small,0.0
s_3956,5.717736708,5.004370761,Nigeria,0.0,0.0,2018,OIL,Chevron,Tapa,OFFSHORE,Small,0.0
s_3956,5.717736708,5.004370761,Nigeria,0.0,0.0,2019,OIL,Chevron,Tapa,OFFSHORE,Small,0.0
s_3956,5.717736708,5.004370761,Nigeria,0.0,0.0,2020,OIL,Chevron,Tapa,OFFSHORE,Small,0.0
s_3956,5.717736708,5.004370761,Nigeria,0.0,0.0,2021,OIL,Chevron,Tapa,OFFSHORE,Small,0.0
s_3956,5.717736708,5.004370761,Nigeria,0.0,0.0,2022,OIL,Chevron,Tapa,OFFSHORE,Small,0.0
s_3956,5.717736708,5.004370761,Nigeria,0.0,0.0,2023,OIL,Chevron,Tapa,OFFSHORE,Small,0.0
s_3956,5.717736708,5.004370761,Nigeria,0.0,0.0,2024,OIL,Chevron,Tapa,OFFSHORE,Small,0.0
s_3956,5.717736708,5.004370761,Nigeria,0.0,0.0,2025,OIL,Chevron,Tapa,OFFSHORE,Small,0.0
s_3957,3.465960836,5.561536606,Nigeria,0.173858031252182,16.821219013779007,2012,OIL,Chevron,Agbami-Ekoli (OML 127),OFFSHORE,Medium,173.858031252182
s_3957,3.465960836,5.561536606,Nigeria,0.095657617418802,9.255124548166396,2013,OIL,Chevron,Agbami-Ekoli (OML 127),OFFSHORE,Medium,95.65761741880199
s_3957,3.465960836,5.561536606,Nigeria,0.0818924260346926,7.923306297545421,2014,OIL,Chevron,Agbami-Ekoli (OML 127),OFFSHORE,Medium,81.8924260346926
s_3957,3.465960836,5.561536606,Nigeria,0.137714789697904,13.324265909722744,2015,OIL,Chevron,Agbami-Ekoli (OML 127),OFFSHORE,Medium,137.714789697904
s_3957,3.465960836,5.561536606,Nigeria,0.228224980793182,22.0813635049686,2016,OIL,Chevron,Agbami-Ekoli (OML 127),OFFSHORE,Medium,228.224980793182
s_3957,3.465960836,5.561536606,Nigeria,0.703442072637451,68.05985942736078,2017,OIL,Chevron,Agbami-Ekoli (OML 127),OFFSHORE,Large,703.4420726374509
s_3957,3.465960836,5.561536606,Nigeria,0.913090338844208,88.3438772338643,2018,OIL,Chevron,Agbami-Ekoli (OML 127),OFFSHORE,Large,913.090338844208
s_3957,3.465960836,5.561536606,Nigeria,0.459919797257871,44.49844268180962,2019,OIL,Chevron,Agbami-Ekoli (OML 127),OFFSHORE,Medium,459.91979725787104
s_3957,3.465960836,5.561536606,Nigeria,0.298384920096992,28.869521040877768,2020,OIL,Chevron,Agbami-Ekoli (OML 127),OFFSHORE,Medium,298.384920096992
s_3957,3.465960836,5.561536606,Nigeria,0.264569181037178,25.597759887590268,2021,OIL,Chevron,Agbami-Ekoli (OML 127),OFFSHORE,Medium,264.569181037178
s_3957,3.465960836,5.561536606,Nigeria,0.243765475406454,23.584946983911397,2022,OIL,Chevron,Agbami-Ekoli (OML 127),OFFSHORE,Medium,243.765475406454
s_3957,3.465960836,5.561536606,Nigeria,0.0650571217837368,6.294446601336373,2023,OIL,Chevron,Agbami-Ekoli (OML 127),OFFSHORE,Medium,65.05712178373679
s_3957,3.465960836,5.561536606,Nigeria,0.120126503794678,11.622553270253217,2024,OIL,Chevron,Agbami-Ekoli (OML 127),OFFSHORE,Medium,120.126503794678
s_3957,3.465960836,5.561536606,Nigeria,0.0601840521743931,5.822964377721052,2025,OIL,Chevron,Agbami-Ekoli (OML 127),OFFSHORE,Medium,60.1840521743931
s_3959,5.635611361,5.206082043,Nigeria,0.0,0.0,2012,OIL,Renaissance Africa Energy ,Saghara,ONSHORE,Small,0.0
s_3959,5.635611361,5.206082043,Nigeria,5.89435499777308e-05,0.0057029425473411645,2013,OIL,Renaissance Africa Energy ,Saghara,ONSHORE,Small,0.0589435499777308
s_3959,5.635611361,5.206082043,Nigeria,0.0006747330372312,0.06528218520222014,2014,OIL,Renaissance Africa Energy ,Saghara,ONSHORE,Small,0.6747330372311999
s_3959,5.635611361,5.206082043,Nigeria,0.0003994644678858,0.03864923152605526,2015,OIL,Renaissance Africa Energy ,Saghara,ONSHORE,Small,0.39946446788580003
s_3959,5.635611361,5.206082043,Nigeria,0.000498821445952,0.04826227888752314,2016,OIL,Renaissance Africa Energy ,Saghara,ONSHORE,Small,0.498821445952
s_3959,5.635611361,5.206082043,Nigeria,8.60229835178093e-05,0.008322948531913803,2017,OIL,Renaissance Africa Energy ,Saghara,ONSHORE,Small,0.0860229835178093
s_3959,5.635611361,5.206082043,Nigeria,0.0011638073799067,0.11260140636739907,2018,OIL,Renaissance Africa Energy ,Saghara,ONSHORE,Small,1.1638073799067001
s_3959,5.635611361,5.206082043,Nigeria,0.0006212071623219,0.06010341688033869,2019,OIL,Renaissance Africa Energy ,Saghara,ONSHORE,Small,0.6212071623219
s_3959,5.635611361,5.206082043,Nigeria,0.0014958215844949,0.14472464859463238,2020,OIL,Renaissance Africa Energy ,Saghara,ONSHORE,Small,1.4958215844949
s_3959,5.635611361,5.206082043,Nigeria,0.0018146856675981,0.17557558219186556,2021,OIL,Renaissance Africa Energy ,Saghara,ONSHORE,Small,1.8146856675981
s_3959,5.635611361,5.206082043,Nigeria,0.0031783057128774,0.3075093862733752,2022,OIL,Renaissance Africa Energy ,Saghara,ONSHORE,Small,3.1783057128774
s_3959,5.635611361,5.206082043,Nigeria,0.0001834178884128,0.017746160184923098,2023,OIL,Renaissance Africa Energy ,Saghara,ONSHORE,Small,0.1834178884128
s_3959,5.635611361,5.206082043,Nigeria,0.0003109618592956,0.030086372786287785,2024,OIL,Renaissance Africa Energy ,Saghara,ONSHORE,Small,0.3109618592956
s_3959,5.635611361,5.206082043,Nigeria,0.0004669210011142,0.04517582745707261,2025,OIL,Renaissance Africa Energy ,Saghara,ONSHORE,Small,0.4669210011142
s_3960,5.608779984,5.415861559,Nigeria,0.0,0.0,2012,OIL,NEPL,Egwa,OFFSHORE,Small,0.0
s_3960,5.608779984,5.415861559,Nigeria,0.000553912067042,0.05359244049286096,2013,OIL,NEPL,Egwa,OFFSHORE,Small,0.553912067042
s_3960,5.608779984,5.415861559,Nigeria,0.0004433096412333,0.04289136666507345,2014,OIL,NEPL,Egwa,OFFSHORE,Small,0.44330964123329997
s_3960,5.608779984,5.415861559,Nigeria,7.26636329190531e-05,0.007030396438202471,2015,OIL,NEPL,Egwa,OFFSHORE,Small,0.0726636329190531
s_3960,5.608779984,5.415861559,Nigeria,0.0,0.0,2016,OIL,NEPL,Egwa,OFFSHORE,Small,0.0
s_3960,5.608779984,5.415861559,Nigeria,0.0001338654092563,0.01295182828915832,2017,OIL,NEPL,Egwa,OFFSHORE,Small,0.1338654092563
s_3960,5.608779984,5.415861559,Nigeria,0.0006770802513235,0.06550928430160852,2018,OIL,NEPL,Egwa,OFFSHORE,Small,0.6770802513235
s_3960,5.608779984,5.415861559,Nigeria,0.0011040514705841,0.10681986592981657,2019,OIL,NEPL,Egwa,OFFSHORE,Small,1.1040514705841
s_3960,5.608779984,5.415861559,Nigeria,0.0001984104105506,0.019196725894384384,2020,OIL,NEPL,Egwa,OFFSHORE,Small,0.1984104105506
s_3960,5.608779984,5.415861559,Nigeria,0.0002725951016201,0.026374288684909396,2021,OIL,NEPL,Egwa,OFFSHORE,Small,0.27259510162010003
s_3960,5.608779984,5.415861559,Nigeria,0.0002396100942009,0.023182902989504393,2022,OIL,NEPL,Egwa,OFFSHORE,Small,0.23961009420090001
s_3960,5.608779984,5.415861559,Nigeria,1.30426409600567e-05,0.0012619096082421856,2023,OIL,NEPL,Egwa,OFFSHORE,Small,0.013042640960056699
s_3960,5.608779984,5.415861559,Nigeria,0.0,0.0,2024,OIL,NEPL,Egwa,OFFSHORE,Small,0.0
s_3960,5.608779984,5.415861559,Nigeria,0.0,0.0,2025,OIL,NEPL,Egwa,OFFSHORE,Small,0.0
s_3961,4.55697714,7.003356692,Nigeria,0.0432778927883287,4.187249261964639,2012,OIL,NNPC Limited,Cawthorne Channel,OFFSHORE,Small,43.2778927883287
s_3961,4.55697714,7.003356692,Nigeria,0.0390973508390128,3.782770899824835,2013,OIL,NNPC Limited,Cawthorne Channel,OFFSHORE,Small,39.0973508390128
s_3961,4.55697714,7.003356692,Nigeria,0.0421339027776242,4.076565237873033,2014,OIL,NNPC Limited,Cawthorne Channel,OFFSHORE,Small,42.1339027776242
s_3961,4.55697714,7.003356692,Nigeria,0.0425254414718689,4.114447630080188,2015,OIL,NNPC Limited,Cawthorne Channel,OFFSHORE,Small,42.5254414718689
s_3961,4.55697714,7.003356692,Nigeria,0.12348399062529,11.947398898072866,2016,OIL,NNPC Limited,Cawthorne Channel,OFFSHORE,Medium,123.48399062529
s_3961,4.55697714,7.003356692,Nigeria,0.125089873622251,12.1027722760401,2017,OIL,NNPC Limited,Cawthorne Channel,OFFSHORE,Medium,125.08987362225099
s_3961,4.55697714,7.003356692,Nigeria,0.123970341402545,11.994454607163815,2018,OIL,NNPC Limited,Cawthorne Channel,OFFSHORE,Medium,123.97034140254499
s_3961,4.55697714,7.003356692,Nigeria,0.105721025606833,10.228785597568173,2019,OIL,NNPC Limited,Cawthorne Channel,OFFSHORE,Medium,105.721025606833
s_3961,4.55697714,7.003356692,Nigeria,0.0844723038125506,8.172916216728181,2020,OIL,NNPC Limited,Cawthorne Channel,OFFSHORE,Medium,84.47230381255059
s_3961,4.55697714,7.003356692,Nigeria,0.0568839601150099,5.503671844056052,2021,OIL,NNPC Limited,Cawthorne Channel,OFFSHORE,Medium,56.8839601150099
s_3961,4.55697714,7.003356692,Nigeria,0.0151618305782743,1.4669467436740156,2022,OIL,NNPC Limited,Cawthorne Channel,OFFSHORE,Small,15.1618305782743
s_3961,4.55697714,7.003356692,Nigeria,0.0096846325892919,0.9370135200493718,2023,OIL,NNPC Limited,Cawthorne Channel,OFFSHORE,Small,9.684632589291901
s_3961,4.55697714,7.003356692,Nigeria,0.054401223233961,5.263460560579978,2024,OIL,NNPC Limited,Cawthorne Channel,OFFSHORE,Medium,54.401223233961005
s_3961,4.55697714,7.003356692,Nigeria,0.074410805296774,7.199439933109178,2025,OIL,NNPC Limited,Cawthorne Channel,OFFSHORE,Medium,74.410805296774
s_3962,4.317549117,8.366093664,Nigeria,0.106885565797995,10.3414579053402,2012,OIL,NNPC Limited,Adanga (Conc),OFFSHORE,Medium,106.885565797995
s_3962,4.317549117,8.366093664,Nigeria,0.120759355346569,11.68378331226449,2013,OIL,NNPC Limited,Adanga (Conc),OFFSHORE,Medium,120.759355346569
s_3962,4.317549117,8.366093664,Nigeria,0.0931538813090546,9.01288153441871,2014,OIL,NNPC Limited,Adanga (Conc),OFFSHORE,Medium,93.1538813090546
s_3962,4.317549117,8.366093664,Nigeria,0.142980040416352,13.833692680862256,2015,OIL,NNPC Limited,Adanga (Conc),OFFSHORE,Medium,142.980040416352
s_3962,4.317549117,8.366093664,Nigeria,0.161094879503997,15.586350717410781,2016,OIL,NNPC Limited,Adanga (Conc),OFFSHORE,Medium,161.09487950399702
s_3962,4.317549117,8.366093664,Nigeria,0.149432922261613,14.458025868161082,2017,OIL,NNPC Limited,Adanga (Conc),OFFSHORE,Medium,149.43292226161302
s_3962,4.317549117,8.366093664,Nigeria,0.145826920721368,14.109135792530914,2018,OIL,NNPC Limited,Adanga (Conc),OFFSHORE,Medium,145.826920721368
s_3962,4.317549117,8.366093664,Nigeria,0.130803959614085,12.655625033200263,2019,OIL,NNPC Limited,Adanga (Conc),OFFSHORE,Medium,130.80395961408502
s_3962,4.317549117,8.366093664,Nigeria,0.0996946987672648,9.645722722146829,2020,OIL,NNPC Limited,Adanga (Conc),OFFSHORE,Medium,99.69469876726481
s_3962,4.317549117,8.366093664,Nigeria,0.0432790911525945,4.187365206840053,2021,OIL,NNPC Limited,Adanga (Conc),OFFSHORE,Small,43.279091152594496
s_3962,4.317549117,8.366093664,Nigeria,0.0342046950116368,3.3093936584136716,2022,OIL,NNPC Limited,Adanga (Conc),OFFSHORE,Small,34.2046950116368
s_3962,4.317549117,8.366093664,Nigeria,0.0358351764433732,3.4671469992493065,2023,OIL,NNPC Limited,Adanga (Conc),OFFSHORE,Small,35.8351764433732
s_3962,4.317549117,8.366093664,Nigeria,0.0399040100714297,3.860817289285496,2024,OIL,NNPC Limited,Adanga (Conc),OFFSHORE,Small,39.9040100714297
s_3962,4.317549117,8.366093664,Nigeria,0.0335514409337401,3.2461896186761816,2025,OIL,NNPC Limited,Adanga (Conc),OFFSHORE,Small,33.5514409337401
s_3963,5.250925085,6.599731754,Nigeria,0.329842513988973,31.91312548464365,2012,OIL,TotalEnergies,Obagi,ONSHORE,Medium,329.842513988973
s_3963,5.250925085,6.599731754,Nigeria,0.12823955572626,12.407512253329191,2013,OIL,TotalEnergies,Obagi,ONSHORE,Medium,128.23955572626
s_3963,5.250925085,6.599731754,Nigeria,0.135967178682676,13.155179975490563,2014,OIL,TotalEnergies,Obagi,ONSHORE,Medium,135.967178682676
s_3963,5.250925085,6.599731754,Nigeria,0.204678987822473,19.803227132409017,2015,OIL,TotalEnergies,Obagi,ONSHORE,Medium,204.678987822473
s_3963,5.250925085,6.599731754,Nigeria,0.170976787437564,16.542451142725152,2016,OIL,TotalEnergies,Obagi,ONSHORE,Medium,170.976787437564
s_3963,5.250925085,6.599731754,Nigeria,0.149996424887044,14.512546220249192,2017,OIL,TotalEnergies,Obagi,ONSHORE,Medium,149.99642488704401
s_3963,5.250925085,6.599731754,Nigeria,0.133037396086275,12.871715850411782,2018,OIL,TotalEnergies,Obagi,ONSHORE,Medium,133.03739608627498
s_3963,5.250925085,6.599731754,Nigeria,0.0874193724242811,8.458052808978247,2019,OIL,TotalEnergies,Obagi,ONSHORE,Medium,87.41937242428111
s_3963,5.250925085,6.599731754,Nigeria,0.111899050370999,10.826525643754751,2020,OIL,TotalEnergies,Obagi,ONSHORE,Medium,111.89905037099899
s_3963,5.250925085,6.599731754,Nigeria,0.0695369234853463,6.7278791268190155,2021,OIL,TotalEnergies,Obagi,ONSHORE,Medium,69.5369234853463
s_3963,5.250925085,6.599731754,Nigeria,0.0586661822689913,5.676106496441165,2022,OIL,TotalEnergies,Obagi,ONSHORE,Medium,58.6661822689913
s_3963,5.250925085,6.599731754,Nigeria,0.0521557628755533,5.046206400944712,2023,OIL,TotalEnergies,Obagi,ONSHORE,Medium,52.1557628755533
s_3963,5.250925085,6.599731754,Nigeria,0.0556596561383125,5.385217233802268,2024,OIL,TotalEnergies,Obagi,ONSHORE,Medium,55.6596561383125
s_3963,5.250925085,6.599731754,Nigeria,0.0587923258692042,5.688311219519445,2025,OIL,TotalEnergies,Obagi,ONSHORE,Medium,58.7923258692042
s_3964,4.678594891,7.236600944,Nigeria,0.0,0.0,2012,GAS,ExxonMobil,Oso,ONSHORE,Small,0.0
s_3964,4.678594891,7.236600944,Nigeria,0.0,0.0,2013,GAS,ExxonMobil,Oso,ONSHORE,Small,0.0
s_3964,4.678594891,7.236600944,Nigeria,0.0001397332020198,0.013519552578288978,2014,GAS,ExxonMobil,Oso,ONSHORE,Small,0.1397332020198
s_3964,4.678594891,7.236600944,Nigeria,2.89269294417752e-05,0.002798756042684257,2015,GAS,ExxonMobil,Oso,ONSHORE,Small,0.0289269294417752
s_3964,4.678594891,7.236600944,Nigeria,0.0002739400301984,0.02650441404069845,2016,GAS,ExxonMobil,Oso,ONSHORE,Small,0.2739400301984
s_3964,4.678594891,7.236600944,Nigeria,0.0,0.0,2017,GAS,ExxonMobil,Oso,ONSHORE,Small,0.0
s_3964,4.678594891,7.236600944,Nigeria,0.0039899609642976,0.3860391536329242,2018,GAS,ExxonMobil,Oso,ONSHORE,Small,3.9899609642976
s_3964,4.678594891,7.236600944,Nigeria,0.0025397718618143,0.24572956696284595,2019,GAS,ExxonMobil,Oso,ONSHORE,Small,2.5397718618143004
s_3964,4.678594891,7.236600944,Nigeria,0.0,0.0,2020,GAS,ExxonMobil,Oso,ONSHORE,Small,0.0
s_3964,4.678594891,7.236600944,Nigeria,0.0,0.0,2021,GAS,ExxonMobil,Oso,ONSHORE,Small,0.0
s_3964,4.678594891,7.236600944,Nigeria,0.0,0.0,2022,GAS,ExxonMobil,Oso,ONSHORE,Small,0.0
s_3964,4.678594891,7.236600944,Nigeria,0.0,0.0,2023,GAS,ExxonMobil,Oso,ONSHORE,Small,0.0
s_3964,4.678594891,7.236600944,Nigeria,0.0,0.0,2024,GAS,ExxonMobil,Oso,ONSHORE,Small,0.0
s_3964,4.678594891,7.236600944,Nigeria,0.0,0.0,2025,GAS,ExxonMobil,Oso,ONSHORE,Small,0.0
s_3965,4.529102978,6.957601414,Nigeria,0.0075689053328583,0.73231137717126,2012,OIL,NNPC Limited,Akaso,ONSHORE,Small,7.5689053328583
s_3965,4.529102978,6.957601414,Nigeria,0.0016983586084375,0.1643206351222592,2013,OIL,NNPC Limited,Akaso,ONSHORE,Small,1.6983586084375002
s_3965,4.529102978,6.957601414,Nigeria,0.0,0.0,2014,OIL,NNPC Limited,Akaso,ONSHORE,Small,0.0
s_3965,4.529102978,6.957601414,Nigeria,0.0,0.0,2015,OIL,NNPC Limited,Akaso,ONSHORE,Small,0.0
s_3965,4.529102978,6.957601414,Nigeria,0.0001433993042805,0.013874257555735174,2016,OIL,NNPC Limited,Akaso,ONSHORE,Small,0.1433993042805
s_3965,4.529102978,6.957601414,Nigeria,0.0009108563332732,0.08812773135485442,2017,OIL,NNPC Limited,Akaso,ONSHORE,Small,0.9108563332731999
s_3965,4.529102978,6.957601414,Nigeria,4.22764869197445e-05,0.004090360626358816,2018,OIL,NNPC Limited,Akaso,ONSHORE,Small,0.0422764869197445
s_3965,4.529102978,6.957601414,Nigeria,0.0079391999206896,0.7681383465477418,2019,OIL,NNPC Limited,Akaso,ONSHORE,Small,7.9391999206896005
s_3965,4.529102978,6.957601414,Nigeria,0.0,0.0,2020,OIL,NNPC Limited,Akaso,ONSHORE,Small,0.0
s_3965,4.529102978,6.957601414,Nigeria,0.0,0.0,2021,OIL,NNPC Limited,Akaso,ONSHORE,Small,0.0
s_3965,4.529102978,6.957601414,Nigeria,0.0008467527914985,0.08192554611218893,2022,OIL,NNPC Limited,Akaso,ONSHORE,Small,0.8467527914985
s_3965,4.529102978,6.957601414,Nigeria,6.28864869452594e-06,0.0006084432006359134,2023,OIL,NNPC Limited,Akaso,ONSHORE,Small,0.006288648694525939
s_3965,4.529102978,6.957601414,Nigeria,0.0147046032291968,1.4227088023921075,2024,OIL,NNPC Limited,Akaso,ONSHORE,Small,14.7046032291968
s_3965,4.529102978,6.957601414,Nigeria,0.0,0.0,2025,OIL,NNPC Limited,Akaso,ONSHORE,Small,0.0
s_3966,4.941385126,6.431681601,Nigeria,0.0,0.0,2012,GAS,Renaissance Africa Energy ,Gbaran,ONSHORE,Small,0.0
s_3966,4.941385126,6.431681601,Nigeria,0.0,0.0,2013,GAS,Renaissance Africa Energy ,Gbaran,ONSHORE,Small,0.0
s_3966,4.941385126,6.431681601,Nigeria,0.0,0.0,2014,GAS,Renaissance Africa Energy ,Gbaran,ONSHORE,Small,0.0
s_3966,4.941385126,6.431681601,Nigeria,0.0,0.0,2015,GAS,Renaissance Africa Energy ,Gbaran,ONSHORE,Small,0.0
s_3966,4.941385126,6.431681601,Nigeria,0.0,0.0,2016,GAS,Renaissance Africa Energy ,Gbaran,ONSHORE,Small,0.0
s_3966,4.941385126,6.431681601,Nigeria,0.0005251934672436,0.05081384088777718,2017,GAS,Renaissance Africa Energy ,Gbaran,ONSHORE,Small,0.5251934672436
s_3966,4.941385126,6.431681601,Nigeria,0.000788218209102,0.07626217224743247,2018,GAS,Renaissance Africa Energy ,Gbaran,ONSHORE,Small,0.7882182091019999
s_3966,4.941385126,6.431681601,Nigeria,0.0041126617326849,0.3979107737320149,2019,GAS,Renaissance Africa Energy ,Gbaran,ONSHORE,Small,4.1126617326848995
s_3966,4.941385126,6.431681601,Nigeria,0.0019526349044631,0.1889225314778838,2020,GAS,Renaissance Africa Energy ,Gbaran,ONSHORE,Small,1.9526349044631002
s_3966,4.941385126,6.431681601,Nigeria,0.0015001608534583,0.1451444842103203,2021,GAS,Renaissance Africa Energy ,Gbaran,ONSHORE,Small,1.5001608534583
s_3966,4.941385126,6.431681601,Nigeria,0.0006028914217313,0.05833132109819358,2022,GAS,Renaissance Africa Energy ,Gbaran,ONSHORE,Small,0.6028914217313
s_3966,4.941385126,6.431681601,Nigeria,0.0,0.0,2023,GAS,Renaissance Africa Energy ,Gbaran,ONSHORE,Small,0.0
s_3966,4.941385126,6.431681601,Nigeria,0.0,0.0,2024,GAS,Renaissance Africa Energy ,Gbaran,ONSHORE,Small,0.0
s_3966,4.941385126,6.431681601,Nigeria,2.63181870535826e-06,0.00025463533969953436,2025,GAS,Renaissance Africa Energy ,Gbaran,ONSHORE,Small,0.0026318187053582603
s_3967,4.29072876,8.166972766,Nigeria,0.0947933486188575,9.17150428244767,2012,OIL,ExxonMobil,Unam,OFFSHORE,Medium,94.79334861885751
s_3967,4.29072876,8.166972766,Nigeria,0.181306734610033,17.541900535642903,2013,OIL,ExxonMobil,Unam,OFFSHORE,Medium,181.306734610033
s_3967,4.29072876,8.166972766,Nigeria,0.137020199989497,13.257062539676046,2014,OIL,ExxonMobil,Unam,OFFSHORE,Medium,137.020199989497
s_3967,4.29072876,8.166972766,Nigeria,0.163786250242252,15.84674787197073,2015,OIL,ExxonMobil,Unam,OFFSHORE,Medium,163.78625024225198
s_3967,4.29072876,8.166972766,Nigeria,0.143423953689435,13.876642450486768,2016,OIL,ExxonMobil,Unam,OFFSHORE,Medium,143.423953689435
s_3967,4.29072876,8.166972766,Nigeria,0.219540607824624,21.24112771804908,2017,OIL,ExxonMobil,Unam,OFFSHORE,Medium,219.540607824624
s_3967,4.29072876,8.166972766,Nigeria,0.241329188480975,23.349229855063637,2018,OIL,ExxonMobil,Unam,OFFSHORE,Medium,241.329188480975
s_3967,4.29072876,8.166972766,Nigeria,0.288866659132677,27.948604410464487,2019,OIL,ExxonMobil,Unam,OFFSHORE,Medium,288.866659132677
s_3967,4.29072876,8.166972766,Nigeria,0.187863828593832,18.176316519770936,2020,OIL,ExxonMobil,Unam,OFFSHORE,Medium,187.86382859383198
s_3967,4.29072876,8.166972766,Nigeria,0.0877236256389999,8.487490102864356,2021,OIL,ExxonMobil,Unam,OFFSHORE,Medium,87.72362563899989
s_3967,4.29072876,8.166972766,Nigeria,0.0379159260362883,3.6684649617453133,2022,OIL,ExxonMobil,Unam,OFFSHORE,Small,37.915926036288305
s_3967,4.29072876,8.166972766,Nigeria,0.0759297860134184,7.346405288280608,2023,OIL,ExxonMobil,Unam,OFFSHORE,Medium,75.92978601341841
s_3967,4.29072876,8.166972766,Nigeria,0.11702339159477,11.322319052926389,2024,OIL,ExxonMobil,Unam,OFFSHORE,Medium,117.02339159477
s_3967,4.29072876,8.166972766,Nigeria,0.0985174381892689,9.531819683695687,2025,OIL,ExxonMobil,Unam,OFFSHORE,Medium,98.5174381892689
s_3969,5.924818273,5.315708176,Nigeria,0.0,0.0,2012,OIL,NEPL,Gbetiokun (OML 40),ONSHORE,Small,0.0
s_3969,5.924818273,5.315708176,Nigeria,0.0,0.0,2013,OIL,NEPL,Gbetiokun (OML 40),ONSHORE,Small,0.0
s_3969,5.924818273,5.315708176,Nigeria,0.0,0.0,2014,OIL,NEPL,Gbetiokun (OML 40),ONSHORE,Small,0.0
s_3969,5.924818273,5.315708176,Nigeria,0.0,0.0,2015,OIL,NEPL,Gbetiokun (OML 40),ONSHORE,Small,0.0
s_3969,5.924818273,5.315708176,Nigeria,0.0,0.0,2016,OIL,NEPL,Gbetiokun (OML 40),ONSHORE,Small,0.0
s_3969,5.924818273,5.315708176,Nigeria,0.0,0.0,2017,OIL,NEPL,Gbetiokun (OML 40),ONSHORE,Small,0.0
s_3969,5.924818273,5.315708176,Nigeria,0.0,0.0,2018,OIL,NEPL,Gbetiokun (OML 40),ONSHORE,Small,0.0
s_3969,5.924818273,5.315708176,Nigeria,0.0164396912853387,1.5905831075958752,2019,OIL,NEPL,Gbetiokun (OML 40),ONSHORE,Small,16.4396912853387
s_3969,5.924818273,5.315708176,Nigeria,0.0227258360319596,2.1987840447262927,2020,OIL,NEPL,Gbetiokun (OML 40),ONSHORE,Small,22.725836031959602
s_3969,5.924818273,5.315708176,Nigeria,0.0202767166553023,1.9618253426811414,2021,OIL,NEPL,Gbetiokun (OML 40),ONSHORE,Small,20.276716655302298
s_3969,5.924818273,5.315708176,Nigeria,0.0425551368481581,4.117320735364192,2022,OIL,NEPL,Gbetiokun (OML 40),ONSHORE,Small,42.5551368481581
s_3969,5.924818273,5.315708176,Nigeria,0.0442212310803743,4.2785197077432775,2023,OIL,NEPL,Gbetiokun (OML 40),ONSHORE,Small,44.221231080374295
s_3969,5.924818273,5.315708176,Nigeria,0.0560865894406017,5.426524146864372,2024,OIL,NEPL,Gbetiokun (OML 40),ONSHORE,Medium,56.0865894406017
s_3969,5.924818273,5.315708176,Nigeria,0.0499286274183689,4.830725223406751,2025,OIL,NEPL,Gbetiokun (OML 40),ONSHORE,Small,49.9286274183689
s_3970,5.527663282,5.670291949,Nigeria,0.0,0.0,2012,OIL,NEPL,Warri River (OML 42),ONSHORE,Small,0.0
s_3970,5.527663282,5.670291949,Nigeria,0.0,0.0,2013,OIL,NEPL,Warri River (OML 42),ONSHORE,Small,0.0
s_3970,5.527663282,5.670291949,Nigeria,0.0001041185113474,0.010073738153763142,2014,OIL,NEPL,Warri River (OML 42),ONSHORE,Small,0.10411851134740001
s_3970,5.527663282,5.670291949,Nigeria,3.12242484493171e-05,0.0030210276621892938,2015,OIL,NEPL,Warri River (OML 42),ONSHORE,Small,0.0312242484493171
s_3970,5.527663282,5.670291949,Nigeria,0.0005964748401884,0.05771050006004244,2016,OIL,NEPL,Warri River (OML 42),ONSHORE,Small,0.5964748401884
s_3970,5.527663282,5.670291949,Nigeria,0.0,0.0,2017,OIL,NEPL,Warri River (OML 42),ONSHORE,Small,0.0
s_3970,5.527663282,5.670291949,Nigeria,0.0,0.0,2018,OIL,NEPL,Warri River (OML 42),ONSHORE,Small,0.0
s_3970,5.527663282,5.670291949,Nigeria,0.0003263987713691,0.031579934383727845,2019,OIL,NEPL,Warri River (OML 42),ONSHORE,Small,0.3263987713691
s_3970,5.527663282,5.670291949,Nigeria,0.0002939982587297,0.028445100086222697,2020,OIL,NEPL,Warri River (OML 42),ONSHORE,Small,0.2939982587297
s_3970,5.527663282,5.670291949,Nigeria,0.0003369170408535,0.03259760445262678,2021,OIL,NEPL,Warri River (OML 42),ONSHORE,Small,0.3369170408535
s_3970,5.527663282,5.670291949,Nigeria,0.000234201384981,0.022659596233328055,2022,OIL,NEPL,Warri River (OML 42),ONSHORE,Small,0.23420138498100002
s_3970,5.527663282,5.670291949,Nigeria,0.0,0.0,2023,OIL,NEPL,Warri River (OML 42),ONSHORE,Small,0.0
s_3970,5.527663282,5.670291949,Nigeria,0.0,0.0,2024,OIL,NEPL,Warri River (OML 42),ONSHORE,Small,0.0
s_3970,5.527663282,5.670291949,Nigeria,0.0,0.0,2025,OIL,NEPL,Warri River (OML 42),ONSHORE,Small,0.0
s_3971,5.386798013,6.657251574,Nigeria,0.173500855329527,16.78666130955243,2012,OIL,Oando Oil,Obiafu-Obrikom,ONSHORE,Medium,173.50085532952698
s_3971,5.386798013,6.657251574,Nigeria,0.149001865548552,14.416320004327611,2013,OIL,Oando Oil,Obiafu-Obrikom,ONSHORE,Medium,149.001865548552
s_3971,5.386798013,6.657251574,Nigeria,0.1222109102368,11.824225042469527,2014,OIL,Oando Oil,Obiafu-Obrikom,ONSHORE,Medium,122.2109102368
s_3971,5.386798013,6.657251574,Nigeria,0.145757562170696,14.10242517144008,2015,OIL,Oando Oil,Obiafu-Obrikom,ONSHORE,Medium,145.757562170696
s_3971,5.386798013,6.657251574,Nigeria,0.234139282714204,22.653587676671204,2016,OIL,Oando Oil,Obiafu-Obrikom,ONSHORE,Medium,234.139282714204
s_3971,5.386798013,6.657251574,Nigeria,0.192787643480718,18.652708481643998,2017,OIL,Oando Oil,Obiafu-Obrikom,ONSHORE,Medium,192.787643480718
s_3971,5.386798013,6.657251574,Nigeria,0.159318025815299,15.414435478075783,2018,OIL,Oando Oil,Obiafu-Obrikom,ONSHORE,Medium,159.318025815299
s_3971,5.386798013,6.657251574,Nigeria,0.19289635948562,18.663227039317686,2019,OIL,Oando Oil,Obiafu-Obrikom,ONSHORE,Medium,192.89635948562
s_3971,5.386798013,6.657251574,Nigeria,0.229540082841459,22.20860306600705,2020,OIL,Oando Oil,Obiafu-Obrikom,ONSHORE,Medium,229.540082841459
s_3971,5.386798013,6.657251574,Nigeria,0.182820208738066,17.688333113971158,2021,OIL,Oando Oil,Obiafu-Obrikom,ONSHORE,Medium,182.82020873806601
s_3971,5.386798013,6.657251574,Nigeria,0.165516974596949,16.014199977652357,2022,OIL,Oando Oil,Obiafu-Obrikom,ONSHORE,Medium,165.516974596949
s_3971,5.386798013,6.657251574,Nigeria,0.151503205851573,14.658331217511533,2023,OIL,Oando Oil,Obiafu-Obrikom,ONSHORE,Medium,151.503205851573
s_3971,5.386798013,6.657251574,Nigeria,0.107319767493797,10.383468054475301,2024,OIL,Oando Oil,Obiafu-Obrikom,ONSHORE,Medium,107.319767493797
s_3971,5.386798013,6.657251574,Nigeria,0.186189776562011,18.014347609477245,2025,OIL,Oando Oil,Obiafu-Obrikom,ONSHORE,Medium,186.189776562011
s_3973a,5.545330159,6.682836868,Nigeria,0.0215369973969972,2.0837607989969205,2012,OIL,NEPL,Egbema West,ONSHORE,Small,21.5369973969972
s_3973a,5.545330159,6.682836868,Nigeria,0.0098119691111842,0.9493336614186038,2013,OIL,NEPL,Egbema West,ONSHORE,Small,9.8119691111842
s_3973a,5.545330159,6.682836868,Nigeria,0.0129267714542024,1.2506989306510745,2014,OIL,NEPL,Egbema West,ONSHORE,Small,12.9267714542024
s_3973a,5.545330159,6.682836868,Nigeria,0.007719365386375,0.7468687806734211,2015,OIL,NEPL,Egbema West,ONSHORE,Small,7.719365386375
s_3973a,5.545330159,6.682836868,Nigeria,0.0127841056705015,1.236895643128945,2016,OIL,NEPL,Egbema West,ONSHORE,Small,12.7841056705015
s_3973a,5.545330159,6.682836868,Nigeria,0.011373412982341,1.1004074377939579,2017,OIL,NEPL,Egbema West,ONSHORE,Small,11.373412982341
s_3973a,5.545330159,6.682836868,Nigeria,0.0040241930367264,0.38935119612801694,2018,OIL,NEPL,Egbema West,ONSHORE,Small,4.0241930367264
s_3973a,5.545330159,6.682836868,Nigeria,0.0065237093430323,0.6311859328615597,2019,OIL,NEPL,Egbema West,ONSHORE,Small,6.5237093430323005
s_3973a,5.545330159,6.682836868,Nigeria,0.0097119233667259,0.939653974108165,2020,OIL,NEPL,Egbema West,ONSHORE,Small,9.7119233667259
s_3973a,5.545330159,6.682836868,Nigeria,0.0066277992524918,0.641256903707899,2021,OIL,NEPL,Egbema West,ONSHORE,Small,6.6277992524918
s_3973a,5.545330159,6.682836868,Nigeria,0.0025431245604908,0.2460539493242383,2022,OIL,NEPL,Egbema West,ONSHORE,Small,2.5431245604908
s_3973a,5.545330159,6.682836868,Nigeria,0.0005816507693249,0.056276232451725756,2023,OIL,NEPL,Egbema West,ONSHORE,Small,0.5816507693249
s_3973a,5.545330159,6.682836868,Nigeria,0.0001585056087375,0.01533583200202256,2024,OIL,NEPL,Egbema West,ONSHORE,Small,0.1585056087375
s_3973a,5.545330159,6.682836868,Nigeria,0.0003640683323822,0.03522456288544576,2025,OIL,NEPL,Egbema West,ONSHORE,Small,0.3640683323822
s_3973b,5.538461175,6.669366256,Nigeria,0.0,0.0,2012,OIL,NEPL,Egbema West,ONSHORE,Small,0.0
s_3973b,5.538461175,6.669366256,Nigeria,0.0,0.0,2013,OIL,NEPL,Egbema West,ONSHORE,Small,0.0
s_3973b,5.538461175,6.669366256,Nigeria,0.0,0.0,2014,OIL,NEPL,Egbema West,ONSHORE,Small,0.0
s_3973b,5.538461175,6.669366256,Nigeria,0.0,0.0,2015,OIL,NEPL,Egbema West,ONSHORE,Small,0.0
s_3973b,5.538461175,6.669366256,Nigeria,0.0,0.0,2016,OIL,NEPL,Egbema West,ONSHORE,Small,0.0
s_3973b,5.538461175,6.669366256,Nigeria,0.0,0.0,2017,OIL,NEPL,Egbema West,ONSHORE,Small,0.0
s_3973b,5.538461175,6.669366256,Nigeria,0.0,0.0,2018,OIL,NEPL,Egbema West,ONSHORE,Small,0.0
s_3973b,5.538461175,6.669366256,Nigeria,0.0,0.0,2019,OIL,NEPL,Egbema West,ONSHORE,Small,0.0
s_3973b,5.538461175,6.669366256,Nigeria,0.0,0.0,2020,OIL,NEPL,Egbema West,ONSHORE,Small,0.0
s_3973b,5.538461175,6.669366256,Nigeria,0.0,0.0,2021,OIL,NEPL,Egbema West,ONSHORE,Small,0.0
s_3973b,5.538461175,6.669366256,Nigeria,0.0,0.0,2022,OIL,NEPL,Egbema West,ONSHORE,Small,0.0
s_3973b,5.538461175,6.669366256,Nigeria,0.0,0.0,2023,OIL,NEPL,Egbema West,ONSHORE,Small,0.0
s_3973b,5.538461175,6.669366256,Nigeria,0.0,0.0,2024,OIL,NEPL,Egbema West,ONSHORE,Small,0.0
s_3973b,5.538461175,6.669366256,Nigeria,0.0087734254604065,0.8488518483020064,2025,OIL,NEPL,Egbema West,ONSHORE,Small,8.7734254604065
s_3973c,5.539312951,6.684393518,Nigeria,0.0086456839620822,0.8364925244043111,2012,OIL,NEPL,Egbema West,ONSHORE,Small,8.6456839620822
s_3973c,5.539312951,6.684393518,Nigeria,0.0059182966404834,0.5726106712532693,2013,OIL,NEPL,Egbema West,ONSHORE,Small,5.918296640483399
s_3973c,5.539312951,6.684393518,Nigeria,0.0103843719319818,1.0047151306748334,2014,OIL,NEPL,Egbema West,ONSHORE,Small,10.3843719319818
s_3973c,5.539312951,6.684393518,Nigeria,0.0042729645023296,0.4134204857498486,2015,OIL,NEPL,Egbema West,ONSHORE,Small,4.2729645023296
s_3973c,5.539312951,6.684393518,Nigeria,0.0034254222350279,0.33141855578989565,2016,OIL,NEPL,Egbema West,ONSHORE,Small,3.4254222350279
s_3973c,5.539312951,6.684393518,Nigeria,0.0036753413903611,0.3555988873933323,2017,OIL,NEPL,Egbema West,ONSHORE,Small,3.6753413903611003
s_3973c,5.539312951,6.684393518,Nigeria,0.0011808449552768,0.11424983632315139,2018,OIL,NEPL,Egbema West,ONSHORE,Small,1.1808449552768001
s_3973c,5.539312951,6.684393518,Nigeria,0.001141954264436,0.11048706031839287,2019,OIL,NEPL,Egbema West,ONSHORE,Small,1.141954264436
s_3973c,5.539312951,6.684393518,Nigeria,0.0023738337869877,0.2296746244371577,2020,OIL,NEPL,Egbema West,ONSHORE,Small,2.3738337869876998
s_3973c,5.539312951,6.684393518,Nigeria,0.0012433374429199,0.12029614786705523,2021,OIL,NEPL,Egbema West,ONSHORE,Small,1.2433374429199
s_3973c,5.539312951,6.684393518,Nigeria,0.0011384285877575,0.11014594188311737,2022,OIL,NEPL,Egbema West,ONSHORE,Small,1.1384285877575
s_3973c,5.539312951,6.684393518,Nigeria,0.0026800773644098,0.25930449111791065,2023,OIL,NEPL,Egbema West,ONSHORE,Small,2.6800773644098
s_3973c,5.539312951,6.684393518,Nigeria,0.0021000906631183,0.20318926159853173,2024,OIL,NEPL,Egbema West,ONSHORE,Small,2.1000906631183
s_3973c,5.539312951,6.684393518,Nigeria,0.0037227090243126,0.3601818298040108,2025,OIL,NEPL,Egbema West,ONSHORE,Small,3.7227090243126
s_3974,4.429822224,6.76676055,Nigeria,0.0,0.0,2012,NA,NA,NA,ONSHORE,Small,0.0
s_3974,4.429822224,6.76676055,Nigeria,0.0,0.0,2013,NA,NA,NA,ONSHORE,Small,0.0
s_3974,4.429822224,6.76676055,Nigeria,0.0,0.0,2014,NA,NA,NA,ONSHORE,Small,0.0
s_3974,4.429822224,6.76676055,Nigeria,0.0,0.0,2015,NA,NA,NA,ONSHORE,Small,0.0
s_3974,4.429822224,6.76676055,Nigeria,0.0,0.0,2016,NA,NA,NA,ONSHORE,Small,0.0
s_3974,4.429822224,6.76676055,Nigeria,0.0,0.0,2017,NA,NA,NA,ONSHORE,Small,0.0
s_3974,4.429822224,6.76676055,Nigeria,0.0,0.0,2018,NA,NA,NA,ONSHORE,Small,0.0
s_3974,4.429822224,6.76676055,Nigeria,0.0015470406407932,0.1496802261855409,2019,NA,NA,NA,ONSHORE,Small,1.5470406407932
s_3974,4.429822224,6.76676055,Nigeria,0.0010901462416166,0.10547449867692398,2020,NA,NA,NA,ONSHORE,Small,1.0901462416166
s_3974,4.429822224,6.76676055,Nigeria,0.000449603953321,0.04350035781380389,2021,NA,NA,NA,ONSHORE,Small,0.449603953321
s_3974,4.429822224,6.76676055,Nigeria,0.0006676873519436,0.06460049673220075,2022,NA,NA,NA,ONSHORE,Small,0.6676873519436
s_3974,4.429822224,6.76676055,Nigeria,0.0003006627998876,0.02908991186532751,2023,NA,NA,NA,ONSHORE,Small,0.3006627998876
s_3974,4.429822224,6.76676055,Nigeria,5.90951867617154e-05,0.005717613802592239,2024,NA,NA,NA,ONSHORE,Small,0.0590951867617154
s_3974,4.429822224,6.76676055,Nigeria,0.0,0.0,2025,NA,NA,NA,ONSHORE,Small,0.0
s_3975,4.65510269,7.213091413,Nigeria,5.81817631925818e-05,0.005629237684456764,2012,GAS,ExxonMobil,Oso,ONSHORE,Small,0.0581817631925818
s_3975,4.65510269,7.213091413,Nigeria,0.0002740958146936,0.02651948659785233,2013,GAS,ExxonMobil,Oso,ONSHORE,Small,0.2740958146936
s_3975,4.65510269,7.213091413,Nigeria,0.0007561931580704,0.07316366484199312,2014,GAS,ExxonMobil,Oso,ONSHORE,Small,0.7561931580704
s_3975,4.65510269,7.213091413,Nigeria,0.0001281415120322,0.012398026269628437,2015,GAS,ExxonMobil,Oso,ONSHORE,Small,0.1281415120322
s_3975,4.65510269,7.213091413,Nigeria,0.0008477756558036,0.08202451090762312,2016,GAS,ExxonMobil,Oso,ONSHORE,Small,0.8477756558035999
s_3975,4.65510269,7.213091413,Nigeria,0.0043053541332718,0.41655426721470323,2017,GAS,ExxonMobil,Oso,ONSHORE,Small,4.3053541332718
s_3975,4.65510269,7.213091413,Nigeria,0.0062737217893183,0.6069989835359774,2018,GAS,ExxonMobil,Oso,ONSHORE,Small,6.273721789318301
s_3975,4.65510269,7.213091413,Nigeria,0.0010331759769629,0.09996247664313707,2019,GAS,ExxonMobil,Oso,ONSHORE,Small,1.0331759769629
s_3975,4.65510269,7.213091413,Nigeria,3.91854572506386e-05,0.003791295425472581,2020,GAS,ExxonMobil,Oso,ONSHORE,Small,0.0391854572506386
s_3975,4.65510269,7.213091413,Nigeria,0.0,0.0,2021,GAS,ExxonMobil,Oso,ONSHORE,Small,0.0
s_3975,4.65510269,7.213091413,Nigeria,0.0,0.0,2022,GAS,ExxonMobil,Oso,ONSHORE,Small,0.0
s_3975,4.65510269,7.213091413,Nigeria,0.0,0.0,2023,GAS,ExxonMobil,Oso,ONSHORE,Small,0.0
s_3975,4.65510269,7.213091413,Nigeria,0.0,0.0,2024,GAS,ExxonMobil,Oso,ONSHORE,Small,0.0
s_3975,4.65510269,7.213091413,Nigeria,0.0,0.0,2025,GAS,ExxonMobil,Oso,ONSHORE,Small,0.0
s_3977,3.936150304,5.870656917,Nigeria,0.0,0.0,2012,OIL,FIRST E&P,Anyala,OFFSHORE,Small,0.0
s_3977,3.936150304,5.870656917,Nigeria,0.0,0.0,2013,OIL,FIRST E&P,Anyala,OFFSHORE,Small,0.0
s_3977,3.936150304,5.870656917,Nigeria,0.0,0.0,2014,OIL,FIRST E&P,Anyala,OFFSHORE,Small,0.0
s_3977,3.936150304,5.870656917,Nigeria,0.0,0.0,2015,OIL,FIRST E&P,Anyala,OFFSHORE,Small,0.0
s_3977,3.936150304,5.870656917,Nigeria,0.0,0.0,2016,OIL,FIRST E&P,Anyala,OFFSHORE,Small,0.0
s_3977,3.936150304,5.870656917,Nigeria,0.0,0.0,2017,OIL,FIRST E&P,Anyala,OFFSHORE,Small,0.0
s_3977,3.936150304,5.870656917,Nigeria,0.0,0.0,2018,OIL,FIRST E&P,Anyala,OFFSHORE,Small,0.0
s_3977,3.936150304,5.870656917,Nigeria,0.0,0.0,2019,OIL,FIRST E&P,Anyala,OFFSHORE,Small,0.0
s_3977,3.936150304,5.870656917,Nigeria,0.0019739564405896,0.19098544583571309,2020,OIL,FIRST E&P,Anyala,OFFSHORE,Small,1.9739564405896002
s_3977,3.936150304,5.870656917,Nigeria,0.050104339132222,4.847725791057965,2021,OIL,FIRST E&P,Anyala,OFFSHORE,Small,50.104339132222
s_3977,3.936150304,5.870656917,Nigeria,0.0769597032554161,7.446052473797055,2022,OIL,FIRST E&P,Anyala,OFFSHORE,Medium,76.9597032554161
s_3977,3.936150304,5.870656917,Nigeria,0.0746171363434628,7.2194030012556265,2023,OIL,FIRST E&P,Anyala,OFFSHORE,Medium,74.6171363434628
s_3977,3.936150304,5.870656917,Nigeria,0.0463687600440458,4.486298748930936,2024,OIL,FIRST E&P,Anyala,OFFSHORE,Small,46.3687600440458
s_3977,3.936150304,5.870656917,Nigeria,0.0235672478171638,2.2801928345173423,2025,OIL,FIRST E&P,Anyala,OFFSHORE,Small,23.5672478171638
s_3978,6.062879903,5.58652751,Nigeria,0.205539483892127,19.886482376609674,2012,OIL,NEPL,Oredo,ONSHORE,Medium,205.539483892127
s_3978,6.062879903,5.58652751,Nigeria,0.190681274588471,18.448911784965063,2013,OIL,NEPL,Oredo,ONSHORE,Medium,190.681274588471
s_3978,6.062879903,5.58652751,Nigeria,0.0953811432086094,9.228374945586545,2014,OIL,NEPL,Oredo,ONSHORE,Medium,95.3811432086094
s_3978,6.062879903,5.58652751,Nigeria,0.10986448470306,10.629676096731666,2015,OIL,NEPL,Oredo,ONSHORE,Medium,109.86448470306
s_3978,6.062879903,5.58652751,Nigeria,0.0299144280707147,2.8942991164989125,2016,OIL,NEPL,Oredo,ONSHORE,Small,29.914428070714703
s_3978,6.062879903,5.58652751,Nigeria,0.0823947938699322,7.971911698867296,2017,OIL,NEPL,Oredo,ONSHORE,Medium,82.3947938699322
s_3978,6.062879903,5.58652751,Nigeria,0.126323358332617,12.222115146276092,2018,OIL,NEPL,Oredo,ONSHORE,Medium,126.32335833261699
s_3978,6.062879903,5.58652751,Nigeria,0.128328821636579,12.4161489635066,2019,OIL,NEPL,Oredo,ONSHORE,Medium,128.328821636579
s_3978,6.062879903,5.58652751,Nigeria,0.143917830376771,13.924426311051878,2020,OIL,NEPL,Oredo,ONSHORE,Medium,143.917830376771
s_3978,6.062879903,5.58652751,Nigeria,0.105138616892079,10.172436031914803,2021,OIL,NEPL,Oredo,ONSHORE,Medium,105.138616892079
s_3978,6.062879903,5.58652751,Nigeria,0.0875949754017332,8.475042856098408,2022,OIL,NEPL,Oredo,ONSHORE,Medium,87.5949754017332
s_3978,6.062879903,5.58652751,Nigeria,0.0881172601112652,8.525575267073673,2023,OIL,NEPL,Oredo,ONSHORE,Medium,88.1172601112652
s_3978,6.062879903,5.58652751,Nigeria,0.122185813393692,11.821796857292036,2024,OIL,NEPL,Oredo,ONSHORE,Medium,122.185813393692
s_3978,6.062879903,5.58652751,Nigeria,0.160397550562,15.518882319353494,2025,OIL,NEPL,Oredo,ONSHORE,Medium,160.397550562
s_3979,5.34549102,5.367177738,Nigeria,0.0066454394559437,0.6429636395059227,2012,OIL,Renaissance Africa Energy ,Forcados Yokri,ONSHORE,Small,6.6454394559437
s_3979,5.34549102,5.367177738,Nigeria,0.0004693535457165,0.04541118250636982,2013,OIL,Renaissance Africa Energy ,Forcados Yokri,ONSHORE,Small,0.46935354571649995
s_3979,5.34549102,5.367177738,Nigeria,0.0,0.0,2014,OIL,Renaissance Africa Energy ,Forcados Yokri,ONSHORE,Small,0.0
s_3979,5.34549102,5.367177738,Nigeria,0.0,0.0,2015,OIL,Renaissance Africa Energy ,Forcados Yokri,ONSHORE,Small,0.0
s_3979,5.34549102,5.367177738,Nigeria,0.0,0.0,2016,OIL,Renaissance Africa Energy ,Forcados Yokri,ONSHORE,Small,0.0
s_3979,5.34549102,5.367177738,Nigeria,0.0,0.0,2017,OIL,Renaissance Africa Energy ,Forcados Yokri,ONSHORE,Small,0.0
s_3979,5.34549102,5.367177738,Nigeria,0.0,0.0,2018,OIL,Renaissance Africa Energy ,Forcados Yokri,ONSHORE,Small,0.0
s_3979,5.34549102,5.367177738,Nigeria,0.0,0.0,2019,OIL,Renaissance Africa Energy ,Forcados Yokri,ONSHORE,Small,0.0
s_3979,5.34549102,5.367177738,Nigeria,0.0,0.0,2020,OIL,Renaissance Africa Energy ,Forcados Yokri,ONSHORE,Small,0.0
s_3979,5.34549102,5.367177738,Nigeria,0.0,0.0,2021,OIL,Renaissance Africa Energy ,Forcados Yokri,ONSHORE,Small,0.0
s_3979,5.34549102,5.367177738,Nigeria,0.0,0.0,2022,OIL,Renaissance Africa Energy ,Forcados Yokri,ONSHORE,Small,0.0
s_3979,5.34549102,5.367177738,Nigeria,0.0,0.0,2023,OIL,Renaissance Africa Energy ,Forcados Yokri,ONSHORE,Small,0.0
s_3979,5.34549102,5.367177738,Nigeria,0.0,0.0,2024,OIL,Renaissance Africa Energy ,Forcados Yokri,ONSHORE,Small,0.0
s_3979,5.34549102,5.367177738,Nigeria,0.0,0.0,2025,OIL,Renaissance Africa Energy ,Forcados Yokri,ONSHORE,Small,0.0
s_3980a,3.576027396,7.39414352,Nigeria,0.430323739044975,41.63494668131969,2012,OIL,ExxonMobil,Usan,OFFSHORE,Medium,430.323739044975
s_3980a,3.576027396,7.39414352,Nigeria,0.414507471657054,40.10468146551954,2013,OIL,ExxonMobil,Usan,OFFSHORE,Medium,414.507471657054
s_3980a,3.576027396,7.39414352,Nigeria,0.425654947616431,41.18322890570956,2014,OIL,ExxonMobil,Usan,OFFSHORE,Medium,425.654947616431
s_3980a,3.576027396,7.39414352,Nigeria,0.228769534344371,22.134050484588165,2015,OIL,ExxonMobil,Usan,OFFSHORE,Medium,228.769534344371
s_3980a,3.576027396,7.39414352,Nigeria,0.24757773931949,23.95379348330888,2016,OIL,ExxonMobil,Usan,OFFSHORE,Medium,247.57773931949
s_3980a,3.576027396,7.39414352,Nigeria,0.191706548978518,18.54810976241819,2017,OIL,ExxonMobil,Usan,OFFSHORE,Medium,191.706548978518
s_3980a,3.576027396,7.39414352,Nigeria,0.197724072260084,19.130320870589046,2018,OIL,ExxonMobil,Usan,OFFSHORE,Medium,197.724072260084
s_3980a,3.576027396,7.39414352,Nigeria,0.159395817075903,15.421961985896868,2019,OIL,ExxonMobil,Usan,OFFSHORE,Medium,159.395817075903
s_3980a,3.576027396,7.39414352,Nigeria,0.113974320898789,11.027313492376834,2020,OIL,ExxonMobil,Usan,OFFSHORE,Medium,113.974320898789
s_3980a,3.576027396,7.39414352,Nigeria,0.191247051472674,18.503652177534605,2021,OIL,ExxonMobil,Usan,OFFSHORE,Medium,191.247051472674
s_3980a,3.576027396,7.39414352,Nigeria,0.115932046669183,11.216728578441794,2022,OIL,ExxonMobil,Usan,OFFSHORE,Medium,115.932046669183
s_3980a,3.576027396,7.39414352,Nigeria,0.205460521576528,19.878842566156514,2023,OIL,ExxonMobil,Usan,OFFSHORE,Medium,205.460521576528
s_3980a,3.576027396,7.39414352,Nigeria,0.147932404376575,14.312846840212094,2024,OIL,ExxonMobil,Usan,OFFSHORE,Medium,147.93240437657502
s_3980a,3.576027396,7.39414352,Nigeria,0.158771603789941,15.361567718695907,2025,OIL,ExxonMobil,Usan,OFFSHORE,Medium,158.77160378994103
s_3980b,3.577849206,7.387978561,Nigeria,0.24904827982557,24.09607212147846,2012,OIL,ExxonMobil,Usan,OFFSHORE,Medium,249.04827982557
s_3980b,3.577849206,7.387978561,Nigeria,0.188595780795744,18.247134808735225,2013,OIL,ExxonMobil,Usan,OFFSHORE,Medium,188.595780795744
s_3980b,3.577849206,7.387978561,Nigeria,0.144878502900242,14.017373889035122,2014,OIL,ExxonMobil,Usan,OFFSHORE,Medium,144.878502900242
s_3980b,3.577849206,7.387978561,Nigeria,0.0956541076530938,9.254784969159092,2015,OIL,ExxonMobil,Usan,OFFSHORE,Medium,95.6541076530938
s_3980b,3.577849206,7.387978561,Nigeria,0.100017199462022,9.676925507428217,2016,OIL,ExxonMobil,Usan,OFFSHORE,Medium,100.017199462022
s_3980b,3.577849206,7.387978561,Nigeria,0.0799221915559705,7.732680961250137,2017,OIL,ExxonMobil,Usan,OFFSHORE,Medium,79.9221915559705
s_3980b,3.577849206,7.387978561,Nigeria,0.0730307853138051,7.065919392184382,2018,OIL,ExxonMobil,Usan,OFFSHORE,Medium,73.0307853138051
s_3980b,3.577849206,7.387978561,Nigeria,0.068684684638418,6.645422790502647,2019,OIL,ExxonMobil,Usan,OFFSHORE,Medium,68.68468463841799
s_3980b,3.577849206,7.387978561,Nigeria,0.0267352848137453,2.586708695645174,2020,OIL,ExxonMobil,Usan,OFFSHORE,Small,26.7352848137453
s_3980b,3.577849206,7.387978561,Nigeria,0.067239745693021,6.505621170255343,2021,OIL,ExxonMobil,Usan,OFFSHORE,Medium,67.239745693021
s_3980b,3.577849206,7.387978561,Nigeria,0.0424795981154354,4.110012165504059,2022,OIL,ExxonMobil,Usan,OFFSHORE,Small,42.4795981154354
s_3980b,3.577849206,7.387978561,Nigeria,0.0695899526329791,6.733009835478378,2023,OIL,ExxonMobil,Usan,OFFSHORE,Medium,69.58995263297909
s_3980b,3.577849206,7.387978561,Nigeria,0.0449425001040696,4.348304371287724,2024,OIL,ExxonMobil,Usan,OFFSHORE,Small,44.9425001040696
s_3980b,3.577849206,7.387978561,Nigeria,0.0515193408240661,4.984630903763701,2025,OIL,ExxonMobil,Usan,OFFSHORE,Small,51.5193408240661
s_3981,4.693449249,7.015750339,Nigeria,0.0,0.0,2012,OIL,NNPC Limited,Alakiri,ONSHORE,Small,0.0
s_3981,4.693449249,7.015750339,Nigeria,0.0,0.0,2013,OIL,NNPC Limited,Alakiri,ONSHORE,Small,0.0
s_3981,4.693449249,7.015750339,Nigeria,0.0,0.0,2014,OIL,NNPC Limited,Alakiri,ONSHORE,Small,0.0
s_3981,4.693449249,7.015750339,Nigeria,0.0,0.0,2015,OIL,NNPC Limited,Alakiri,ONSHORE,Small,0.0
s_3981,4.693449249,7.015750339,Nigeria,0.0,0.0,2016,OIL,NNPC Limited,Alakiri,ONSHORE,Small,0.0
s_3981,4.693449249,7.015750339,Nigeria,0.0,0.0,2017,OIL,NNPC Limited,Alakiri,ONSHORE,Small,0.0
s_3981,4.693449249,7.015750339,Nigeria,0.0,0.0,2018,OIL,NNPC Limited,Alakiri,ONSHORE,Small,0.0
s_3981,4.693449249,7.015750339,Nigeria,0.0,0.0,2019,OIL,NNPC Limited,Alakiri,ONSHORE,Small,0.0
s_3981,4.693449249,7.015750339,Nigeria,3.15752229582439e-05,0.0030549853634262744,2020,OIL,NNPC Limited,Alakiri,ONSHORE,Small,0.0315752229582439
s_3981,4.693449249,7.015750339,Nigeria,3.67284644194264e-06,0.000355357494611689,2021,OIL,NNPC Limited,Alakiri,ONSHORE,Small,0.00367284644194264
s_3981,4.693449249,7.015750339,Nigeria,0.0004992094076816,0.04829981519905021,2022,OIL,NNPC Limited,Alakiri,ONSHORE,Small,0.4992094076816
s_3981,4.693449249,7.015750339,Nigeria,0.0007519721920766,0.07275527534787515,2023,OIL,NNPC Limited,Alakiri,ONSHORE,Small,0.7519721920766
s_3981,4.693449249,7.015750339,Nigeria,0.0004742162946079,0.045881666173544236,2024,OIL,NNPC Limited,Alakiri,ONSHORE,Small,0.4742162946079
s_3981,4.693449249,7.015750339,Nigeria,2.86505678739583e-05,0.002772017338548718,2025,OIL,NNPC Limited,Alakiri,ONSHORE,Small,0.0286505678739583
s_3982,4.640361863,7.079423364,Nigeria,0.0,0.0,2012,OIL,NNPC Limited,Alakiri,ONSHORE,Small,0.0
s_3982,4.640361863,7.079423364,Nigeria,0.000592600477061,0.05733564529931888,2013,OIL,NNPC Limited,Alakiri,ONSHORE,Small,0.5926004770609999
s_3982,4.640361863,7.079423364,Nigeria,0.0,0.0,2014,OIL,NNPC Limited,Alakiri,ONSHORE,Small,0.0
s_3982,4.640361863,7.079423364,Nigeria,0.0,0.0,2015,OIL,NNPC Limited,Alakiri,ONSHORE,Small,0.0
s_3982,4.640361863,7.079423364,Nigeria,0.0,0.0,2016,OIL,NNPC Limited,Alakiri,ONSHORE,Small,0.0
s_3982,4.640361863,7.079423364,Nigeria,0.0011738751033155,0.11357548492569086,2017,OIL,NNPC Limited,Alakiri,ONSHORE,Small,1.1738751033155
s_3982,4.640361863,7.079423364,Nigeria,0.0051810563557019,0.5012807464475392,2018,OIL,NNPC Limited,Alakiri,ONSHORE,Small,5.1810563557019
s_3982,4.640361863,7.079423364,Nigeria,0.0057940764953711,0.5605920474841635,2019,OIL,NNPC Limited,Alakiri,ONSHORE,Small,5.794076495371099
s_3982,4.640361863,7.079423364,Nigeria,0.0011797704844222,0.11414587845914605,2020,OIL,NNPC Limited,Alakiri,ONSHORE,Small,1.1797704844222
s_3982,4.640361863,7.079423364,Nigeria,0.0013823261487266,0.13374366849050562,2021,OIL,NNPC Limited,Alakiri,ONSHORE,Small,1.3823261487265999
s_3982,4.640361863,7.079423364,Nigeria,0.0002683516610849,0.025963724720159266,2022,OIL,NNPC Limited,Alakiri,ONSHORE,Small,0.2683516610849
s_3982,4.640361863,7.079423364,Nigeria,0.0003882740706375,0.037566531338959465,2023,OIL,NNPC Limited,Alakiri,ONSHORE,Small,0.3882740706375
s_3982,4.640361863,7.079423364,Nigeria,0.0,0.0,2024,OIL,NNPC Limited,Alakiri,ONSHORE,Small,0.0
s_3982,4.640361863,7.079423364,Nigeria,3.79911503311281e-05,0.00367574310891829,2025,OIL,NNPC Limited,Alakiri,ONSHORE,Small,0.037991150331128105
s_3984,4.530226376,6.818542592,Nigeria,0.0729493547540599,7.058040772657732,2012,OIL,Newcross EP,Awoba (OML 24),OFFSHORE,Medium,72.94935475405991
s_3984,4.530226376,6.818542592,Nigeria,0.0479074693096801,4.635172892790429,2013,OIL,Newcross EP,Awoba (OML 24),OFFSHORE,Small,47.9074693096801
s_3984,4.530226376,6.818542592,Nigeria,0.050820892756466,4.917054227378759,2014,OIL,Newcross EP,Awoba (OML 24),OFFSHORE,Small,50.820892756466
s_3984,4.530226376,6.818542592,Nigeria,0.0694221528941466,6.716774772093459,2015,OIL,Newcross EP,Awoba (OML 24),OFFSHORE,Medium,69.4221528941466
s_3984,4.530226376,6.818542592,Nigeria,0.0912689156626727,8.830506180557446,2016,OIL,Newcross EP,Awoba (OML 24),OFFSHORE,Medium,91.2689156626727
s_3984,4.530226376,6.818542592,Nigeria,0.0429581122736389,4.156309661215717,2017,OIL,Newcross EP,Awoba (OML 24),OFFSHORE,Small,42.9581122736389
s_3984,4.530226376,6.818542592,Nigeria,0.0444410571532307,4.2997884549493985,2018,OIL,Newcross EP,Awoba (OML 24),OFFSHORE,Small,44.441057153230695
s_3984,4.530226376,6.818542592,Nigeria,0.0469217506689837,4.539802037491442,2019,OIL,Newcross EP,Awoba (OML 24),OFFSHORE,Small,46.9217506689837
s_3984,4.530226376,6.818542592,Nigeria,0.0359953967502059,3.4826487327745093,2020,OIL,Newcross EP,Awoba (OML 24),OFFSHORE,Small,35.995396750205906
s_3984,4.530226376,6.818542592,Nigeria,0.0261839471453554,2.5333653349517555,2021,OIL,Newcross EP,Awoba (OML 24),OFFSHORE,Small,26.1839471453554
s_3984,4.530226376,6.818542592,Nigeria,0.0090339777274198,0.8740609612569901,2022,OIL,Newcross EP,Awoba (OML 24),OFFSHORE,Small,9.0339777274198
s_3984,4.530226376,6.818542592,Nigeria,0.0,0.0,2023,OIL,Newcross EP,Awoba (OML 24),OFFSHORE,Small,0.0
s_3984,4.530226376,6.818542592,Nigeria,0.0350261227360396,3.3888689380809494,2024,OIL,Newcross EP,Awoba (OML 24),OFFSHORE,Small,35.026122736039596
s_3984,4.530226376,6.818542592,Nigeria,0.0660609324698568,6.391567909325326,2025,OIL,Newcross EP,Awoba (OML 24),OFFSHORE,Medium,66.0609324698568
s_3985,5.427623691,5.338614873,Nigeria,0.0,0.0,2012,OIL,Renaissance Africa Energy ,Forcados Yokri,ONSHORE,Small,0.0
s_3985,5.427623691,5.338614873,Nigeria,0.0,0.0,2013,OIL,Renaissance Africa Energy ,Forcados Yokri,ONSHORE,Small,0.0
s_3985,5.427623691,5.338614873,Nigeria,0.0,0.0,2014,OIL,Renaissance Africa Energy ,Forcados Yokri,ONSHORE,Small,0.0
s_3985,5.427623691,5.338614873,Nigeria,0.0,0.0,2015,OIL,Renaissance Africa Energy ,Forcados Yokri,ONSHORE,Small,0.0
s_3985,5.427623691,5.338614873,Nigeria,0.0,0.0,2016,OIL,Renaissance Africa Energy ,Forcados Yokri,ONSHORE,Small,0.0
s_3985,5.427623691,5.338614873,Nigeria,0.0,0.0,2017,OIL,Renaissance Africa Energy ,Forcados Yokri,ONSHORE,Small,0.0
s_3985,5.427623691,5.338614873,Nigeria,0.0015371005112001,0.14871849266246684,2018,OIL,Renaissance Africa Energy ,Forcados Yokri,ONSHORE,Small,1.5371005112001002
s_3985,5.427623691,5.338614873,Nigeria,0.0013166311191222,0.12738750263993642,2019,OIL,Renaissance Africa Energy ,Forcados Yokri,ONSHORE,Small,1.3166311191222
s_3985,5.427623691,5.338614873,Nigeria,0.0004821996807372,0.0466540796512842,2020,OIL,Renaissance Africa Energy ,Forcados Yokri,ONSHORE,Small,0.4821996807372
s_3985,5.427623691,5.338614873,Nigeria,1.2929934760944e-05,0.0012510049888476676,2021,OIL,Renaissance Africa Energy ,Forcados Yokri,ONSHORE,Small,0.012929934760944001
s_3985,5.427623691,5.338614873,Nigeria,0.0,0.0,2022,OIL,Renaissance Africa Energy ,Forcados Yokri,ONSHORE,Small,0.0
s_3985,5.427623691,5.338614873,Nigeria,4.78469941571428e-05,0.004629321763691618,2023,OIL,Renaissance Africa Energy ,Forcados Yokri,ONSHORE,Small,0.0478469941571428
s_3985,5.427623691,5.338614873,Nigeria,6.94458674227405e-06,0.0006719069214728139,2024,OIL,Renaissance Africa Energy ,Forcados Yokri,ONSHORE,Small,0.0069445867422740495
s_3985,5.427623691,5.338614873,Nigeria,1.775762701432e-05,0.001718096834650119,2025,OIL,Renaissance Africa Energy ,Forcados Yokri,ONSHORE,Small,0.01775762701432
s_3986,5.615189017,5.201782623,Nigeria,0.0382874250997325,3.7044084672860174,2012,OIL,Renaissance Africa Energy ,Saghara,ONSHORE,Small,38.2874250997325
s_3986,5.615189017,5.201782623,Nigeria,0.0259080152597153,2.5066682036900736,2013,OIL,Renaissance Africa Energy ,Saghara,ONSHORE,Small,25.908015259715302
s_3986,5.615189017,5.201782623,Nigeria,0.032001601161455,3.0962385692014633,2014,OIL,Renaissance Africa Energy ,Saghara,ONSHORE,Small,32.001601161455
s_3986,5.615189017,5.201782623,Nigeria,0.0339464777439772,3.284410462750185,2015,OIL,Renaissance Africa Energy ,Saghara,ONSHORE,Small,33.946477743977205
s_3986,5.615189017,5.201782623,Nigeria,0.042715508700781,4.13283713134076,2016,OIL,Renaissance Africa Energy ,Saghara,ONSHORE,Small,42.715508700781
s_3986,5.615189017,5.201782623,Nigeria,0.052550051434955,5.084354849794354,2017,OIL,Renaissance Africa Energy ,Saghara,ONSHORE,Medium,52.550051434955
s_3986,5.615189017,5.201782623,Nigeria,0.12112161135202,11.718832527781657,2018,OIL,Renaissance Africa Energy ,Saghara,ONSHORE,Medium,121.12161135202
s_3986,5.615189017,5.201782623,Nigeria,0.0842949645836458,8.155758182741156,2019,OIL,Renaissance Africa Energy ,Saghara,ONSHORE,Medium,84.2949645836458
s_3986,5.615189017,5.201782623,Nigeria,0.113744203792013,11.005049060736736,2020,OIL,Renaissance Africa Energy ,Saghara,ONSHORE,Medium,113.744203792013
s_3986,5.615189017,5.201782623,Nigeria,0.0980169152431634,9.483392780220344,2021,OIL,Renaissance Africa Energy ,Saghara,ONSHORE,Medium,98.0169152431634
s_3986,5.615189017,5.201782623,Nigeria,0.071527372579264,6.920460279978412,2022,OIL,Renaissance Africa Energy ,Saghara,ONSHORE,Medium,71.52737257926401
s_3986,5.615189017,5.201782623,Nigeria,0.0448903130551411,4.34325513787937,2023,OIL,Renaissance Africa Energy ,Saghara,ONSHORE,Small,44.8903130551411
s_3986,5.615189017,5.201782623,Nigeria,0.0444397940541848,4.299666246814783,2024,OIL,Renaissance Africa Energy ,Saghara,ONSHORE,Small,44.4397940541848
s_3986,5.615189017,5.201782623,Nigeria,0.120639522647846,11.67218918540297,2025,OIL,Renaissance Africa Energy ,Saghara,ONSHORE,Medium,120.639522647846
s_3987,4.305112398,7.659948077,Nigeria,0.415733994816133,40.22335078747001,2012,GAS,ExxonMobil,Oso,OFFSHORE,Medium,415.73399481613296
s_3987,4.305112398,7.659948077,Nigeria,0.551012585653821,53.31190808888941,2013,GAS,ExxonMobil,Oso,OFFSHORE,Large,551.012585653821
s_3987,4.305112398,7.659948077,Nigeria,0.517685298044477,50.08740589031788,2014,GAS,ExxonMobil,Oso,OFFSHORE,Large,517.685298044477
s_3987,4.305112398,7.659948077,Nigeria,0.43099580011309,41.69997034652501,2015,GAS,ExxonMobil,Oso,OFFSHORE,Medium,430.99580011309
s_3987,4.305112398,7.659948077,Nigeria,0.643894164478169,62.29844364607454,2016,GAS,ExxonMobil,Oso,OFFSHORE,Large,643.894164478169
s_3987,4.305112398,7.659948077,Nigeria,0.463103466871101,44.80647103946412,2017,GAS,ExxonMobil,Oso,OFFSHORE,Medium,463.103466871101
s_3987,4.305112398,7.659948077,Nigeria,0.526125458381949,50.90401346677256,2018,GAS,ExxonMobil,Oso,OFFSHORE,Large,526.125458381949
s_3987,4.305112398,7.659948077,Nigeria,0.420694441309395,40.70328695302028,2019,GAS,ExxonMobil,Oso,OFFSHORE,Medium,420.69444130939496
s_3987,4.305112398,7.659948077,Nigeria,0.400926828421839,38.79071873073975,2020,GAS,ExxonMobil,Oso,OFFSHORE,Medium,400.92682842183905
s_3987,4.305112398,7.659948077,Nigeria,0.301478927602056,29.168874355177444,2021,GAS,ExxonMobil,Oso,OFFSHORE,Medium,301.47892760205605
s_3987,4.305112398,7.659948077,Nigeria,0.24653742392675,23.853140249525833,2022,GAS,ExxonMobil,Oso,OFFSHORE,Medium,246.53742392675
s_3987,4.305112398,7.659948077,Nigeria,0.276836606594382,26.78466537908086,2023,GAS,ExxonMobil,Oso,OFFSHORE,Medium,276.836606594382
s_3987,4.305112398,7.659948077,Nigeria,0.218482743492434,21.138776578498774,2024,GAS,ExxonMobil,Oso,OFFSHORE,Medium,218.482743492434
s_3987,4.305112398,7.659948077,Nigeria,0.308371301047584,29.835729503696935,2025,GAS,ExxonMobil,Oso,OFFSHORE,Medium,308.371301047584
s_3988,4.460109903,7.468328148,Nigeria,0.0,0.0,2012,OIL,Lekoil Nigeria,Otakikpo,ONSHORE,Small,0.0
s_3988,4.460109903,7.468328148,Nigeria,0.0,0.0,2013,OIL,Lekoil Nigeria,Otakikpo,ONSHORE,Small,0.0
s_3988,4.460109903,7.468328148,Nigeria,0.0,0.0,2014,OIL,Lekoil Nigeria,Otakikpo,ONSHORE,Small,0.0
s_3988,4.460109903,7.468328148,Nigeria,0.0,0.0,2015,OIL,Lekoil Nigeria,Otakikpo,ONSHORE,Small,0.0
s_3988,4.460109903,7.468328148,Nigeria,0.001705591239062,0.1650204110423259,2016,OIL,Lekoil Nigeria,Otakikpo,ONSHORE,Small,1.705591239062
s_3988,4.460109903,7.468328148,Nigeria,0.0407785492528975,3.9454312412648713,2017,OIL,Lekoil Nigeria,Otakikpo,ONSHORE,Small,40.7785492528975
s_3988,4.460109903,7.468328148,Nigeria,0.0608579760851886,5.888168277825444,2018,OIL,Lekoil Nigeria,Otakikpo,ONSHORE,Medium,60.857976085188604
s_3988,4.460109903,7.468328148,Nigeria,0.0848023681173547,8.204850801053981,2019,OIL,Lekoil Nigeria,Otakikpo,ONSHORE,Medium,84.8023681173547
s_3988,4.460109903,7.468328148,Nigeria,0.079724849000714,7.7135875531469855,2020,OIL,Lekoil Nigeria,Otakikpo,ONSHORE,Medium,79.724849000714
s_3988,4.460109903,7.468328148,Nigeria,0.0851306665468054,8.236614532323086,2021,OIL,Lekoil Nigeria,Otakikpo,ONSHORE,Medium,85.1306665468054
s_3988,4.460109903,7.468328148,Nigeria,0.111956872881146,10.83212012276791,2022,OIL,Lekoil Nigeria,Otakikpo,ONSHORE,Medium,111.956872881146
s_3988,4.460109903,7.468328148,Nigeria,0.158674471808914,15.352169945614445,2023,OIL,Lekoil Nigeria,Otakikpo,ONSHORE,Medium,158.674471808914
s_3988,4.460109903,7.468328148,Nigeria,0.0516064220822899,4.993056243139904,2024,OIL,Lekoil Nigeria,Otakikpo,ONSHORE,Small,51.6064220822899
s_3988,4.460109903,7.468328148,Nigeria,0.0532500789171276,5.152084338668006,2025,OIL,Lekoil Nigeria,Otakikpo,ONSHORE,Medium,53.2500789171276
s_3989,4.556085394,6.929505406,Nigeria,0.0,0.0,2012,GAS,TotalEnergies,Ubeta,ONSHORE,Small,0.0
s_3989,4.556085394,6.929505406,Nigeria,0.0,0.0,2013,GAS,TotalEnergies,Ubeta,ONSHORE,Small,0.0
s_3989,4.556085394,6.929505406,Nigeria,0.0,0.0,2014,GAS,TotalEnergies,Ubeta,ONSHORE,Small,0.0
s_3989,4.556085394,6.929505406,Nigeria,0.0,0.0,2015,GAS,TotalEnergies,Ubeta,ONSHORE,Small,0.0
s_3989,4.556085394,6.929505406,Nigeria,0.0003203103472773,0.03099086343682184,2016,GAS,TotalEnergies,Ubeta,ONSHORE,Small,0.3203103472773
s_3989,4.556085394,6.929505406,Nigeria,0.0001364219665144,0.01319918188709127,2017,GAS,TotalEnergies,Ubeta,ONSHORE,Small,0.1364219665144
s_3989,4.556085394,6.929505406,Nigeria,0.0029174943308926,0.2822752032675347,2018,GAS,TotalEnergies,Ubeta,ONSHORE,Small,2.9174943308926
s_3989,4.556085394,6.929505406,Nigeria,9.61482932432961e-05,0.009302598716884032,2019,GAS,TotalEnergies,Ubeta,ONSHORE,Small,0.0961482932432961
s_3989,4.556085394,6.929505406,Nigeria,0.0,0.0,2020,GAS,TotalEnergies,Ubeta,ONSHORE,Small,0.0
s_3989,4.556085394,6.929505406,Nigeria,0.0002646060153059,0.025601323699379248,2021,GAS,TotalEnergies,Ubeta,ONSHORE,Small,0.2646060153059
s_3989,4.556085394,6.929505406,Nigeria,0.0004415336324421,0.04271953317178007,2022,GAS,TotalEnergies,Ubeta,ONSHORE,Small,0.44153363244210003
s_3989,4.556085394,6.929505406,Nigeria,0.0002085800414727,0.020180664270988982,2023,GAS,TotalEnergies,Ubeta,ONSHORE,Small,0.20858004147269998
s_3989,4.556085394,6.929505406,Nigeria,0.0002970475545061,0.02874012742389118,2024,GAS,TotalEnergies,Ubeta,ONSHORE,Small,0.2970475545061
s_3989,4.556085394,6.929505406,Nigeria,1.45359395293506e-05,0.0014063901485205934,2025,GAS,TotalEnergies,Ubeta,ONSHORE,Small,0.014535939529350601
s_3990,4.873859215,7.232694158,Nigeria,0.0,0.0,2012,OIL,NEPL,Isimiri,ONSHORE,Small,0.0
s_3990,4.873859215,7.232694158,Nigeria,0.0002357509202315,0.022809517819524002,2013,OIL,NEPL,Isimiri,ONSHORE,Small,0.23575092023150002
s_3990,4.873859215,7.232694158,Nigeria,0.0004160869491255,0.04025750003957507,2014,OIL,NEPL,Isimiri,ONSHORE,Small,0.4160869491255
s_3990,4.873859215,7.232694158,Nigeria,0.0001005695142067,0.009730363402806728,2015,OIL,NEPL,Isimiri,ONSHORE,Small,0.1005695142067
s_3990,4.873859215,7.232694158,Nigeria,4.74628269043534e-05,0.0045921525777152805,2016,OIL,NEPL,Isimiri,ONSHORE,Small,0.047462826904353404
s_3990,4.873859215,7.232694158,Nigeria,0.0,0.0,2017,OIL,NEPL,Isimiri,ONSHORE,Small,0.0
s_3990,4.873859215,7.232694158,Nigeria,0.0,0.0,2018,OIL,NEPL,Isimiri,ONSHORE,Small,0.0
s_3990,4.873859215,7.232694158,Nigeria,7.26878638107021e-05,0.007032740840312581,2019,OIL,NEPL,Isimiri,ONSHORE,Small,0.07268786381070211
s_3990,4.873859215,7.232694158,Nigeria,0.0003882891916231,0.037567994333844716,2020,OIL,NEPL,Isimiri,ONSHORE,Small,0.3882891916231
s_3990,4.873859215,7.232694158,Nigeria,0.0027032108820704,0.26154271942594687,2021,OIL,NEPL,Isimiri,ONSHORE,Small,2.7032108820704
s_3990,4.873859215,7.232694158,Nigeria,0.0004536966265729,0.04389633464976717,2022,OIL,NEPL,Isimiri,ONSHORE,Small,0.4536966265729
s_3990,4.873859215,7.232694158,Nigeria,0.0013666996072027,0.13223175974802046,2023,OIL,NEPL,Isimiri,ONSHORE,Small,1.3666996072027
s_3990,4.873859215,7.232694158,Nigeria,0.0053442977477049,0.5170747778605237,2024,OIL,NEPL,Isimiri,ONSHORE,Small,5.3442977477049
s_3990,4.873859215,7.232694158,Nigeria,0.0007125030222104,0.06893652998518104,2025,OIL,NEPL,Isimiri,ONSHORE,Small,0.7125030222104001
s_3991,4.516719355,7.757962704,Nigeria,0.0,0.0,2012,OIL,Sterling Global,Utapate,OFFSHORE,Small,0.0
s_3991,4.516719355,7.757962704,Nigeria,0.0,0.0,2013,OIL,Sterling Global,Utapate,OFFSHORE,Small,0.0
s_3991,4.516719355,7.757962704,Nigeria,0.0,0.0,2014,OIL,Sterling Global,Utapate,OFFSHORE,Small,0.0
s_3991,4.516719355,7.757962704,Nigeria,0.0,0.0,2015,OIL,Sterling Global,Utapate,OFFSHORE,Small,0.0
s_3991,4.516719355,7.757962704,Nigeria,0.0,0.0,2016,OIL,Sterling Global,Utapate,OFFSHORE,Small,0.0
s_3991,4.516719355,7.757962704,Nigeria,0.0,0.0,2017,OIL,Sterling Global,Utapate,OFFSHORE,Small,0.0
s_3991,4.516719355,7.757962704,Nigeria,0.0,0.0,2018,OIL,Sterling Global,Utapate,OFFSHORE,Small,0.0
s_3991,4.516719355,7.757962704,Nigeria,0.0,0.0,2019,OIL,Sterling Global,Utapate,OFFSHORE,Small,0.0
s_3991,4.516719355,7.757962704,Nigeria,0.0,0.0,2020,OIL,Sterling Global,Utapate,OFFSHORE,Small,0.0
s_3991,4.516719355,7.757962704,Nigeria,0.0,0.0,2021,OIL,Sterling Global,Utapate,OFFSHORE,Small,0.0
s_3991,4.516719355,7.757962704,Nigeria,0.0,0.0,2022,OIL,Sterling Global,Utapate,OFFSHORE,Small,0.0
s_3991,4.516719355,7.757962704,Nigeria,0.008289521208583,0.8020328469421263,2023,OIL,Sterling Global,Utapate,OFFSHORE,Small,8.289521208582999
s_3991,4.516719355,7.757962704,Nigeria,0.110445924386024,10.685931906026164,2024,OIL,Sterling Global,Utapate,OFFSHORE,Medium,110.445924386024
s_3991,4.516719355,7.757962704,Nigeria,0.261480436783475,25.29891580661867,2025,OIL,Sterling Global,Utapate,OFFSHORE,Medium,261.480436783475
s_3992,3.989950194,7.290216182,Nigeria,0.440000504436097,42.571199029380125,2012,OIL,NEPL,Okono,OFFSHORE,Medium,440.000504436097
s_3992,3.989950194,7.290216182,Nigeria,0.472389352936261,45.70490479092244,2013,OIL,NEPL,Okono,OFFSHORE,Medium,472.389352936261
s_3992,3.989950194,7.290216182,Nigeria,0.425419532938095,41.160451920172406,2014,OIL,NEPL,Okono,OFFSHORE,Medium,425.41953293809496
s_3992,3.989950194,7.290216182,Nigeria,0.286017671337527,27.672957393616073,2015,OIL,NEPL,Okono,OFFSHORE,Medium,286.01767133752696
s_3992,3.989950194,7.290216182,Nigeria,0.251499631757879,24.333246829119133,2016,OIL,NEPL,Okono,OFFSHORE,Medium,251.49963175787897
s_3992,3.989950194,7.290216182,Nigeria,0.237476587042517,22.976480594633433,2017,OIL,NEPL,Okono,OFFSHORE,Medium,237.476587042517
s_3992,3.989950194,7.290216182,Nigeria,0.157773211594052,15.26497066380152,2018,OIL,NEPL,Okono,OFFSHORE,Medium,157.773211594052
s_3992,3.989950194,7.290216182,Nigeria,0.200057235157742,19.356060480163947,2019,OIL,NEPL,Okono,OFFSHORE,Medium,200.057235157742
s_3992,3.989950194,7.290216182,Nigeria,0.140862944102718,13.62885807812109,2020,OIL,NEPL,Okono,OFFSHORE,Medium,140.862944102718
s_3992,3.989950194,7.290216182,Nigeria,0.12060438909834,11.668789922644066,2021,OIL,NEPL,Okono,OFFSHORE,Medium,120.60438909834
s_3992,3.989950194,7.290216182,Nigeria,0.101139575889547,9.785518360846163,2022,OIL,NEPL,Okono,OFFSHORE,Medium,101.139575889547
s_3992,3.989950194,7.290216182,Nigeria,0.0912680340595671,8.83042088315234,2023,OIL,NEPL,Okono,OFFSHORE,Medium,91.2680340595671
s_3992,3.989950194,7.290216182,Nigeria,0.0847262600200183,8.197487143679071,2024,OIL,NEPL,Okono,OFFSHORE,Medium,84.7262600200183
s_3992,3.989950194,7.290216182,Nigeria,0.121423744823726,11.748064730989965,2025,OIL,NEPL,Okono,OFFSHORE,Medium,121.42374482372601
s_3995,5.558248904,5.616450213,Nigeria,0.0,0.0,2012,OIL,NEPL,Warri River (OML 42),ONSHORE,Small,0.0
s_3995,5.558248904,5.616450213,Nigeria,0.0010314072260654,0.09979134537003234,2013,OIL,NEPL,Warri River (OML 42),ONSHORE,Small,1.0314072260654
s_3995,5.558248904,5.616450213,Nigeria,0.0003493031502648,0.03379599291725798,2014,OIL,NEPL,Warri River (OML 42),ONSHORE,Small,0.34930315026479997
s_3995,5.558248904,5.616450213,Nigeria,0.0025490252977505,0.24662486107949802,2015,OIL,NEPL,Warri River (OML 42),ONSHORE,Small,2.5490252977505
s_3995,5.558248904,5.616450213,Nigeria,0.000925529788872,0.08954742654258122,2016,OIL,NEPL,Warri River (OML 42),ONSHORE,Small,0.925529788872
s_3995,5.558248904,5.616450213,Nigeria,0.0006914208543054,0.06689677512852517,2017,OIL,NEPL,Warri River (OML 42),ONSHORE,Small,0.6914208543054
s_3995,5.558248904,5.616450213,Nigeria,0.0108234204948325,1.047194226867313,2018,OIL,NEPL,Warri River (OML 42),ONSHORE,Small,10.823420494832499
s_3995,5.558248904,5.616450213,Nigeria,0.0236226738101507,2.285555444230416,2019,OIL,NEPL,Warri River (OML 42),ONSHORE,Small,23.6226738101507
s_3995,5.558248904,5.616450213,Nigeria,0.0026480800700327,0.2562086692413541,2020,OIL,NEPL,Warri River (OML 42),ONSHORE,Small,2.6480800700327
s_3995,5.558248904,5.616450213,Nigeria,0.0020424369924768,0.1976111182489027,2021,OIL,NEPL,Warri River (OML 42),ONSHORE,Small,2.0424369924767998
s_3995,5.558248904,5.616450213,Nigeria,0.0032670511858371,0.3160957427757745,2022,OIL,NEPL,Warri River (OML 42),ONSHORE,Small,3.2670511858371
s_3995,5.558248904,5.616450213,Nigeria,0.0,0.0,2023,OIL,NEPL,Warri River (OML 42),ONSHORE,Small,0.0
s_3995,5.558248904,5.616450213,Nigeria,0.0,0.0,2024,OIL,NEPL,Warri River (OML 42),ONSHORE,Small,0.0
s_3995,5.558248904,5.616450213,Nigeria,0.0,0.0,2025,OIL,NEPL,Warri River (OML 42),ONSHORE,Small,0.0
s_3997,5.881612391,4.833959223,Nigeria,0.151756451701571,14.682833415520252,2012,OIL,Chevron,Parabe,OFFSHORE,Medium,151.75645170157102
s_3997,5.881612391,4.833959223,Nigeria,0.158850591962589,15.369210030886148,2013,OIL,Chevron,Parabe,OFFSHORE,Medium,158.850591962589
s_3997,5.881612391,4.833959223,Nigeria,0.141068927099316,13.648787471511401,2014,OIL,Chevron,Parabe,OFFSHORE,Medium,141.068927099316
s_3997,5.881612391,4.833959223,Nigeria,0.0981627273091691,9.497500478780301,2015,OIL,Chevron,Parabe,OFFSHORE,Medium,98.1627273091691
s_3997,5.881612391,4.833959223,Nigeria,0.0025026388845339,0.2421368543399745,2016,OIL,Chevron,Parabe,OFFSHORE,Small,2.5026388845339
s_3997,5.881612391,4.833959223,Nigeria,0.0,0.0,2017,OIL,Chevron,Parabe,OFFSHORE,Small,0.0
s_3997,5.881612391,4.833959223,Nigeria,0.0,0.0,2018,OIL,Chevron,Parabe,OFFSHORE,Small,0.0
s_3997,5.881612391,4.833959223,Nigeria,0.0,0.0,2019,OIL,Chevron,Parabe,OFFSHORE,Small,0.0
s_3997,5.881612391,4.833959223,Nigeria,0.0,0.0,2020,OIL,Chevron,Parabe,OFFSHORE,Small,0.0
s_3997,5.881612391,4.833959223,Nigeria,0.0038425019691999,0.3717721103780038,2021,OIL,Chevron,Parabe,OFFSHORE,Small,3.8425019691999
s_3997,5.881612391,4.833959223,Nigeria,0.0,0.0,2022,OIL,Chevron,Parabe,OFFSHORE,Small,0.0
s_3997,5.881612391,4.833959223,Nigeria,0.0,0.0,2023,OIL,Chevron,Parabe,OFFSHORE,Small,0.0
s_3997,5.881612391,4.833959223,Nigeria,0.0,0.0,2024,OIL,Chevron,Parabe,OFFSHORE,Small,0.0
s_3997,5.881612391,4.833959223,Nigeria,0.0,0.0,2025,OIL,Chevron,Parabe,OFFSHORE,Small,0.0
s_3998a,5.581686438,5.223788185,Nigeria,0.0001042907287925,0.010090400641777967,2012,OIL,Renaissance Africa Energy ,Escravos Beach,OFFSHORE,Small,0.1042907287925
s_3998a,5.581686438,5.223788185,Nigeria,0.0,0.0,2013,OIL,Renaissance Africa Energy ,Escravos Beach,OFFSHORE,Small,0.0
s_3998a,5.581686438,5.223788185,Nigeria,1.36489964736059e-05,0.0013205760892794,2014,OIL,Renaissance Africa Energy ,Escravos Beach,OFFSHORE,Small,0.013648996473605901
s_3998a,5.581686438,5.223788185,Nigeria,5.82096538186126e-05,0.005631936175435388,2015,OIL,Renaissance Africa Energy ,Escravos Beach,OFFSHORE,Small,0.058209653818612594
s_3998a,5.581686438,5.223788185,Nigeria,0.0,0.0,2016,OIL,Renaissance Africa Energy ,Escravos Beach,OFFSHORE,Small,0.0
s_3998a,5.581686438,5.223788185,Nigeria,0.0,0.0,2017,OIL,Renaissance Africa Energy ,Escravos Beach,OFFSHORE,Small,0.0
s_3998a,5.581686438,5.223788185,Nigeria,0.0,0.0,2018,OIL,Renaissance Africa Energy ,Escravos Beach,OFFSHORE,Small,0.0
s_3998a,5.581686438,5.223788185,Nigeria,0.0002664364144359,0.025778419600135764,2019,OIL,Renaissance Africa Energy ,Escravos Beach,OFFSHORE,Small,0.2664364144359
s_3998a,5.581686438,5.223788185,Nigeria,0.0041729862907421,0.40374733242120026,2020,OIL,Renaissance Africa Energy ,Escravos Beach,OFFSHORE,Small,4.1729862907421
s_3998a,5.581686438,5.223788185,Nigeria,0.0021935140477763,0.21222821828648178,2021,OIL,Renaissance Africa Energy ,Escravos Beach,OFFSHORE,Small,2.1935140477762998
s_3998a,5.581686438,5.223788185,Nigeria,0.0001192563527916,0.011538363886004389,2022,OIL,Renaissance Africa Energy ,Escravos Beach,OFFSHORE,Small,0.11925635279159999
s_3998a,5.581686438,5.223788185,Nigeria,0.0,0.0,2023,OIL,Renaissance Africa Energy ,Escravos Beach,OFFSHORE,Small,0.0
s_3998a,5.581686438,5.223788185,Nigeria,0.0,0.0,2024,OIL,Renaissance Africa Energy ,Escravos Beach,OFFSHORE,Small,0.0
s_3998a,5.581686438,5.223788185,Nigeria,0.0,0.0,2025,OIL,Renaissance Africa Energy ,Escravos Beach,OFFSHORE,Small,0.0
s_3998b,5.589587377,5.222446514,Nigeria,0.0004132438095877,0.03998241885691346,2012,OIL,Renaissance Africa Energy ,Saghara,OFFSHORE,Small,0.41324380958769996
s_3998b,5.589587377,5.222446514,Nigeria,0.0,0.0,2013,OIL,Renaissance Africa Energy ,Saghara,OFFSHORE,Small,0.0
s_3998b,5.589587377,5.222446514,Nigeria,7.97369271153749e-05,0.0077147561423143735,2014,OIL,Renaissance Africa Energy ,Saghara,OFFSHORE,Small,0.0797369271153749
s_3998b,5.589587377,5.222446514,Nigeria,0.0001334885169256,0.012915362970911833,2015,OIL,Renaissance Africa Energy ,Saghara,OFFSHORE,Small,0.13348851692560001
s_3998b,5.589587377,5.222446514,Nigeria,3.46348562952481e-05,0.003351012887107101,2016,OIL,Renaissance Africa Energy ,Saghara,OFFSHORE,Small,0.0346348562952481
s_3998b,5.589587377,5.222446514,Nigeria,5.84602047258284e-05,0.0056561776306849575,2017,OIL,Renaissance Africa Energy ,Saghara,OFFSHORE,Small,0.0584602047258284
s_3998b,5.589587377,5.222446514,Nigeria,0.0008897310245878,0.0860838025149186,2018,OIL,Renaissance Africa Energy ,Saghara,OFFSHORE,Small,0.8897310245878001
s_3998b,5.589587377,5.222446514,Nigeria,0.0007058810016022,0.0682958321804146,2019,OIL,Renaissance Africa Energy ,Saghara,OFFSHORE,Small,0.7058810016022
s_3998b,5.589587377,5.222446514,Nigeria,0.000405409668848,0.03922444526076641,2020,OIL,Renaissance Africa Energy ,Saghara,OFFSHORE,Small,0.405409668848
s_3998b,5.589587377,5.222446514,Nigeria,0.0015521467512018,0.15017425571568674,2021,OIL,Renaissance Africa Energy ,Saghara,OFFSHORE,Small,1.5521467512018001
s_3998b,5.589587377,5.222446514,Nigeria,9.69062144373449e-05,0.009375929573724271,2022,OIL,Renaissance Africa Energy ,Saghara,OFFSHORE,Small,0.0969062144373449
s_3998b,5.589587377,5.222446514,Nigeria,3.62810183638877e-05,0.0035102833705545817,2023,OIL,Renaissance Africa Energy ,Saghara,OFFSHORE,Small,0.0362810183638877
s_3998b,5.589587377,5.222446514,Nigeria,5.27937516551086e-05,0.005107933483161965,2024,OIL,Renaissance Africa Energy ,Saghara,OFFSHORE,Small,0.0527937516551086
s_3998b,5.589587377,5.222446514,Nigeria,9.44912024995023e-05,0.009142270855546239,2025,OIL,Renaissance Africa Energy ,Saghara,OFFSHORE,Small,0.0944912024995023
s_4000,4.607968545,7.15159116,Nigeria,0.0,0.0,2012,NA,NA,NA,ONSHORE,Small,0.0
s_4000,4.607968545,7.15159116,Nigeria,0.0,0.0,2013,NA,NA,NA,ONSHORE,Small,0.0
s_4000,4.607968545,7.15159116,Nigeria,0.0,0.0,2014,NA,NA,NA,ONSHORE,Small,0.0
s_4000,4.607968545,7.15159116,Nigeria,0.000197803944624,0.019138048730595873,2015,NA,NA,NA,ONSHORE,Small,0.197803944624
s_4000,4.607968545,7.15159116,Nigeria,0.0,0.0,2016,NA,NA,NA,ONSHORE,Small,0.0
s_4000,4.607968545,7.15159116,Nigeria,0.0006938361871838,0.06713046489854112,2017,NA,NA,NA,ONSHORE,Small,0.6938361871838
s_4000,4.607968545,7.15159116,Nigeria,4.47360262053571e-06,0.00043283274818345466,2018,NA,NA,NA,ONSHORE,Small,0.00447360262053571
s_4000,4.607968545,7.15159116,Nigeria,0.0002885479397444,0.027917767476469936,2019,NA,NA,NA,ONSHORE,Small,0.28854793974439996
s_4000,4.607968545,7.15159116,Nigeria,0.000223322624319,0.02160704770062006,2020,NA,NA,NA,ONSHORE,Small,0.22332262431900002
s_4000,4.607968545,7.15159116,Nigeria,0.0,0.0,2021,NA,NA,NA,ONSHORE,Small,0.0
s_4000,4.607968545,7.15159116,Nigeria,1.61720737965912e-05,0.0015646904159685923,2022,NA,NA,NA,ONSHORE,Small,0.0161720737965912
s_4000,4.607968545,7.15159116,Nigeria,5.38000440674363e-05,0.0052052949046491066,2023,NA,NA,NA,ONSHORE,Small,0.0538000440674363
s_4000,4.607968545,7.15159116,Nigeria,2.19284998782237e-05,0.0021216396874998997,2024,NA,NA,NA,ONSHORE,Small,0.021928499878223703
s_4000,4.607968545,7.15159116,Nigeria,0.0,0.0,2025,NA,NA,NA,ONSHORE,Small,0.0
s_4001,5.730386628,5.428002686,Nigeria,0.0,0.0,2012,OIL,NEPL,Makaraba,ONSHORE,Small,0.0
s_4001,5.730386628,5.428002686,Nigeria,0.0,0.0,2013,OIL,NEPL,Makaraba,ONSHORE,Small,0.0
s_4001,5.730386628,5.428002686,Nigeria,0.0,0.0,2014,OIL,NEPL,Makaraba,ONSHORE,Small,0.0
s_4001,5.730386628,5.428002686,Nigeria,0.0,0.0,2015,OIL,NEPL,Makaraba,ONSHORE,Small,0.0
s_4001,5.730386628,5.428002686,Nigeria,0.0,0.0,2016,OIL,NEPL,Makaraba,ONSHORE,Small,0.0
s_4001,5.730386628,5.428002686,Nigeria,0.0,0.0,2017,OIL,NEPL,Makaraba,ONSHORE,Small,0.0
s_4001,5.730386628,5.428002686,Nigeria,0.0003457980652051,0.03345686677493088,2018,OIL,NEPL,Makaraba,ONSHORE,Small,0.34579806520510004
s_4001,5.730386628,5.428002686,Nigeria,0.0002487270316021,0.024064990516068252,2019,OIL,NEPL,Makaraba,ONSHORE,Small,0.24872703160210002
s_4001,5.730386628,5.428002686,Nigeria,0.0001876892880686,0.018159429267680473,2020,OIL,NEPL,Makaraba,ONSHORE,Small,0.1876892880686
s_4001,5.730386628,5.428002686,Nigeria,0.0010124971394488,0.09796174505616495,2021,OIL,NEPL,Makaraba,ONSHORE,Small,1.0124971394488
s_4001,5.730386628,5.428002686,Nigeria,0.0006331042036335,0.061254486727828926,2022,OIL,NEPL,Makaraba,ONSHORE,Small,0.6331042036335001
s_4001,5.730386628,5.428002686,Nigeria,0.0,0.0,2023,OIL,NEPL,Makaraba,ONSHORE,Small,0.0
s_4001,5.730386628,5.428002686,Nigeria,0.0,0.0,2024,OIL,NEPL,Makaraba,ONSHORE,Small,0.0
s_4001,5.730386628,5.428002686,Nigeria,0.0,0.0,2025,OIL,NEPL,Makaraba,ONSHORE,Small,0.0
s_4002,4.644413227,8.046955685,Nigeria,0.0,0.0,2012,GAS,Frontier Oil Ltd,Uquo,ONSHORE,Small,0.0
s_4002,4.644413227,8.046955685,Nigeria,0.0,0.0,2013,GAS,Frontier Oil Ltd,Uquo,ONSHORE,Small,0.0
s_4002,4.644413227,8.046955685,Nigeria,0.0,0.0,2014,GAS,Frontier Oil Ltd,Uquo,ONSHORE,Small,0.0
s_4002,4.644413227,8.046955685,Nigeria,0.0,0.0,2015,GAS,Frontier Oil Ltd,Uquo,ONSHORE,Small,0.0
s_4002,4.644413227,8.046955685,Nigeria,0.0,0.0,2016,GAS,Frontier Oil Ltd,Uquo,ONSHORE,Small,0.0
s_4002,4.644413227,8.046955685,Nigeria,0.0,0.0,2017,GAS,Frontier Oil Ltd,Uquo,ONSHORE,Small,0.0
s_4002,4.644413227,8.046955685,Nigeria,0.0,0.0,2018,GAS,Frontier Oil Ltd,Uquo,ONSHORE,Small,0.0
s_4002,4.644413227,8.046955685,Nigeria,0.0,0.0,2019,GAS,Frontier Oil Ltd,Uquo,ONSHORE,Small,0.0
s_4002,4.644413227,8.046955685,Nigeria,0.0,0.0,2020,GAS,Frontier Oil Ltd,Uquo,ONSHORE,Small,0.0
s_4002,4.644413227,8.046955685,Nigeria,0.0,0.0,2021,GAS,Frontier Oil Ltd,Uquo,ONSHORE,Small,0.0
s_4002,4.644413227,8.046955685,Nigeria,0.0,0.0,2022,GAS,Frontier Oil Ltd,Uquo,ONSHORE,Small,0.0
s_4002,4.644413227,8.046955685,Nigeria,0.0,0.0,2023,GAS,Frontier Oil Ltd,Uquo,ONSHORE,Small,0.0
s_4002,4.644413227,8.046955685,Nigeria,0.0082938825420481,0.8024548173560335,2024,GAS,Frontier Oil Ltd,Uquo,ONSHORE,Small,8.2938825420481
s_4002,4.644413227,8.046955685,Nigeria,0.009794051855396,0.947600120082788,2025,GAS,Frontier Oil Ltd,Uquo,ONSHORE,Small,9.794051855396
s_4003,5.828339449,4.79662333,Nigeria,0.0190138064966242,1.8396354833985604,2012,OIL,Chevron,Malu,OFFSHORE,Small,19.013806496624202
s_4003,5.828339449,4.79662333,Nigeria,0.0149730522449295,1.4486819464289404,2013,OIL,Chevron,Malu,OFFSHORE,Small,14.9730522449295
s_4003,5.828339449,4.79662333,Nigeria,0.0368341080370613,3.563796242290818,2014,OIL,Chevron,Malu,OFFSHORE,Small,36.834108037061306
s_4003,5.828339449,4.79662333,Nigeria,0.0298804884942031,2.891015373748435,2015,OIL,Chevron,Malu,OFFSHORE,Small,29.8804884942031
s_4003,5.828339449,4.79662333,Nigeria,0.0,0.0,2016,OIL,Chevron,Malu,OFFSHORE,Small,0.0
s_4003,5.828339449,4.79662333,Nigeria,0.0,0.0,2017,OIL,Chevron,Malu,OFFSHORE,Small,0.0
s_4003,5.828339449,4.79662333,Nigeria,0.0,0.0,2018,OIL,Chevron,Malu,OFFSHORE,Small,0.0
s_4003,5.828339449,4.79662333,Nigeria,0.0,0.0,2019,OIL,Chevron,Malu,OFFSHORE,Small,0.0
s_4003,5.828339449,4.79662333,Nigeria,0.0,0.0,2020,OIL,Chevron,Malu,OFFSHORE,Small,0.0
s_4003,5.828339449,4.79662333,Nigeria,0.0,0.0,2021,OIL,Chevron,Malu,OFFSHORE,Small,0.0
s_4003,5.828339449,4.79662333,Nigeria,0.0,0.0,2022,OIL,Chevron,Malu,OFFSHORE,Small,0.0
s_4003,5.828339449,4.79662333,Nigeria,0.0,0.0,2023,OIL,Chevron,Malu,OFFSHORE,Small,0.0
s_4003,5.828339449,4.79662333,Nigeria,0.0,0.0,2024,OIL,Chevron,Malu,OFFSHORE,Small,0.0
s_4003,5.828339449,4.79662333,Nigeria,0.0,0.0,2025,OIL,Chevron,Malu,OFFSHORE,Small,0.0
s_4004a,4.422312989,6.797977334,Nigeria,0.0,0.0,2012,NA,NA,NA,ONSHORE,Small,0.0
s_4004a,4.422312989,6.797977334,Nigeria,0.0,0.0,2013,NA,NA,NA,ONSHORE,Small,0.0
s_4004a,4.422312989,6.797977334,Nigeria,0.0,0.0,2014,NA,NA,NA,ONSHORE,Small,0.0
s_4004a,4.422312989,6.797977334,Nigeria,0.0,0.0,2015,NA,NA,NA,ONSHORE,Small,0.0
s_4004a,4.422312989,6.797977334,Nigeria,0.0,0.0,2016,NA,NA,NA,ONSHORE,Small,0.0
s_4004a,4.422312989,6.797977334,Nigeria,0.0,0.0,2017,NA,NA,NA,ONSHORE,Small,0.0
s_4004a,4.422312989,6.797977334,Nigeria,0.0,0.0,2018,NA,NA,NA,ONSHORE,Small,0.0
s_4004a,4.422312989,6.797977334,Nigeria,0.0,0.0,2019,NA,NA,NA,ONSHORE,Small,0.0
s_4004a,4.422312989,6.797977334,Nigeria,1.06115850252218e-05,0.0010266985914138107,2020,NA,NA,NA,ONSHORE,Small,0.0106115850252218
s_4004a,4.422312989,6.797977334,Nigeria,0.0004997574132969,0.04835283617489672,2021,NA,NA,NA,ONSHORE,Small,0.49975741329690004
s_4004a,4.422312989,6.797977334,Nigeria,0.0004798544996589,0.04642717725131491,2022,NA,NA,NA,ONSHORE,Small,0.47985449965890004
s_4004a,4.422312989,6.797977334,Nigeria,0.0005463963480729,0.052865275035420184,2023,NA,NA,NA,ONSHORE,Small,0.5463963480729
s_4004a,4.422312989,6.797977334,Nigeria,0.0002013305572829,0.01947925772442185,2024,NA,NA,NA,ONSHORE,Small,0.2013305572829
s_4004a,4.422312989,6.797977334,Nigeria,0.0,0.0,2025,NA,NA,NA,ONSHORE,Small,0.0
s_4004b,4.42612758,6.790217861,Nigeria,0.0,0.0,2012,NA,NA,NA,ONSHORE,Small,0.0
s_4004b,4.42612758,6.790217861,Nigeria,0.0,0.0,2013,NA,NA,NA,ONSHORE,Small,0.0
s_4004b,4.42612758,6.790217861,Nigeria,0.0,0.0,2014,NA,NA,NA,ONSHORE,Small,0.0
s_4004b,4.42612758,6.790217861,Nigeria,0.0,0.0,2015,NA,NA,NA,ONSHORE,Small,0.0
s_4004b,4.42612758,6.790217861,Nigeria,0.0,0.0,2016,NA,NA,NA,ONSHORE,Small,0.0
s_4004b,4.42612758,6.790217861,Nigeria,0.0,0.0,2017,NA,NA,NA,ONSHORE,Small,0.0
s_4004b,4.42612758,6.790217861,Nigeria,0.0,0.0,2018,NA,NA,NA,ONSHORE,Small,0.0
s_4004b,4.42612758,6.790217861,Nigeria,0.0002261765843119,0.021883175790598827,2019,NA,NA,NA,ONSHORE,Small,0.2261765843119
s_4004b,4.42612758,6.790217861,Nigeria,0.0006715832137231,0.06497743154371559,2020,NA,NA,NA,ONSHORE,Small,0.6715832137231
s_4004b,4.42612758,6.790217861,Nigeria,0.000649669538378,0.06285722616854889,2021,NA,NA,NA,ONSHORE,Small,0.649669538378
s_4004b,4.42612758,6.790217861,Nigeria,0.00037854641829,0.03662535554484357,2022,NA,NA,NA,ONSHORE,Small,0.37854641829
s_4004b,4.42612758,6.790217861,Nigeria,0.0001001937841232,0.009694010535015125,2023,NA,NA,NA,ONSHORE,Small,0.1001937841232
s_4004b,4.42612758,6.790217861,Nigeria,0.0001121194942712,0.010847854167371551,2024,NA,NA,NA,ONSHORE,Small,0.1121194942712
s_4004b,4.42612758,6.790217861,Nigeria,0.0,0.0,2025,NA,NA,NA,ONSHORE,Small,0.0
s_4005,4.545162237,7.137307246,Nigeria,6.95024877926653e-05,0.0067245473835322285,2012,NA,NA,NA,ONSHORE,Small,0.0695024877926653
s_4005,4.545162237,7.137307246,Nigeria,0.0,0.0,2013,NA,NA,NA,ONSHORE,Small,0.0
s_4005,4.545162237,7.137307246,Nigeria,0.0,0.0,2014,NA,NA,NA,ONSHORE,Small,0.0
s_4005,4.545162237,7.137307246,Nigeria,0.0,0.0,2015,NA,NA,NA,ONSHORE,Small,0.0
s_4005,4.545162237,7.137307246,Nigeria,0.0,0.0,2016,NA,NA,NA,ONSHORE,Small,0.0
s_4005,4.545162237,7.137307246,Nigeria,5.09573683523458e-05,0.004930258598047146,2017,NA,NA,NA,ONSHORE,Small,0.050957368352345794
s_4005,4.545162237,7.137307246,Nigeria,0.0007128278184609,0.06896795487148147,2018,NA,NA,NA,ONSHORE,Small,0.7128278184609
s_4005,4.545162237,7.137307246,Nigeria,0.0016270784554668,0.1574240939856773,2019,NA,NA,NA,ONSHORE,Small,1.6270784554668
s_4005,4.545162237,7.137307246,Nigeria,0.0016304812759316,0.15775332576111334,2020,NA,NA,NA,ONSHORE,Small,1.6304812759316
s_4005,4.545162237,7.137307246,Nigeria,0.0011833037192461,0.11448772816474709,2021,NA,NA,NA,ONSHORE,Small,1.1833037192461
s_4005,4.545162237,7.137307246,Nigeria,0.0003440409276716,0.033286859125152175,2022,NA,NA,NA,ONSHORE,Small,0.3440409276716
s_4005,4.545162237,7.137307246,Nigeria,0.000103245473659,0.009989269475163196,2023,NA,NA,NA,ONSHORE,Small,0.103245473659
s_4005,4.545162237,7.137307246,Nigeria,0.0,0.0,2024,NA,NA,NA,ONSHORE,Small,0.0
s_4005,4.545162237,7.137307246,Nigeria,0.0,0.0,2025,NA,NA,NA,ONSHORE,Small,0.0
s_4006,4.640151474,6.954458824,Nigeria,0.0,0.0,2012,NA,NA,NA,ONSHORE,Small,0.0
s_4006,4.640151474,6.954458824,Nigeria,0.0,0.0,2013,NA,NA,NA,ONSHORE,Small,0.0
s_4006,4.640151474,6.954458824,Nigeria,0.0,0.0,2014,NA,NA,NA,ONSHORE,Small,0.0
s_4006,4.640151474,6.954458824,Nigeria,0.0,0.0,2015,NA,NA,NA,ONSHORE,Small,0.0
s_4006,4.640151474,6.954458824,Nigeria,0.0,0.0,2016,NA,NA,NA,ONSHORE,Small,0.0
s_4006,4.640151474,6.954458824,Nigeria,0.0,0.0,2017,NA,NA,NA,ONSHORE,Small,0.0
s_4006,4.640151474,6.954458824,Nigeria,6.38336164283068e-05,0.0061760692597779224,2018,NA,NA,NA,ONSHORE,Small,0.0638336164283068
s_4006,4.640151474,6.954458824,Nigeria,0.0,0.0,2019,NA,NA,NA,ONSHORE,Small,0.0
s_4006,4.640151474,6.954458824,Nigeria,0.000180063906421,0.017421653659420666,2020,NA,NA,NA,ONSHORE,Small,0.180063906421
s_4006,4.640151474,6.954458824,Nigeria,0.000969713943066,0.09382235896464343,2021,NA,NA,NA,ONSHORE,Small,0.969713943066
s_4006,4.640151474,6.954458824,Nigeria,0.0,0.0,2022,NA,NA,NA,ONSHORE,Small,0.0
s_4006,4.640151474,6.954458824,Nigeria,0.0,0.0,2023,NA,NA,NA,ONSHORE,Small,0.0
s_4006,4.640151474,6.954458824,Nigeria,0.0,0.0,2024,NA,NA,NA,ONSHORE,Small,0.0
s_4006,4.640151474,6.954458824,Nigeria,0.0,0.0,2025,NA,NA,NA,ONSHORE,Small,0.0
s_4007,4.468523445,6.841086136,Nigeria,0.0005919207677003,0.05726988164181223,2012,NA,NA,NA,OFFSHORE,Small,0.5919207677003
s_4007,4.468523445,6.841086136,Nigeria,6.05497975304876e-05,0.005858351197034646,2013,NA,NA,NA,OFFSHORE,Small,0.0605497975304876
s_4007,4.468523445,6.841086136,Nigeria,0.0,0.0,2014,NA,NA,NA,OFFSHORE,Small,0.0
s_4007,4.468523445,6.841086136,Nigeria,0.0,0.0,2015,NA,NA,NA,OFFSHORE,Small,0.0
s_4007,4.468523445,6.841086136,Nigeria,0.0,0.0,2016,NA,NA,NA,OFFSHORE,Small,0.0
s_4007,4.468523445,6.841086136,Nigeria,7.5534137891281e-05,0.007308125298182191,2017,NA,NA,NA,OFFSHORE,Small,0.075534137891281
s_4007,4.468523445,6.841086136,Nigeria,0.0008634667950663,0.08354266965020507,2018,NA,NA,NA,OFFSHORE,Small,0.8634667950663001
s_4007,4.468523445,6.841086136,Nigeria,0.0003246922939629,0.031414828233698344,2019,NA,NA,NA,OFFSHORE,Small,0.3246922939629
s_4007,4.468523445,6.841086136,Nigeria,6.2806312814427e-05,0.006076674949614284,2020,NA,NA,NA,OFFSHORE,Small,0.062806312814427
s_4007,4.468523445,6.841086136,Nigeria,0.0002378345385647,0.023011113340141876,2021,NA,NA,NA,OFFSHORE,Small,0.2378345385647
s_4007,4.468523445,6.841086136,Nigeria,0.0002098335286634,0.02030194243348668,2022,NA,NA,NA,OFFSHORE,Small,0.20983352866340002
s_4007,4.468523445,6.841086136,Nigeria,0.0005279736712142,0.05108283288978947,2023,NA,NA,NA,OFFSHORE,Small,0.5279736712142
s_4007,4.468523445,6.841086136,Nigeria,0.0,0.0,2024,NA,NA,NA,OFFSHORE,Small,0.0
s_4007,4.468523445,6.841086136,Nigeria,0.0,0.0,2025,NA,NA,NA,OFFSHORE,Small,0.0
s_4008,4.245033581,8.32281276,Nigeria,0.0142953756384601,1.383114963208007,2012,OIL,NNPC Limited,Ebughu (Conc),OFFSHORE,Small,14.295375638460099
s_4008,4.245033581,8.32281276,Nigeria,0.0,0.0,2013,OIL,NNPC Limited,Ebughu (Conc),OFFSHORE,Small,0.0
s_4008,4.245033581,8.32281276,Nigeria,0.0,0.0,2014,OIL,NNPC Limited,Ebughu (Conc),OFFSHORE,Small,0.0
s_4008,4.245033581,8.32281276,Nigeria,0.0,0.0,2015,OIL,NNPC Limited,Ebughu (Conc),OFFSHORE,Small,0.0
s_4008,4.245033581,8.32281276,Nigeria,0.0,0.0,2016,OIL,NNPC Limited,Ebughu (Conc),OFFSHORE,Small,0.0
s_4008,4.245033581,8.32281276,Nigeria,0.0,0.0,2017,OIL,NNPC Limited,Ebughu (Conc),OFFSHORE,Small,0.0
s_4008,4.245033581,8.32281276,Nigeria,0.0015710052819263,0.15199886786221886,2018,OIL,NNPC Limited,Ebughu (Conc),OFFSHORE,Small,1.5710052819262998
s_4008,4.245033581,8.32281276,Nigeria,0.0,0.0,2019,OIL,NNPC Limited,Ebughu (Conc),OFFSHORE,Small,0.0
s_4008,4.245033581,8.32281276,Nigeria,0.0,0.0,2020,OIL,NNPC Limited,Ebughu (Conc),OFFSHORE,Small,0.0
s_4008,4.245033581,8.32281276,Nigeria,0.0,0.0,2021,OIL,NNPC Limited,Ebughu (Conc),OFFSHORE,Small,0.0
s_4008,4.245033581,8.32281276,Nigeria,0.0,0.0,2022,OIL,NNPC Limited,Ebughu (Conc),OFFSHORE,Small,0.0
s_4008,4.245033581,8.32281276,Nigeria,0.0,0.0,2023,OIL,NNPC Limited,Ebughu (Conc),OFFSHORE,Small,0.0
s_4008,4.245033581,8.32281276,Nigeria,0.0,0.0,2024,OIL,NNPC Limited,Ebughu (Conc),OFFSHORE,Small,0.0
s_4008,4.245033581,8.32281276,Nigeria,0.0,0.0,2025,OIL,NNPC Limited,Ebughu (Conc),OFFSHORE,Small,0.0
s_4009a,5.032912367,6.701882761,Nigeria,0.0,0.0,2012,OIL,Renaissance Africa Energy ,Mini Nta,ONSHORE,Small,0.0
s_4009a,5.032912367,6.701882761,Nigeria,0.0,0.0,2013,OIL,Renaissance Africa Energy ,Mini Nta,ONSHORE,Small,0.0
s_4009a,5.032912367,6.701882761,Nigeria,0.0,0.0,2014,OIL,Renaissance Africa Energy ,Mini Nta,ONSHORE,Small,0.0
s_4009a,5.032912367,6.701882761,Nigeria,0.0,0.0,2015,OIL,Renaissance Africa Energy ,Mini Nta,ONSHORE,Small,0.0
s_4009a,5.032912367,6.701882761,Nigeria,0.0,0.0,2016,OIL,Renaissance Africa Energy ,Mini Nta,ONSHORE,Small,0.0
s_4009a,5.032912367,6.701882761,Nigeria,0.0,0.0,2017,OIL,Renaissance Africa Energy ,Mini Nta,ONSHORE,Small,0.0
s_4009a,5.032912367,6.701882761,Nigeria,0.0,0.0,2018,OIL,Renaissance Africa Energy ,Mini Nta,ONSHORE,Small,0.0
s_4009a,5.032912367,6.701882761,Nigeria,0.0,0.0,2019,OIL,Renaissance Africa Energy ,Mini Nta,ONSHORE,Small,0.0
s_4009a,5.032912367,6.701882761,Nigeria,0.0002549316303439,0.02466530166405915,2020,OIL,Renaissance Africa Energy ,Mini Nta,ONSHORE,Small,0.2549316303439
s_4009a,5.032912367,6.701882761,Nigeria,0.0028572490623338,0.27644631604459374,2021,OIL,Renaissance Africa Energy ,Mini Nta,ONSHORE,Small,2.8572490623338003
s_4009a,5.032912367,6.701882761,Nigeria,0.0006046981324324,0.05850612508152903,2022,OIL,Renaissance Africa Energy ,Mini Nta,ONSHORE,Small,0.6046981324324
s_4009a,5.032912367,6.701882761,Nigeria,2.53154329834649e-06,0.00024493343193667596,2023,OIL,Renaissance Africa Energy ,Mini Nta,ONSHORE,Small,0.0025315432983464897
s_4009a,5.032912367,6.701882761,Nigeria,0.0,0.0,2024,OIL,Renaissance Africa Energy ,Mini Nta,ONSHORE,Small,0.0
s_4009a,5.032912367,6.701882761,Nigeria,0.0,0.0,2025,OIL,Renaissance Africa Energy ,Mini Nta,ONSHORE,Small,0.0
s_4009b,5.043429142,6.703108433,Nigeria,0.0,0.0,2012,OIL,Renaissance Africa Energy ,Mini Nta,ONSHORE,Small,0.0
s_4009b,5.043429142,6.703108433,Nigeria,0.0,0.0,2013,OIL,Renaissance Africa Energy ,Mini Nta,ONSHORE,Small,0.0
s_4009b,5.043429142,6.703108433,Nigeria,0.0,0.0,2014,OIL,Renaissance Africa Energy ,Mini Nta,ONSHORE,Small,0.0
s_4009b,5.043429142,6.703108433,Nigeria,7.29562741796002e-05,0.007058710245167138,2015,OIL,Renaissance Africa Energy ,Mini Nta,ONSHORE,Small,0.07295627417960021
s_4009b,5.043429142,6.703108433,Nigeria,0.0,0.0,2016,OIL,Renaissance Africa Energy ,Mini Nta,ONSHORE,Small,0.0
s_4009b,5.043429142,6.703108433,Nigeria,0.0,0.0,2017,OIL,Renaissance Africa Energy ,Mini Nta,ONSHORE,Small,0.0
s_4009b,5.043429142,6.703108433,Nigeria,0.0,0.0,2018,OIL,Renaissance Africa Energy ,Mini Nta,ONSHORE,Small,0.0
s_4009b,5.043429142,6.703108433,Nigeria,0.0,0.0,2019,OIL,Renaissance Africa Energy ,Mini Nta,ONSHORE,Small,0.0
s_4009b,5.043429142,6.703108433,Nigeria,3.4691034719381e-05,0.003356448296500514,2020,OIL,Renaissance Africa Energy ,Mini Nta,ONSHORE,Small,0.034691034719381
s_4009b,5.043429142,6.703108433,Nigeria,0.0021848734888993,0.21139222162745688,2021,OIL,Renaissance Africa Energy ,Mini Nta,ONSHORE,Small,2.1848734888992998
s_4009b,5.043429142,6.703108433,Nigeria,0.0021690865669249,0.20986479565712807,2022,OIL,Renaissance Africa Energy ,Mini Nta,ONSHORE,Small,2.1690865669249
s_4009b,5.043429142,6.703108433,Nigeria,0.0,0.0,2023,OIL,Renaissance Africa Energy ,Mini Nta,ONSHORE,Small,0.0
s_4009b,5.043429142,6.703108433,Nigeria,0.0,0.0,2024,OIL,Renaissance Africa Energy ,Mini Nta,ONSHORE,Small,0.0
s_4009b,5.043429142,6.703108433,Nigeria,0.0,0.0,2025,OIL,Renaissance Africa Energy ,Mini Nta,ONSHORE,Small,0.0
s_4012,5.869887338,4.939420786,Nigeria,0.0588286896145889,5.691829506945523,2012,OIL,NEPL,*,OFFSHORE,Medium,58.828689614588896
s_4012,5.869887338,4.939420786,Nigeria,0.03588517621081,3.4719846074554663,2013,OIL,NEPL,*,OFFSHORE,Small,35.88517621081
s_4012,5.869887338,4.939420786,Nigeria,0.0,0.0,2014,OIL,NEPL,*,OFFSHORE,Small,0.0
s_4012,5.869887338,4.939420786,Nigeria,0.0,0.0,2015,OIL,NEPL,*,OFFSHORE,Small,0.0
s_4012,5.869887338,4.939420786,Nigeria,0.0,0.0,2016,OIL,NEPL,*,OFFSHORE,Small,0.0
s_4012,5.869887338,4.939420786,Nigeria,0.0,0.0,2017,OIL,NEPL,*,OFFSHORE,Small,0.0
s_4012,5.869887338,4.939420786,Nigeria,0.0098714639468377,0.9550899422962165,2018,OIL,NEPL,*,OFFSHORE,Small,9.8714639468377
s_4012,5.869887338,4.939420786,Nigeria,0.0,0.0,2019,OIL,NEPL,*,OFFSHORE,Small,0.0
s_4012,5.869887338,4.939420786,Nigeria,0.0,0.0,2020,OIL,NEPL,*,OFFSHORE,Small,0.0
s_4012,5.869887338,4.939420786,Nigeria,0.0,0.0,2021,OIL,NEPL,*,OFFSHORE,Small,0.0
s_4012,5.869887338,4.939420786,Nigeria,0.0,0.0,2022,OIL,NEPL,*,OFFSHORE,Small,0.0
s_4012,5.869887338,4.939420786,Nigeria,0.0,0.0,2023,OIL,NEPL,*,OFFSHORE,Small,0.0
s_4012,5.869887338,4.939420786,Nigeria,0.0,0.0,2024,OIL,NEPL,*,OFFSHORE,Small,0.0
s_4012,5.869887338,4.939420786,Nigeria,0.0,0.0,2025,OIL,NEPL,*,OFFSHORE,Small,0.0
s_4015,4.686990108,6.801330099,Nigeria,0.0,0.0,2012,OIL,SEPLAT Energy,Idama,ONSHORE,Small,0.0
s_4015,4.686990108,6.801330099,Nigeria,0.0,0.0,2013,OIL,SEPLAT Energy,Idama,ONSHORE,Small,0.0
s_4015,4.686990108,6.801330099,Nigeria,0.0,0.0,2014,OIL,SEPLAT Energy,Idama,ONSHORE,Small,0.0
s_4015,4.686990108,6.801330099,Nigeria,0.0,0.0,2015,OIL,SEPLAT Energy,Idama,ONSHORE,Small,0.0
s_4015,4.686990108,6.801330099,Nigeria,0.0,0.0,2016,OIL,SEPLAT Energy,Idama,ONSHORE,Small,0.0
s_4015,4.686990108,6.801330099,Nigeria,0.0004498682677243,0.043525930923279374,2017,OIL,SEPLAT Energy,Idama,ONSHORE,Small,0.4498682677243
s_4015,4.686990108,6.801330099,Nigeria,0.0015200408241953,0.14706792334825425,2018,OIL,SEPLAT Energy,Idama,ONSHORE,Small,1.5200408241953
s_4015,4.686990108,6.801330099,Nigeria,0.0006413035648429,0.06204779635915876,2019,OIL,SEPLAT Energy,Idama,ONSHORE,Small,0.6413035648429
s_4015,4.686990108,6.801330099,Nigeria,0.0019399461856723,0.1876948647647211,2020,OIL,SEPLAT Energy,Idama,ONSHORE,Small,1.9399461856723
s_4015,4.686990108,6.801330099,Nigeria,0.004469250351246,0.4324116547522116,2021,OIL,SEPLAT Energy,Idama,ONSHORE,Small,4.469250351246
s_4015,4.686990108,6.801330099,Nigeria,0.0003797703161065,0.03674377085803649,2022,OIL,SEPLAT Energy,Idama,ONSHORE,Small,0.3797703161065
s_4015,4.686990108,6.801330099,Nigeria,0.0002626431770153,0.025411413963619484,2023,OIL,SEPLAT Energy,Idama,ONSHORE,Small,0.2626431770153
s_4015,4.686990108,6.801330099,Nigeria,5.92378718095082e-05,0.0057314189539656194,2024,OIL,SEPLAT Energy,Idama,ONSHORE,Small,0.0592378718095082
s_4015,4.686990108,6.801330099,Nigeria,0.0,0.0,2025,OIL,SEPLAT Energy,Idama,ONSHORE,Small,0.0
s_4016,5.576325743,5.427046213,Nigeria,0.0,0.0,2012,OIL,NEPL,Egwa,ONSHORE,Small,0.0
s_4016,5.576325743,5.427046213,Nigeria,3.29889454168432e-05,0.003191766706971475,2013,OIL,NEPL,Egwa,ONSHORE,Small,0.0329889454168432
s_4016,5.576325743,5.427046213,Nigeria,0.0,0.0,2014,OIL,NEPL,Egwa,ONSHORE,Small,0.0
s_4016,5.576325743,5.427046213,Nigeria,0.0,0.0,2015,OIL,NEPL,Egwa,ONSHORE,Small,0.0
s_4016,5.576325743,5.427046213,Nigeria,0.0,0.0,2016,OIL,NEPL,Egwa,ONSHORE,Small,0.0
s_4016,5.576325743,5.427046213,Nigeria,0.0,0.0,2017,OIL,NEPL,Egwa,ONSHORE,Small,0.0
s_4016,5.576325743,5.427046213,Nigeria,0.0002220277364324,0.02148176391256661,2018,OIL,NEPL,Egwa,ONSHORE,Small,0.2220277364324
s_4016,5.576325743,5.427046213,Nigeria,0.0,0.0,2019,OIL,NEPL,Egwa,ONSHORE,Small,0.0
s_4016,5.576325743,5.427046213,Nigeria,3.48154709471334e-05,0.003368487826829921,2020,OIL,NEPL,Egwa,ONSHORE,Small,0.0348154709471334
s_4016,5.576325743,5.427046213,Nigeria,0.0008124112563369,0.07860291281154631,2021,OIL,NEPL,Egwa,ONSHORE,Small,0.8124112563369
s_4016,5.576325743,5.427046213,Nigeria,0.0023183050443626,0.2243020734279857,2022,OIL,NEPL,Egwa,ONSHORE,Small,2.3183050443626
s_4016,5.576325743,5.427046213,Nigeria,6.41497777540107e-05,0.006206658694531373,2023,OIL,NEPL,Egwa,ONSHORE,Small,0.0641497777540107
s_4016,5.576325743,5.427046213,Nigeria,0.0,0.0,2024,OIL,NEPL,Egwa,ONSHORE,Small,0.0
s_4016,5.576325743,5.427046213,Nigeria,0.0,0.0,2025,OIL,NEPL,Egwa,ONSHORE,Small,0.0
s_4017,5.68607205,5.052930841,Nigeria,0.129016323432459,12.48266655948748,2012,OIL,NEPL,Delta,OFFSHORE,Medium,129.016323432459
s_4017,5.68607205,5.052930841,Nigeria,0.111064048025653,10.74573698402519,2013,OIL,NEPL,Delta,OFFSHORE,Medium,111.06404802565301
s_4017,5.68607205,5.052930841,Nigeria,0.0945058501784851,9.143688056778984,2014,OIL,NEPL,Delta,OFFSHORE,Medium,94.5058501784851
s_4017,5.68607205,5.052930841,Nigeria,0.0451488966334277,4.368273775053607,2015,OIL,NEPL,Delta,OFFSHORE,Small,45.1488966334277
s_4017,5.68607205,5.052930841,Nigeria,0.0,0.0,2016,OIL,NEPL,Delta,OFFSHORE,Small,0.0
s_4017,5.68607205,5.052930841,Nigeria,0.0,0.0,2017,OIL,NEPL,Delta,OFFSHORE,Small,0.0
s_4017,5.68607205,5.052930841,Nigeria,3.5964595041725e-06,0.0003479668586958845,2018,OIL,NEPL,Delta,OFFSHORE,Small,0.0035964595041725
s_4017,5.68607205,5.052930841,Nigeria,0.0,0.0,2019,OIL,NEPL,Delta,OFFSHORE,Small,0.0
s_4017,5.68607205,5.052930841,Nigeria,0.0,0.0,2020,OIL,NEPL,Delta,OFFSHORE,Small,0.0
s_4017,5.68607205,5.052930841,Nigeria,0.0,0.0,2021,OIL,NEPL,Delta,OFFSHORE,Small,0.0
s_4017,5.68607205,5.052930841,Nigeria,0.0,0.0,2022,OIL,NEPL,Delta,OFFSHORE,Small,0.0
s_4017,5.68607205,5.052930841,Nigeria,0.0,0.0,2023,OIL,NEPL,Delta,OFFSHORE,Small,0.0
s_4017,5.68607205,5.052930841,Nigeria,3.05284860586826e-05,0.0029537108320715215,2024,OIL,NEPL,Delta,OFFSHORE,Small,0.030528486058682597
s_4017,5.68607205,5.052930841,Nigeria,0.0,0.0,2025,OIL,NEPL,Delta,OFFSHORE,Small,0.0
s_4018a,4.45497022,6.935721034,Nigeria,0.0,0.0,2012,NA,NA,NA,ONSHORE,Small,0.0
s_4018a,4.45497022,6.935721034,Nigeria,0.0,0.0,2013,NA,NA,NA,ONSHORE,Small,0.0
s_4018a,4.45497022,6.935721034,Nigeria,0.0,0.0,2014,NA,NA,NA,ONSHORE,Small,0.0
s_4018a,4.45497022,6.935721034,Nigeria,0.0,0.0,2015,NA,NA,NA,ONSHORE,Small,0.0
s_4018a,4.45497022,6.935721034,Nigeria,0.0,0.0,2016,NA,NA,NA,ONSHORE,Small,0.0
s_4018a,4.45497022,6.935721034,Nigeria,0.0,0.0,2017,NA,NA,NA,ONSHORE,Small,0.0
s_4018a,4.45497022,6.935721034,Nigeria,0.0,0.0,2018,NA,NA,NA,ONSHORE,Small,0.0
s_4018a,4.45497022,6.935721034,Nigeria,4.49745384570834e-05,0.004351404165694714,2019,NA,NA,NA,ONSHORE,Small,0.0449745384570834
s_4018a,4.45497022,6.935721034,Nigeria,0.0009780505245128,0.09462894501265534,2020,NA,NA,NA,ONSHORE,Small,0.9780505245128001
s_4018a,4.45497022,6.935721034,Nigeria,0.0024012333101256,0.23232559992708027,2021,NA,NA,NA,ONSHORE,Small,2.4012333101256003
s_4018a,4.45497022,6.935721034,Nigeria,0.0001239135673176,0.011988961566029688,2022,NA,NA,NA,ONSHORE,Small,0.1239135673176
s_4018a,4.45497022,6.935721034,Nigeria,0.0,0.0,2023,NA,NA,NA,ONSHORE,Small,0.0
s_4018a,4.45497022,6.935721034,Nigeria,0.0,0.0,2024,NA,NA,NA,ONSHORE,Small,0.0
s_4018a,4.45497022,6.935721034,Nigeria,0.0,0.0,2025,NA,NA,NA,ONSHORE,Small,0.0
s_4018b,4.442333354,6.938926463,Nigeria,0.0004041719578,0.03910469348131607,2012,NA,NA,NA,ONSHORE,Small,0.4041719578
s_4018b,4.442333354,6.938926463,Nigeria,0.0011743783460134,0.11362417497226215,2013,NA,NA,NA,ONSHORE,Small,1.1743783460134
s_4018b,4.442333354,6.938926463,Nigeria,4.84850300961883e-05,0.00469105340871283,2014,NA,NA,NA,ONSHORE,Small,0.0484850300961883
s_4018b,4.442333354,6.938926463,Nigeria,2.96358915318251e-05,0.002867349978226399,2015,NA,NA,NA,ONSHORE,Small,0.0296358915318251
s_4018b,4.442333354,6.938926463,Nigeria,0.0003203434147643,0.030994062802632304,2016,NA,NA,NA,ONSHORE,Small,0.3203434147643
s_4018b,4.442333354,6.938926463,Nigeria,0.0006475126789893,0.06264854438434865,2017,NA,NA,NA,ONSHORE,Small,0.6475126789893001
s_4018b,4.442333354,6.938926463,Nigeria,0.0011278999157084,0.10912726533888992,2018,NA,NA,NA,ONSHORE,Small,1.1278999157084
s_4018b,4.442333354,6.938926463,Nigeria,7.94429871742059e-05,0.007686316684604598,2019,NA,NA,NA,ONSHORE,Small,0.07944298717420589
s_4018b,4.442333354,6.938926463,Nigeria,0.0,0.0,2020,NA,NA,NA,ONSHORE,Small,0.0
s_4018b,4.442333354,6.938926463,Nigeria,5.94324214314347e-06,0.000575024213846796,2021,NA,NA,NA,ONSHORE,Small,0.00594324214314347
s_4018b,4.442333354,6.938926463,Nigeria,2.41829783195032e-05,0.00233976637022759,2022,NA,NA,NA,ONSHORE,Small,0.024182978319503202
s_4018b,4.442333354,6.938926463,Nigeria,0.0001712505614602,0.01656893949510022,2023,NA,NA,NA,ONSHORE,Small,0.17125056146019998
s_4018b,4.442333354,6.938926463,Nigeria,0.0,0.0,2024,NA,NA,NA,ONSHORE,Small,0.0
s_4018b,4.442333354,6.938926463,Nigeria,0.0,0.0,2025,NA,NA,NA,ONSHORE,Small,0.0
s_4019,5.686854066,5.342559624,Nigeria,0.0,0.0,2012,OIL,NEPL,Jones Creek,ONSHORE,Small,0.0
s_4019,5.686854066,5.342559624,Nigeria,0.0,0.0,2013,OIL,NEPL,Jones Creek,ONSHORE,Small,0.0
s_4019,5.686854066,5.342559624,Nigeria,0.0,0.0,2014,OIL,NEPL,Jones Creek,ONSHORE,Small,0.0
s_4019,5.686854066,5.342559624,Nigeria,0.0,0.0,2015,OIL,NEPL,Jones Creek,ONSHORE,Small,0.0
s_4019,5.686854066,5.342559624,Nigeria,0.0,0.0,2016,OIL,NEPL,Jones Creek,ONSHORE,Small,0.0
s_4019,5.686854066,5.342559624,Nigeria,0.0,0.0,2017,OIL,NEPL,Jones Creek,ONSHORE,Small,0.0
s_4019,5.686854066,5.342559624,Nigeria,0.0002575817132579,0.024921704113690067,2018,OIL,NEPL,Jones Creek,ONSHORE,Small,0.2575817132579
s_4019,5.686854066,5.342559624,Nigeria,7.6556321693399e-05,0.007407024253173944,2019,OIL,NEPL,Jones Creek,ONSHORE,Small,0.076556321693399
s_4019,5.686854066,5.342559624,Nigeria,1.31574061692236e-05,0.001273013442241999,2020,OIL,NEPL,Jones Creek,ONSHORE,Small,0.0131574061692236
s_4019,5.686854066,5.342559624,Nigeria,0.0001705862806388,0.01650466858910328,2021,OIL,NEPL,Jones Creek,ONSHORE,Small,0.17058628063880002
s_4019,5.686854066,5.342559624,Nigeria,7.37747497806e-05,0.007137899899177896,2022,OIL,NEPL,Jones Creek,ONSHORE,Small,0.0737747497806
s_4019,5.686854066,5.342559624,Nigeria,0.0,0.0,2023,OIL,NEPL,Jones Creek,ONSHORE,Small,0.0
s_4019,5.686854066,5.342559624,Nigeria,0.0,0.0,2024,OIL,NEPL,Jones Creek,ONSHORE,Small,0.0
s_4019,5.686854066,5.342559624,Nigeria,0.0,0.0,2025,OIL,NEPL,Jones Creek,ONSHORE,Small,0.0
s_4020,5.514751383,5.182599931,Nigeria,6.19342173252403e-05,0.005992297431251271,2012,OIL,Renaissance Africa Energy ,Escravos Beach,OFFSHORE,Small,0.06193421732524031
s_4020,5.514751383,5.182599931,Nigeria,0.0,0.0,2013,OIL,Renaissance Africa Energy ,Escravos Beach,OFFSHORE,Small,0.0
s_4020,5.514751383,5.182599931,Nigeria,9.86336256446204e-05,0.009543061123731818,2014,OIL,Renaissance Africa Energy ,Escravos Beach,OFFSHORE,Small,0.0986336256446204
s_4020,5.514751383,5.182599931,Nigeria,0.0,0.0,2015,OIL,Renaissance Africa Energy ,Escravos Beach,OFFSHORE,Small,0.0
s_4020,5.514751383,5.182599931,Nigeria,5.24672612145244e-05,0.00507634467954204,2016,OIL,Renaissance Africa Energy ,Escravos Beach,OFFSHORE,Small,0.0524672612145244
s_4020,5.514751383,5.182599931,Nigeria,0.0,0.0,2017,OIL,Renaissance Africa Energy ,Escravos Beach,OFFSHORE,Small,0.0
s_4020,5.514751383,5.182599931,Nigeria,0.0,0.0,2018,OIL,Renaissance Africa Energy ,Escravos Beach,OFFSHORE,Small,0.0
s_4020,5.514751383,5.182599931,Nigeria,0.0021554651359178,0.20854688659879325,2019,OIL,Renaissance Africa Energy ,Escravos Beach,OFFSHORE,Small,2.1554651359178
s_4020,5.514751383,5.182599931,Nigeria,0.0010937155546633,0.10581983904489461,2020,OIL,Renaissance Africa Energy ,Escravos Beach,OFFSHORE,Small,1.0937155546633
s_4020,5.514751383,5.182599931,Nigeria,0.0033614300023222,0.32522713999063396,2021,OIL,Renaissance Africa Energy ,Escravos Beach,OFFSHORE,Small,3.3614300023222
s_4020,5.514751383,5.182599931,Nigeria,0.002833293569033,0.27412855944460457,2022,OIL,Renaissance Africa Energy ,Escravos Beach,OFFSHORE,Small,2.833293569033
s_4020,5.514751383,5.182599931,Nigeria,0.0002767614384588,0.026777392665462887,2023,OIL,Renaissance Africa Energy ,Escravos Beach,OFFSHORE,Small,0.2767614384588
s_4020,5.514751383,5.182599931,Nigeria,1.41810805642785e-05,0.0013720566159970227,2024,OIL,Renaissance Africa Energy ,Escravos Beach,OFFSHORE,Small,0.0141810805642785
s_4020,5.514751383,5.182599931,Nigeria,0.0,0.0,2025,OIL,Renaissance Africa Energy ,Escravos Beach,OFFSHORE,Small,0.0
s_4022,4.666996295,6.962345031,Nigeria,0.0,0.0,2012,NA,NA,NA,ONSHORE,Small,0.0
s_4022,4.666996295,6.962345031,Nigeria,0.0,0.0,2013,NA,NA,NA,ONSHORE,Small,0.0
s_4022,4.666996295,6.962345031,Nigeria,0.0,0.0,2014,NA,NA,NA,ONSHORE,Small,0.0
s_4022,4.666996295,6.962345031,Nigeria,0.0,0.0,2015,NA,NA,NA,ONSHORE,Small,0.0
s_4022,4.666996295,6.962345031,Nigeria,0.0,0.0,2016,NA,NA,NA,ONSHORE,Small,0.0
s_4022,4.666996295,6.962345031,Nigeria,0.0006355259210615,0.061488794219708806,2017,NA,NA,NA,ONSHORE,Small,0.6355259210615001
s_4022,4.666996295,6.962345031,Nigeria,0.0027105784939837,0.26225555513856563,2018,NA,NA,NA,ONSHORE,Small,2.7105784939836997
s_4022,4.666996295,6.962345031,Nigeria,0.0020137774759806,0.19483823510775913,2019,NA,NA,NA,ONSHORE,Small,2.0137774759806
s_4022,4.666996295,6.962345031,Nigeria,0.0033266918778809,0.3218661356404384,2020,NA,NA,NA,ONSHORE,Small,3.3266918778809
s_4022,4.666996295,6.962345031,Nigeria,1.396357666234e-05,0.0013510125448977011,2021,NA,NA,NA,ONSHORE,Small,0.01396357666234
s_4022,4.666996295,6.962345031,Nigeria,0.0,0.0,2022,NA,NA,NA,ONSHORE,Small,0.0
s_4022,4.666996295,6.962345031,Nigeria,0.0,0.0,2023,NA,NA,NA,ONSHORE,Small,0.0
s_4022,4.666996295,6.962345031,Nigeria,0.0,0.0,2024,NA,NA,NA,ONSHORE,Small,0.0
s_4022,4.666996295,6.962345031,Nigeria,0.0,0.0,2025,NA,NA,NA,ONSHORE,Small,0.0
s_4023,4.927025802,6.859798846,Nigeria,0.0,0.0,2012,GAS,TotalEnergies,Ibewa,ONSHORE,Small,0.0
s_4023,4.927025802,6.859798846,Nigeria,0.0,0.0,2013,GAS,TotalEnergies,Ibewa,ONSHORE,Small,0.0
s_4023,4.927025802,6.859798846,Nigeria,0.0,0.0,2014,GAS,TotalEnergies,Ibewa,ONSHORE,Small,0.0
s_4023,4.927025802,6.859798846,Nigeria,0.0,0.0,2015,GAS,TotalEnergies,Ibewa,ONSHORE,Small,0.0
s_4023,4.927025802,6.859798846,Nigeria,0.0,0.0,2016,GAS,TotalEnergies,Ibewa,ONSHORE,Small,0.0
s_4023,4.927025802,6.859798846,Nigeria,0.0,0.0,2017,GAS,TotalEnergies,Ibewa,ONSHORE,Small,0.0
s_4023,4.927025802,6.859798846,Nigeria,0.0,0.0,2018,GAS,TotalEnergies,Ibewa,ONSHORE,Small,0.0
s_4023,4.927025802,6.859798846,Nigeria,0.0,0.0,2019,GAS,TotalEnergies,Ibewa,ONSHORE,Small,0.0
s_4023,4.927025802,6.859798846,Nigeria,9.85196053726328e-05,0.009532029364351475,2020,GAS,TotalEnergies,Ibewa,ONSHORE,Small,0.0985196053726328
s_4023,4.927025802,6.859798846,Nigeria,0.0049326440028453,0.47724620192271394,2021,GAS,TotalEnergies,Ibewa,ONSHORE,Small,4.932644002845301
s_4023,4.927025802,6.859798846,Nigeria,0.0010472684131388,0.10132595668282916,2022,GAS,TotalEnergies,Ibewa,ONSHORE,Small,1.0472684131388
s_4023,4.927025802,6.859798846,Nigeria,9.52151230242977e-06,0.0009212312058753528,2023,GAS,TotalEnergies,Ibewa,ONSHORE,Small,0.00952151230242977
s_4023,4.927025802,6.859798846,Nigeria,0.0006241598065925,0.060389092932159966,2024,GAS,TotalEnergies,Ibewa,ONSHORE,Small,0.6241598065925
s_4023,4.927025802,6.859798846,Nigeria,0.0,0.0,2025,GAS,TotalEnergies,Ibewa,ONSHORE,Small,0.0
s_4024,4.490973647,7.079297777,Nigeria,0.0001729288220474,0.016731315594128607,2012,OIL,NNPC Limited,Akaso,ONSHORE,Small,0.17292882204739998
s_4024,4.490973647,7.079297777,Nigeria,0.0003538761609589,0.03423844365642592,2013,OIL,NNPC Limited,Akaso,ONSHORE,Small,0.3538761609589
s_4024,4.490973647,7.079297777,Nigeria,0.0,0.0,2014,OIL,NNPC Limited,Akaso,ONSHORE,Small,0.0
s_4024,4.490973647,7.079297777,Nigeria,0.0,0.0,2015,OIL,NNPC Limited,Akaso,ONSHORE,Small,0.0
s_4024,4.490973647,7.079297777,Nigeria,0.0,0.0,2016,OIL,NNPC Limited,Akaso,ONSHORE,Small,0.0
s_4024,4.490973647,7.079297777,Nigeria,0.0001041199628314,0.010073878588634531,2017,OIL,NNPC Limited,Akaso,ONSHORE,Small,0.1041199628314
s_4024,4.490973647,7.079297777,Nigeria,7.55304448177281e-05,0.0073077679836617195,2018,OIL,NNPC Limited,Akaso,ONSHORE,Small,0.07553044481772811
s_4024,4.490973647,7.079297777,Nigeria,0.000426585472106,0.041273259582601446,2019,OIL,NNPC Limited,Akaso,ONSHORE,Small,0.426585472106
s_4024,4.490973647,7.079297777,Nigeria,0.0003523516518151,0.03409094341147507,2020,OIL,NNPC Limited,Akaso,ONSHORE,Small,0.3523516518151
s_4024,4.490973647,7.079297777,Nigeria,0.0009819135541539,0.09500270322895199,2021,OIL,NNPC Limited,Akaso,ONSHORE,Small,0.9819135541538999
s_4024,4.490973647,7.079297777,Nigeria,0.0023095822712998,0.2234581223315648,2022,OIL,NNPC Limited,Akaso,ONSHORE,Small,2.3095822712998
s_4024,4.490973647,7.079297777,Nigeria,0.001178395002026,0.11401279694160307,2023,OIL,NNPC Limited,Akaso,ONSHORE,Small,1.1783950020260001
s_4024,4.490973647,7.079297777,Nigeria,8.15635078148799e-05,0.007891482599938571,2024,OIL,NNPC Limited,Akaso,ONSHORE,Small,0.08156350781487991
s_4024,4.490973647,7.079297777,Nigeria,0.0,0.0,2025,OIL,NNPC Limited,Akaso,ONSHORE,Small,0.0
s_4025,5.714100789,5.41256847,Nigeria,0.0,0.0,2012,OIL,NEPL,Jones Creek,ONSHORE,Small,0.0
s_4025,5.714100789,5.41256847,Nigeria,7.00470541643829e-05,0.00677723560357145,2013,OIL,NEPL,Jones Creek,ONSHORE,Small,0.07004705416438291
s_4025,5.714100789,5.41256847,Nigeria,0.0008666484985044,0.08385050777527588,2014,OIL,NEPL,Jones Creek,ONSHORE,Small,0.8666484985044
s_4025,5.714100789,5.41256847,Nigeria,0.00028686124415,0.02775457526844462,2015,OIL,NEPL,Jones Creek,ONSHORE,Small,0.28686124414999997
s_4025,5.714100789,5.41256847,Nigeria,0.0,0.0,2016,OIL,NEPL,Jones Creek,ONSHORE,Small,0.0
s_4025,5.714100789,5.41256847,Nigeria,0.0001881145202083,0.018200571588814985,2017,OIL,NEPL,Jones Creek,ONSHORE,Small,0.1881145202083
s_4025,5.714100789,5.41256847,Nigeria,0.0002047264124453,0.019807815588642374,2018,OIL,NEPL,Jones Creek,ONSHORE,Small,0.2047264124453
s_4025,5.714100789,5.41256847,Nigeria,5.02179518743649e-05,0.004858718120860491,2019,OIL,NEPL,Jones Creek,ONSHORE,Small,0.050217951874364904
s_4025,5.714100789,5.41256847,Nigeria,6.3642860867928e-05,0.0061576131606485476,2020,OIL,NEPL,Jones Creek,ONSHORE,Small,0.06364286086792799
s_4025,5.714100789,5.41256847,Nigeria,3.04676927850402e-05,0.0029478289239241776,2021,OIL,NEPL,Jones Creek,ONSHORE,Small,0.0304676927850402
s_4025,5.714100789,5.41256847,Nigeria,0.0001123181966532,0.010867079142266922,2022,OIL,NEPL,Jones Creek,ONSHORE,Small,0.11231819665319999
s_4025,5.714100789,5.41256847,Nigeria,5.33728452786961e-06,0.0005163962305078847,2023,OIL,NEPL,Jones Creek,ONSHORE,Small,0.0053372845278696094
s_4025,5.714100789,5.41256847,Nigeria,0.0,0.0,2024,OIL,NEPL,Jones Creek,ONSHORE,Small,0.0
s_4025,5.714100789,5.41256847,Nigeria,0.0,0.0,2025,OIL,NEPL,Jones Creek,ONSHORE,Small,0.0
s_4026,4.588798958,6.965982434,Nigeria,0.0,0.0,2012,OIL,NNPC Limited,Cawthorne Channel,ONSHORE,Small,0.0
s_4026,4.588798958,6.965982434,Nigeria,0.0,0.0,2013,OIL,NNPC Limited,Cawthorne Channel,ONSHORE,Small,0.0
s_4026,4.588798958,6.965982434,Nigeria,0.0,0.0,2014,OIL,NNPC Limited,Cawthorne Channel,ONSHORE,Small,0.0
s_4026,4.588798958,6.965982434,Nigeria,0.0,0.0,2015,OIL,NNPC Limited,Cawthorne Channel,ONSHORE,Small,0.0
s_4026,4.588798958,6.965982434,Nigeria,0.0,0.0,2016,OIL,NNPC Limited,Cawthorne Channel,ONSHORE,Small,0.0
s_4026,4.588798958,6.965982434,Nigeria,0.0,0.0,2017,OIL,NNPC Limited,Cawthorne Channel,ONSHORE,Small,0.0
s_4026,4.588798958,6.965982434,Nigeria,0.0,0.0,2018,OIL,NNPC Limited,Cawthorne Channel,ONSHORE,Small,0.0
s_4026,4.588798958,6.965982434,Nigeria,0.0,0.0,2019,OIL,NNPC Limited,Cawthorne Channel,ONSHORE,Small,0.0
s_4026,4.588798958,6.965982434,Nigeria,0.0,0.0,2020,OIL,NNPC Limited,Cawthorne Channel,ONSHORE,Small,0.0
s_4026,4.588798958,6.965982434,Nigeria,0.0,0.0,2021,OIL,NNPC Limited,Cawthorne Channel,ONSHORE,Small,0.0
s_4026,4.588798958,6.965982434,Nigeria,0.0,0.0,2022,OIL,NNPC Limited,Cawthorne Channel,ONSHORE,Small,0.0
s_4026,4.588798958,6.965982434,Nigeria,0.0,0.0,2023,OIL,NNPC Limited,Cawthorne Channel,ONSHORE,Small,0.0
s_4026,4.588798958,6.965982434,Nigeria,0.0,0.0,2024,OIL,NNPC Limited,Cawthorne Channel,ONSHORE,Small,0.0
s_4026,4.588798958,6.965982434,Nigeria,0.0,0.0,2025,OIL,NNPC Limited,Cawthorne Channel,ONSHORE,Small,0.0
s_4027,4.4663267,6.876260952,Nigeria,0.001457581649633,0.14102483493200305,2012,NA,NA,NA,ONSHORE,Small,1.457581649633
s_4027,4.4663267,6.876260952,Nigeria,0.0,0.0,2013,NA,NA,NA,ONSHORE,Small,0.0
s_4027,4.4663267,6.876260952,Nigeria,0.000214818307653,0.020784232831666333,2014,NA,NA,NA,ONSHORE,Small,0.214818307653
s_4027,4.4663267,6.876260952,Nigeria,0.0,0.0,2015,NA,NA,NA,ONSHORE,Small,0.0
s_4027,4.4663267,6.876260952,Nigeria,3.39645322249355e-05,0.0032861572809799347,2016,NA,NA,NA,ONSHORE,Small,0.0339645322249355
s_4027,4.4663267,6.876260952,Nigeria,0.0001339873920171,0.012963630440146364,2017,NA,NA,NA,ONSHORE,Small,0.1339873920171
s_4027,4.4663267,6.876260952,Nigeria,0.0005165046806177,0.04997317806797187,2018,NA,NA,NA,ONSHORE,Small,0.5165046806176999
s_4027,4.4663267,6.876260952,Nigeria,0.0001573366810147,0.015222735189094916,2019,NA,NA,NA,ONSHORE,Small,0.1573366810147
s_4027,4.4663267,6.876260952,Nigeria,8.0936935151897e-05,0.007830860056843083,2020,NA,NA,NA,ONSHORE,Small,0.080936935151897
s_4027,4.4663267,6.876260952,Nigeria,0.0011006916003432,0.10649478970082098,2021,NA,NA,NA,ONSHORE,Small,1.1006916003432001
s_4027,4.4663267,6.876260952,Nigeria,0.0005542129742016,0.05362155404716725,2022,NA,NA,NA,ONSHORE,Small,0.5542129742016
s_4027,4.4663267,6.876260952,Nigeria,3.5143011329935e-05,0.0034001782151040815,2023,NA,NA,NA,ONSHORE,Small,0.035143011329935005
s_4027,4.4663267,6.876260952,Nigeria,0.0,0.0,2024,NA,NA,NA,ONSHORE,Small,0.0
s_4027,4.4663267,6.876260952,Nigeria,0.0,0.0,2025,NA,NA,NA,ONSHORE,Small,0.0
s_4028,4.528590369,7.298923319,Nigeria,5.70007607668613e-05,0.005514972612456534,2012,NA,NA,NA,ONSHORE,Small,0.0570007607668613
s_4028,4.528590369,7.298923319,Nigeria,0.0,0.0,2013,NA,NA,NA,ONSHORE,Small,0.0
s_4028,4.528590369,7.298923319,Nigeria,0.0,0.0,2014,NA,NA,NA,ONSHORE,Small,0.0
s_4028,4.528590369,7.298923319,Nigeria,5.40786541699427e-05,0.005232251160393851,2015,NA,NA,NA,ONSHORE,Small,0.0540786541699427
s_4028,4.528590369,7.298923319,Nigeria,0.0,0.0,2016,NA,NA,NA,ONSHORE,Small,0.0
s_4028,4.528590369,7.298923319,Nigeria,0.0,0.0,2017,NA,NA,NA,ONSHORE,Small,0.0
s_4028,4.528590369,7.298923319,Nigeria,3.1277696752213e-05,0.003026198925216094,2018,NA,NA,NA,ONSHORE,Small,0.031277696752213
s_4028,4.528590369,7.298923319,Nigeria,0.0002378265806063,0.02301034338686342,2019,NA,NA,NA,ONSHORE,Small,0.2378265806063
s_4028,4.528590369,7.298923319,Nigeria,0.0003352557745103,0.03243687259113081,2020,NA,NA,NA,ONSHORE,Small,0.3352557745103
s_4028,4.528590369,7.298923319,Nigeria,9.66261665234899e-05,0.009348834205972902,2021,NA,NA,NA,ONSHORE,Small,0.09662616652348989
s_4028,4.528590369,7.298923319,Nigeria,0.0,0.0,2022,NA,NA,NA,ONSHORE,Small,0.0
s_4028,4.528590369,7.298923319,Nigeria,0.000364559742459,0.03527210809499343,2023,NA,NA,NA,ONSHORE,Small,0.364559742459
s_4028,4.528590369,7.298923319,Nigeria,0.0005134277785219,0.049675479746734516,2024,NA,NA,NA,ONSHORE,Small,0.5134277785219
s_4028,4.528590369,7.298923319,Nigeria,5.10911142108675e-05,0.004943198859490209,2025,NA,NA,NA,ONSHORE,Small,0.0510911142108675
s_4030,4.621830073,6.896027881,Nigeria,0.0,0.0,2012,NA,NA,NA,ONSHORE,Small,0.0
s_4030,4.621830073,6.896027881,Nigeria,0.0,0.0,2013,NA,NA,NA,ONSHORE,Small,0.0
s_4030,4.621830073,6.896027881,Nigeria,0.0,0.0,2014,NA,NA,NA,ONSHORE,Small,0.0
s_4030,4.621830073,6.896027881,Nigeria,0.0,0.0,2015,NA,NA,NA,ONSHORE,Small,0.0
s_4030,4.621830073,6.896027881,Nigeria,0.0,0.0,2016,NA,NA,NA,ONSHORE,Small,0.0
s_4030,4.621830073,6.896027881,Nigeria,0.0,0.0,2017,NA,NA,NA,ONSHORE,Small,0.0
s_4030,4.621830073,6.896027881,Nigeria,0.0001469296389965,0.014215826668315574,2018,NA,NA,NA,ONSHORE,Small,0.1469296389965
s_4030,4.621830073,6.896027881,Nigeria,0.000160281258985,0.015507630805275681,2019,NA,NA,NA,ONSHORE,Small,0.160281258985
s_4030,4.621830073,6.896027881,Nigeria,0.0004986275808002,0.048243521927294836,2020,NA,NA,NA,ONSHORE,Small,0.4986275808002
s_4030,4.621830073,6.896027881,Nigeria,4.02420188252028e-06,0.000389352051981699,2021,NA,NA,NA,ONSHORE,Small,0.00402420188252028
s_4030,4.621830073,6.896027881,Nigeria,0.0,0.0,2022,NA,NA,NA,ONSHORE,Small,0.0
s_4030,4.621830073,6.896027881,Nigeria,0.0,0.0,2023,NA,NA,NA,ONSHORE,Small,0.0
s_4030,4.621830073,6.896027881,Nigeria,0.0,0.0,2024,NA,NA,NA,ONSHORE,Small,0.0
s_4030,4.621830073,6.896027881,Nigeria,0.0,0.0,2025,NA,NA,NA,ONSHORE,Small,0.0
s_4031,5.089959307,5.585975319,Nigeria,0.0,0.0,2012,NA,NA,NA,ONSHORE,Small,0.0
s_4031,5.089959307,5.585975319,Nigeria,0.0,0.0,2013,NA,NA,NA,ONSHORE,Small,0.0
s_4031,5.089959307,5.585975319,Nigeria,0.0,0.0,2014,NA,NA,NA,ONSHORE,Small,0.0
s_4031,5.089959307,5.585975319,Nigeria,0.0,0.0,2015,NA,NA,NA,ONSHORE,Small,0.0
s_4031,5.089959307,5.585975319,Nigeria,0.0,0.0,2016,NA,NA,NA,ONSHORE,Small,0.0
s_4031,5.089959307,5.585975319,Nigeria,0.0,0.0,2017,NA,NA,NA,ONSHORE,Small,0.0
s_4031,5.089959307,5.585975319,Nigeria,0.0,0.0,2018,NA,NA,NA,ONSHORE,Small,0.0
s_4031,5.089959307,5.585975319,Nigeria,0.0,0.0,2019,NA,NA,NA,ONSHORE,Small,0.0
s_4031,5.089959307,5.585975319,Nigeria,4.67819662818466e-05,0.004526277532619249,2020,NA,NA,NA,ONSHORE,Small,0.0467819662818466
s_4031,5.089959307,5.585975319,Nigeria,0.0002455817582486,0.02376067709691602,2021,NA,NA,NA,ONSHORE,Small,0.2455817582486
s_4031,5.089959307,5.585975319,Nigeria,0.0005543729337902,0.05363703055552188,2022,NA,NA,NA,ONSHORE,Small,0.5543729337902
s_4031,5.089959307,5.585975319,Nigeria,0.0,0.0,2023,NA,NA,NA,ONSHORE,Small,0.0
s_4031,5.089959307,5.585975319,Nigeria,0.0,0.0,2024,NA,NA,NA,ONSHORE,Small,0.0
s_4031,5.089959307,5.585975319,Nigeria,0.0,0.0,2025,NA,NA,NA,ONSHORE,Small,0.0
s_4033,4.108604487,8.166515026,Nigeria,0.0285863282450778,2.7658019865228147,2012,OIL,Oriental Energy,Ebok,OFFSHORE,Small,28.586328245077798
s_4033,4.108604487,8.166515026,Nigeria,0.0194553602094374,1.8823569593987373,2013,OIL,Oriental Energy,Ebok,OFFSHORE,Small,19.455360209437398
s_4033,4.108604487,8.166515026,Nigeria,0.0065448452303617,0.6332308852129566,2014,OIL,Oriental Energy,Ebok,OFFSHORE,Small,6.5448452303617
s_4033,4.108604487,8.166515026,Nigeria,0.0002589479614019,0.025053892193193036,2015,OIL,Oriental Energy,Ebok,OFFSHORE,Small,0.2589479614019
s_4033,4.108604487,8.166515026,Nigeria,0.0007405228023717,0.07164751696355942,2016,OIL,Oriental Energy,Ebok,OFFSHORE,Small,0.7405228023717
s_4033,4.108604487,8.166515026,Nigeria,0.0011493864144785,0.11120614026372379,2017,OIL,Oriental Energy,Ebok,OFFSHORE,Small,1.1493864144785
s_4033,4.108604487,8.166515026,Nigeria,0.0007385174947783,0.07145349821173284,2018,OIL,Oriental Energy,Ebok,OFFSHORE,Small,0.7385174947783
s_4033,4.108604487,8.166515026,Nigeria,0.0001748361887474,0.01691585830848703,2019,OIL,Oriental Energy,Ebok,OFFSHORE,Small,0.1748361887474
s_4033,4.108604487,8.166515026,Nigeria,0.0001948776065684,0.018854917873844117,2020,OIL,Oriental Energy,Ebok,OFFSHORE,Small,0.1948776065684
s_4033,4.108604487,8.166515026,Nigeria,0.0002682389450824,0.0259528191522614,2021,OIL,Oriental Energy,Ebok,OFFSHORE,Small,0.2682389450824
s_4033,4.108604487,8.166515026,Nigeria,0.0002103257906371,0.020349570066286408,2022,OIL,Oriental Energy,Ebok,OFFSHORE,Small,0.2103257906371
s_4033,4.108604487,8.166515026,Nigeria,0.0003508729134189,0.0339478716060059,2023,OIL,Oriental Energy,Ebok,OFFSHORE,Small,0.3508729134189
s_4033,4.108604487,8.166515026,Nigeria,0.0003212933442846,0.031085970966974984,2024,OIL,Oriental Energy,Ebok,OFFSHORE,Small,0.3212933442846
s_4033,4.108604487,8.166515026,Nigeria,0.0001200217230348,0.011612415457822904,2025,OIL,Oriental Energy,Ebok,OFFSHORE,Small,0.12002172303479999
s_4035,6.12773574,6.015194765,Nigeria,0.0,0.0,2012,GAS,Oando Oil,Irri,ONSHORE,Small,0.0
s_4035,6.12773574,6.015194765,Nigeria,0.0,0.0,2013,GAS,Oando Oil,Irri,ONSHORE,Small,0.0
s_4035,6.12773574,6.015194765,Nigeria,0.0,0.0,2014,GAS,Oando Oil,Irri,ONSHORE,Small,0.0
s_4035,6.12773574,6.015194765,Nigeria,0.0,0.0,2015,GAS,Oando Oil,Irri,ONSHORE,Small,0.0
s_4035,6.12773574,6.015194765,Nigeria,0.0,0.0,2016,GAS,Oando Oil,Irri,ONSHORE,Small,0.0
s_4035,6.12773574,6.015194765,Nigeria,0.0018656031261654,0.18050197941387955,2017,GAS,Oando Oil,Irri,ONSHORE,Small,1.8656031261654
s_4035,6.12773574,6.015194765,Nigeria,0.0517994066573686,5.01172800526846,2018,GAS,Oando Oil,Irri,ONSHORE,Medium,51.7994066573686
s_4035,6.12773574,6.015194765,Nigeria,0.0608043658145769,5.882981343998733,2019,GAS,Oando Oil,Irri,ONSHORE,Medium,60.8043658145769
s_4035,6.12773574,6.015194765,Nigeria,0.0270625848791509,2.618375832583047,2020,GAS,Oando Oil,Irri,ONSHORE,Small,27.062584879150897
s_4035,6.12773574,6.015194765,Nigeria,0.0293700638336719,2.8416304535178876,2021,GAS,Oando Oil,Irri,ONSHORE,Small,29.3700638336719
s_4035,6.12773574,6.015194765,Nigeria,0.0,0.0,2022,GAS,Oando Oil,Irri,ONSHORE,Small,0.0
s_4035,6.12773574,6.015194765,Nigeria,5.54942802681927e-06,0.0005369216686051647,2023,GAS,Oando Oil,Irri,ONSHORE,Small,0.00554942802681927
s_4035,6.12773574,6.015194765,Nigeria,0.0,0.0,2024,GAS,Oando Oil,Irri,ONSHORE,Small,0.0
s_4035,6.12773574,6.015194765,Nigeria,1.92113019493763e-07,1.8587436847341074e-05,2025,GAS,Oando Oil,Irri,ONSHORE,Small,0.000192113019493763
s_4036a,5.002724068,7.169428777,Nigeria,0.0,0.0,2012,OIL,NEPL,Imo River,ONSHORE,Small,0.0
s_4036a,5.002724068,7.169428777,Nigeria,0.0,0.0,2013,OIL,NEPL,Imo River,ONSHORE,Small,0.0
s_4036a,5.002724068,7.169428777,Nigeria,0.0,0.0,2014,OIL,NEPL,Imo River,ONSHORE,Small,0.0
s_4036a,5.002724068,7.169428777,Nigeria,0.0,0.0,2015,OIL,NEPL,Imo River,ONSHORE,Small,0.0
s_4036a,5.002724068,7.169428777,Nigeria,4.88169214691233e-05,0.004723164766656516,2016,OIL,NEPL,Imo River,ONSHORE,Small,0.048816921469123295
s_4036a,5.002724068,7.169428777,Nigeria,0.0,0.0,2017,OIL,NEPL,Imo River,ONSHORE,Small,0.0
s_4036a,5.002724068,7.169428777,Nigeria,0.0,0.0,2018,OIL,NEPL,Imo River,ONSHORE,Small,0.0
s_4036a,5.002724068,7.169428777,Nigeria,0.0002833740406277,0.0274171792116059,2019,OIL,NEPL,Imo River,ONSHORE,Small,0.2833740406277
s_4036a,5.002724068,7.169428777,Nigeria,0.0003422421971616,0.03311282724616703,2020,OIL,NEPL,Imo River,ONSHORE,Small,0.34224219716160004
s_4036a,5.002724068,7.169428777,Nigeria,0.0015248184254035,0.14753016875449068,2021,OIL,NEPL,Imo River,ONSHORE,Small,1.5248184254035
s_4036a,5.002724068,7.169428777,Nigeria,0.0016349895078861,0.15818950898788395,2022,OIL,NEPL,Imo River,ONSHORE,Small,1.6349895078861
s_4036a,5.002724068,7.169428777,Nigeria,0.0009971339731517,0.09647531855537375,2023,OIL,NEPL,Imo River,ONSHORE,Small,0.9971339731516999
s_4036a,5.002724068,7.169428777,Nigeria,0.0001597463414121,0.015455876131745424,2024,OIL,NEPL,Imo River,ONSHORE,Small,0.1597463414121
s_4036a,5.002724068,7.169428777,Nigeria,0.0,0.0,2025,OIL,NEPL,Imo River,ONSHORE,Small,0.0
s_4036b,5.015312131,7.172826201,Nigeria,0.0,0.0,2012,OIL,NEPL,Imo River,ONSHORE,Small,0.0
s_4036b,5.015312131,7.172826201,Nigeria,0.0,0.0,2013,OIL,NEPL,Imo River,ONSHORE,Small,0.0
s_4036b,5.015312131,7.172826201,Nigeria,0.0,0.0,2014,OIL,NEPL,Imo River,ONSHORE,Small,0.0
s_4036b,5.015312131,7.172826201,Nigeria,0.0,0.0,2015,OIL,NEPL,Imo River,ONSHORE,Small,0.0
s_4036b,5.015312131,7.172826201,Nigeria,0.0,0.0,2016,OIL,NEPL,Imo River,ONSHORE,Small,0.0
s_4036b,5.015312131,7.172826201,Nigeria,0.0,0.0,2017,OIL,NEPL,Imo River,ONSHORE,Small,0.0
s_4036b,5.015312131,7.172826201,Nigeria,0.0,0.0,2018,OIL,NEPL,Imo River,ONSHORE,Small,0.0
s_4036b,5.015312131,7.172826201,Nigeria,3.47406885553679e-05,0.0033612524349345813,2019,OIL,NEPL,Imo River,ONSHORE,Small,0.034740688555367896
s_4036b,5.015312131,7.172826201,Nigeria,0.0002594588446583,0.025103321483772728,2020,OIL,NEPL,Imo River,ONSHORE,Small,0.2594588446583
s_4036b,5.015312131,7.172826201,Nigeria,0.0001446949319643,0.01399961292110166,2021,OIL,NEPL,Imo River,ONSHORE,Small,0.1446949319643
s_4036b,5.015312131,7.172826201,Nigeria,0.0002636047148956,0.0255044452671381,2022,OIL,NEPL,Imo River,ONSHORE,Small,0.2636047148956
s_4036b,5.015312131,7.172826201,Nigeria,7.45027633612937e-05,0.007208337116243188,2023,OIL,NEPL,Imo River,ONSHORE,Small,0.0745027633612937
s_4036b,5.015312131,7.172826201,Nigeria,3.22602122434794e-05,0.0031212598674342316,2024,OIL,NEPL,Imo River,ONSHORE,Small,0.0322602122434794
s_4036b,5.015312131,7.172826201,Nigeria,0.0,0.0,2025,OIL,NEPL,Imo River,ONSHORE,Small,0.0
s_4037,5.413229807,5.391782918,Nigeria,0.0,0.0,2012,OIL,Renaissance Africa Energy ,Forcados Yokri,ONSHORE,Small,0.0
s_4037,5.413229807,5.391782918,Nigeria,0.0,0.0,2013,OIL,Renaissance Africa Energy ,Forcados Yokri,ONSHORE,Small,0.0
s_4037,5.413229807,5.391782918,Nigeria,0.0,0.0,2014,OIL,Renaissance Africa Energy ,Forcados Yokri,ONSHORE,Small,0.0
s_4037,5.413229807,5.391782918,Nigeria,0.0,0.0,2015,OIL,Renaissance Africa Energy ,Forcados Yokri,ONSHORE,Small,0.0
s_4037,5.413229807,5.391782918,Nigeria,3.03001855655393e-05,0.0029316221625492788,2016,OIL,Renaissance Africa Energy ,Forcados Yokri,ONSHORE,Small,0.0303001855655393
s_4037,5.413229807,5.391782918,Nigeria,0.0010036487306641,0.09710563837522025,2017,OIL,Renaissance Africa Energy ,Forcados Yokri,ONSHORE,Small,1.0036487306641
s_4037,5.413229807,5.391782918,Nigeria,0.0119911165605599,1.1601718737534539,2018,OIL,Renaissance Africa Energy ,Forcados Yokri,ONSHORE,Small,11.9911165605599
s_4037,5.413229807,5.391782918,Nigeria,0.0151161739367123,1.4625293442498037,2019,OIL,Renaissance Africa Energy ,Forcados Yokri,ONSHORE,Small,15.1161739367123
s_4037,5.413229807,5.391782918,Nigeria,0.0004676536317922,0.04524671139037204,2020,OIL,Renaissance Africa Energy ,Forcados Yokri,ONSHORE,Small,0.4676536317922
s_4037,5.413229807,5.391782918,Nigeria,0.000212413409163,0.02055155261600509,2021,OIL,Renaissance Africa Energy ,Forcados Yokri,ONSHORE,Small,0.212413409163
s_4037,5.413229807,5.391782918,Nigeria,0.0,0.0,2022,OIL,Renaissance Africa Energy ,Forcados Yokri,ONSHORE,Small,0.0
s_4037,5.413229807,5.391782918,Nigeria,1.38753745743154e-05,0.0013424787623082597,2023,OIL,Renaissance Africa Energy ,Forcados Yokri,ONSHORE,Small,0.0138753745743154
s_4037,5.413229807,5.391782918,Nigeria,0.0004125014785043,0.039910596384033305,2024,OIL,Renaissance Africa Energy ,Forcados Yokri,ONSHORE,Small,0.4125014785043
s_4037,5.413229807,5.391782918,Nigeria,0.0,0.0,2025,OIL,Renaissance Africa Energy ,Forcados Yokri,ONSHORE,Small,0.0
s_4038,5.020147484,6.293816383,Nigeria,0.0154248801393488,1.4923974763577097,2012,GAS,Renaissance Africa Energy ,Gbaran,ONSHORE,Small,15.4248801393488
s_4038,5.020147484,6.293816383,Nigeria,0.0167146208881727,1.6171832653759546,2013,GAS,Renaissance Africa Energy ,Gbaran,ONSHORE,Small,16.7146208881727
s_4038,5.020147484,6.293816383,Nigeria,0.0116541805876551,1.1275724375753728,2014,GAS,Renaissance Africa Energy ,Gbaran,ONSHORE,Small,11.6541805876551
s_4038,5.020147484,6.293816383,Nigeria,0.0035853361517659,0.3468906452724881,2015,GAS,Renaissance Africa Energy ,Gbaran,ONSHORE,Small,3.5853361517659
s_4038,5.020147484,6.293816383,Nigeria,0.0125235140668093,1.211682724247446,2016,GAS,Renaissance Africa Energy ,Gbaran,ONSHORE,Small,12.5235140668093
s_4038,5.020147484,6.293816383,Nigeria,0.021839454118335,2.113024277452126,2017,GAS,Renaissance Africa Energy ,Gbaran,ONSHORE,Small,21.839454118335
s_4038,5.020147484,6.293816383,Nigeria,0.0133118643394158,1.287957673984172,2018,GAS,Renaissance Africa Energy ,Gbaran,ONSHORE,Small,13.3118643394158
s_4038,5.020147484,6.293816383,Nigeria,0.0032415882529573,0.31363213745585117,2019,GAS,Renaissance Africa Energy ,Gbaran,ONSHORE,Small,3.2415882529573
s_4038,5.020147484,6.293816383,Nigeria,0.002823711332777,0.27320145303748006,2020,GAS,Renaissance Africa Energy ,Gbaran,ONSHORE,Small,2.823711332777
s_4038,5.020147484,6.293816383,Nigeria,0.0011324184275679,0.10956444317334242,2021,GAS,Renaissance Africa Energy ,Gbaran,ONSHORE,Small,1.1324184275679
s_4038,5.020147484,6.293816383,Nigeria,0.0010509152378805,0.10167879650991787,2022,GAS,Renaissance Africa Energy ,Gbaran,ONSHORE,Small,1.0509152378805
s_4038,5.020147484,6.293816383,Nigeria,0.0033422614576506,0.3233725331842984,2023,GAS,Renaissance Africa Energy ,Gbaran,ONSHORE,Small,3.3422614576506002
s_4038,5.020147484,6.293816383,Nigeria,0.0055392910234629,0.5359408870308376,2024,GAS,Renaissance Africa Energy ,Gbaran,ONSHORE,Small,5.5392910234629
s_4038,5.020147484,6.293816383,Nigeria,0.00662494586074,0.6409808305967322,2025,GAS,Renaissance Africa Energy ,Gbaran,ONSHORE,Small,6.6249458607400005
s_4039,4.433410952,6.755932971,Nigeria,0.0,0.0,2012,NA,NA,NA,ONSHORE,Small,0.0
s_4039,4.433410952,6.755932971,Nigeria,0.0,0.0,2013,NA,NA,NA,ONSHORE,Small,0.0
s_4039,4.433410952,6.755932971,Nigeria,0.0,0.0,2014,NA,NA,NA,ONSHORE,Small,0.0
s_4039,4.433410952,6.755932971,Nigeria,0.0,0.0,2015,NA,NA,NA,ONSHORE,Small,0.0
s_4039,4.433410952,6.755932971,Nigeria,0.0,0.0,2016,NA,NA,NA,ONSHORE,Small,0.0
s_4039,4.433410952,6.755932971,Nigeria,0.0,0.0,2017,NA,NA,NA,ONSHORE,Small,0.0
s_4039,4.433410952,6.755932971,Nigeria,0.0,0.0,2018,NA,NA,NA,ONSHORE,Small,0.0
s_4039,4.433410952,6.755932971,Nigeria,0.0,0.0,2019,NA,NA,NA,ONSHORE,Small,0.0
s_4039,4.433410952,6.755932971,Nigeria,0.0,0.0,2020,NA,NA,NA,ONSHORE,Small,0.0
s_4039,4.433410952,6.755932971,Nigeria,0.0,0.0,2021,NA,NA,NA,ONSHORE,Small,0.0
s_4039,4.433410952,6.755932971,Nigeria,6.50409689224581e-05,0.006292883769781735,2022,NA,NA,NA,ONSHORE,Small,0.0650409689224581
s_4039,4.433410952,6.755932971,Nigeria,0.0003794474302989,0.03671253081208082,2023,NA,NA,NA,ONSHORE,Small,0.3794474302989
s_4039,4.433410952,6.755932971,Nigeria,3.17644464168528e-05,0.0030732932277042734,2024,NA,NA,NA,ONSHORE,Small,0.031764446416852804
s_4039,4.433410952,6.755932971,Nigeria,0.0,0.0,2025,NA,NA,NA,ONSHORE,Small,0.0
s_4041a,5.522053831,6.674437324,Nigeria,0.0,0.0,2012,OIL,NEPL,Egbema West,ONSHORE,Small,0.0
s_4041a,5.522053831,6.674437324,Nigeria,0.0,0.0,2013,OIL,NEPL,Egbema West,ONSHORE,Small,0.0
s_4041a,5.522053831,6.674437324,Nigeria,0.0,0.0,2014,OIL,NEPL,Egbema West,ONSHORE,Small,0.0
s_4041a,5.522053831,6.674437324,Nigeria,0.0,0.0,2015,OIL,NEPL,Egbema West,ONSHORE,Small,0.0
s_4041a,5.522053831,6.674437324,Nigeria,0.0,0.0,2016,OIL,NEPL,Egbema West,ONSHORE,Small,0.0
s_4041a,5.522053831,6.674437324,Nigeria,0.0,0.0,2017,OIL,NEPL,Egbema West,ONSHORE,Small,0.0
s_4041a,5.522053831,6.674437324,Nigeria,0.0,0.0,2018,OIL,NEPL,Egbema West,ONSHORE,Small,0.0
s_4041a,5.522053831,6.674437324,Nigeria,0.0,0.0,2019,OIL,NEPL,Egbema West,ONSHORE,Small,0.0
s_4041a,5.522053831,6.674437324,Nigeria,0.0,0.0,2020,OIL,NEPL,Egbema West,ONSHORE,Small,0.0
s_4041a,5.522053831,6.674437324,Nigeria,3.02281236977049e-05,0.0029246499884561183,2021,OIL,NEPL,Egbema West,ONSHORE,Small,0.0302281236977049
s_4041a,5.522053831,6.674437324,Nigeria,0.0005574989416762,0.05393947999033076,2022,OIL,NEPL,Egbema West,ONSHORE,Small,0.5574989416762001
s_4041a,5.522053831,6.674437324,Nigeria,0.0009050116681157,0.08756224472206318,2023,OIL,NEPL,Egbema West,ONSHORE,Small,0.9050116681157
s_4041a,5.522053831,6.674437324,Nigeria,0.0522492051463581,5.055247184916736,2024,OIL,NEPL,Egbema West,ONSHORE,Medium,52.2492051463581
s_4041a,5.522053831,6.674437324,Nigeria,0.28486586658316,27.561517272646245,2025,OIL,NEPL,Egbema West,ONSHORE,Medium,284.86586658315997
s_4041b,5.530616597,6.674911787,Nigeria,4.52419542916236e-05,0.004377277346750287,2012,OIL,NEPL,Egbema West,ONSHORE,Small,0.045241954291623594
s_4041b,5.530616597,6.674911787,Nigeria,0.0,0.0,2013,OIL,NEPL,Egbema West,ONSHORE,Small,0.0
s_4041b,5.530616597,6.674911787,Nigeria,0.0,0.0,2014,OIL,NEPL,Egbema West,ONSHORE,Small,0.0
s_4041b,5.530616597,6.674911787,Nigeria,0.0,0.0,2015,OIL,NEPL,Egbema West,ONSHORE,Small,0.0
s_4041b,5.530616597,6.674911787,Nigeria,0.0,0.0,2016,OIL,NEPL,Egbema West,ONSHORE,Small,0.0
s_4041b,5.530616597,6.674911787,Nigeria,0.0,0.0,2017,OIL,NEPL,Egbema West,ONSHORE,Small,0.0
s_4041b,5.530616597,6.674911787,Nigeria,0.0,0.0,2018,OIL,NEPL,Egbema West,ONSHORE,Small,0.0
s_4041b,5.530616597,6.674911787,Nigeria,6.99172213648555e-05,0.00676467394081539,2019,OIL,NEPL,Egbema West,ONSHORE,Small,0.0699172213648555
s_4041b,5.530616597,6.674911787,Nigeria,0.0,0.0,2020,OIL,NEPL,Egbema West,ONSHORE,Small,0.0
s_4041b,5.530616597,6.674911787,Nigeria,0.0001591515478556,0.015398328300277354,2021,OIL,NEPL,Egbema West,ONSHORE,Small,0.1591515478556
s_4041b,5.530616597,6.674911787,Nigeria,0.0035324235408207,0.34177121184229436,2022,OIL,NEPL,Egbema West,ONSHORE,Small,3.5324235408207003
s_4041b,5.530616597,6.674911787,Nigeria,0.0079419517988628,0.7684045979548079,2023,OIL,NEPL,Egbema West,ONSHORE,Small,7.9419517988627994
s_4041b,5.530616597,6.674911787,Nigeria,0.0174994242755234,1.6931150446921086,2024,OIL,NEPL,Egbema West,ONSHORE,Small,17.4994242755234
s_4041b,5.530616597,6.674911787,Nigeria,0.0640862110610937,6.200508450819091,2025,OIL,NEPL,Egbema West,ONSHORE,Medium,64.0862110610937
s_4043,5.560936308,5.641548836,Nigeria,0.0,0.0,2012,OIL,NEPL,Warri River (OML 42),ONSHORE,Small,0.0
s_4043,5.560936308,5.641548836,Nigeria,0.0,0.0,2013,OIL,NEPL,Warri River (OML 42),ONSHORE,Small,0.0
s_4043,5.560936308,5.641548836,Nigeria,0.0,0.0,2014,OIL,NEPL,Warri River (OML 42),ONSHORE,Small,0.0
s_4043,5.560936308,5.641548836,Nigeria,0.0,0.0,2015,OIL,NEPL,Warri River (OML 42),ONSHORE,Small,0.0
s_4043,5.560936308,5.641548836,Nigeria,0.0,0.0,2016,OIL,NEPL,Warri River (OML 42),ONSHORE,Small,0.0
s_4043,5.560936308,5.641548836,Nigeria,0.0001615889766865,0.015634155911459703,2017,OIL,NEPL,Warri River (OML 42),ONSHORE,Small,0.16158897668650002
s_4043,5.560936308,5.641548836,Nigeria,0.0011110440040865,0.10749641182567136,2018,OIL,NEPL,Warri River (OML 42),ONSHORE,Small,1.1110440040865002
s_4043,5.560936308,5.641548836,Nigeria,0.0053388588739675,0.5165485526084248,2019,OIL,NEPL,Warri River (OML 42),ONSHORE,Small,5.3388588739675
s_4043,5.560936308,5.641548836,Nigeria,0.0003494052872666,0.033805874939183085,2020,OIL,NEPL,Warri River (OML 42),ONSHORE,Small,0.3494052872666
s_4043,5.560936308,5.641548836,Nigeria,0.0,0.0,2021,OIL,NEPL,Warri River (OML 42),ONSHORE,Small,0.0
s_4043,5.560936308,5.641548836,Nigeria,7.58766363196155e-06,0.0007341262916464163,2022,OIL,NEPL,Warri River (OML 42),ONSHORE,Small,0.0075876636319615505
s_4043,5.560936308,5.641548836,Nigeria,0.0,0.0,2023,OIL,NEPL,Warri River (OML 42),ONSHORE,Small,0.0
s_4043,5.560936308,5.641548836,Nigeria,0.0,0.0,2024,OIL,NEPL,Warri River (OML 42),ONSHORE,Small,0.0
s_4043,5.560936308,5.641548836,Nigeria,0.0,0.0,2025,OIL,NEPL,Warri River (OML 42),ONSHORE,Small,0.0
s_4044,4.628743269,7.046972706,Nigeria,0.0007061467264347,0.06832154175260226,2012,OIL,NNPC Limited,Alakiri,ONSHORE,Small,0.7061467264347
s_4044,4.628743269,7.046972706,Nigeria,0.000422968141999,0.040923273438523214,2013,OIL,NNPC Limited,Alakiri,ONSHORE,Small,0.42296814199899996
s_4044,4.628743269,7.046972706,Nigeria,0.0004256772916106,0.04118539074555585,2014,OIL,NNPC Limited,Alakiri,ONSHORE,Small,0.4256772916106
s_4044,4.628743269,7.046972706,Nigeria,0.0,0.0,2015,OIL,NNPC Limited,Alakiri,ONSHORE,Small,0.0
s_4044,4.628743269,7.046972706,Nigeria,0.0006080067113416,0.058826238740099665,2016,OIL,NNPC Limited,Alakiri,ONSHORE,Small,0.6080067113416
s_4044,4.628743269,7.046972706,Nigeria,0.000361525315,0.03497851930590133,2017,OIL,NNPC Limited,Alakiri,ONSHORE,Small,0.361525315
s_4044,4.628743269,7.046972706,Nigeria,0.0003644650810816,0.0352629493592714,2018,OIL,NNPC Limited,Alakiri,ONSHORE,Small,0.3644650810816
s_4044,4.628743269,7.046972706,Nigeria,1.82674864603904e-05,0.0017674270689040318,2019,OIL,NNPC Limited,Alakiri,ONSHORE,Small,0.0182674864603904
s_4044,4.628743269,7.046972706,Nigeria,0.0005933040319205,0.057403716071170036,2020,OIL,NNPC Limited,Alakiri,ONSHORE,Small,0.5933040319205
s_4044,4.628743269,7.046972706,Nigeria,0.0004068896847882,0.03936764067195726,2021,OIL,NNPC Limited,Alakiri,ONSHORE,Small,0.40688968478820003
s_4044,4.628743269,7.046972706,Nigeria,0.0,0.0,2022,OIL,NNPC Limited,Alakiri,ONSHORE,Small,0.0
s_4044,4.628743269,7.046972706,Nigeria,2.9323874446968e-05,0.0028371615096085237,2023,OIL,NNPC Limited,Alakiri,ONSHORE,Small,0.029323874446968
s_4044,4.628743269,7.046972706,Nigeria,1.16542621231297e-05,0.001127580326345686,2024,OIL,NNPC Limited,Alakiri,ONSHORE,Small,0.011654262123129701
s_4044,4.628743269,7.046972706,Nigeria,0.0,0.0,2025,OIL,NNPC Limited,Alakiri,ONSHORE,Small,0.0
s_4046,4.935763269,7.283489026,Nigeria,0.0,0.0,2012,OIL,Millenium Oil and Gas,Oza,ONSHORE,Small,0.0
s_4046,4.935763269,7.283489026,Nigeria,0.0004054690047777,0.03923018616707762,2013,OIL,Millenium Oil and Gas,Oza,ONSHORE,Small,0.4054690047777
s_4046,4.935763269,7.283489026,Nigeria,0.0,0.0,2014,OIL,Millenium Oil and Gas,Oza,ONSHORE,Small,0.0
s_4046,4.935763269,7.283489026,Nigeria,0.0,0.0,2015,OIL,Millenium Oil and Gas,Oza,ONSHORE,Small,0.0
s_4046,4.935763269,7.283489026,Nigeria,0.0,0.0,2016,OIL,Millenium Oil and Gas,Oza,ONSHORE,Small,0.0
s_4046,4.935763269,7.283489026,Nigeria,0.0,0.0,2017,OIL,Millenium Oil and Gas,Oza,ONSHORE,Small,0.0
s_4046,4.935763269,7.283489026,Nigeria,0.0,0.0,2018,OIL,Millenium Oil and Gas,Oza,ONSHORE,Small,0.0
s_4046,4.935763269,7.283489026,Nigeria,0.0,0.0,2019,OIL,Millenium Oil and Gas,Oza,ONSHORE,Small,0.0
s_4046,4.935763269,7.283489026,Nigeria,0.0,0.0,2020,OIL,Millenium Oil and Gas,Oza,ONSHORE,Small,0.0
s_4046,4.935763269,7.283489026,Nigeria,0.0,0.0,2021,OIL,Millenium Oil and Gas,Oza,ONSHORE,Small,0.0
s_4046,4.935763269,7.283489026,Nigeria,0.0,0.0,2022,OIL,Millenium Oil and Gas,Oza,ONSHORE,Small,0.0
s_4046,4.935763269,7.283489026,Nigeria,0.0143267045844375,1.386146120629733,2023,OIL,Millenium Oil and Gas,Oza,ONSHORE,Small,14.326704584437499
s_4046,4.935763269,7.283489026,Nigeria,0.0,0.0,2024,OIL,Millenium Oil and Gas,Oza,ONSHORE,Small,0.0
s_4046,4.935763269,7.283489026,Nigeria,0.0,0.0,2025,OIL,Millenium Oil and Gas,Oza,ONSHORE,Small,0.0
s_4048,4.676301966,6.736010633,Nigeria,0.0,0.0,2012,OIL,SEPLAT Energy,Idama,ONSHORE,Small,0.0
s_4048,4.676301966,6.736010633,Nigeria,0.0,0.0,2013,OIL,SEPLAT Energy,Idama,ONSHORE,Small,0.0
s_4048,4.676301966,6.736010633,Nigeria,0.0,0.0,2014,OIL,SEPLAT Energy,Idama,ONSHORE,Small,0.0
s_4048,4.676301966,6.736010633,Nigeria,0.0,0.0,2015,OIL,SEPLAT Energy,Idama,ONSHORE,Small,0.0
s_4048,4.676301966,6.736010633,Nigeria,0.0,0.0,2016,OIL,SEPLAT Energy,Idama,ONSHORE,Small,0.0
s_4048,4.676301966,6.736010633,Nigeria,0.0,0.0,2017,OIL,SEPLAT Energy,Idama,ONSHORE,Small,0.0
s_4048,4.676301966,6.736010633,Nigeria,0.0,0.0,2018,OIL,SEPLAT Energy,Idama,ONSHORE,Small,0.0
s_4048,4.676301966,6.736010633,Nigeria,2.31285238494233e-05,0.0022377451437503135,2019,OIL,SEPLAT Energy,Idama,ONSHORE,Small,0.0231285238494233
s_4048,4.676301966,6.736010633,Nigeria,0.0006823737730928,0.06602144637082258,2020,OIL,SEPLAT Energy,Idama,ONSHORE,Small,0.6823737730928
s_4048,4.676301966,6.736010633,Nigeria,9.43677428784745e-05,0.009130325814470428,2021,OIL,SEPLAT Energy,Idama,ONSHORE,Small,0.0943677428784745
s_4048,4.676301966,6.736010633,Nigeria,9.08624363943187e-05,0.008791178248748385,2022,OIL,SEPLAT Energy,Idama,ONSHORE,Small,0.0908624363943187
s_4048,4.676301966,6.736010633,Nigeria,0.0,0.0,2023,OIL,SEPLAT Energy,Idama,ONSHORE,Small,0.0
s_4048,4.676301966,6.736010633,Nigeria,1.82162075983913e-06,0.00017624657049552302,2024,OIL,SEPLAT Energy,Idama,ONSHORE,Small,0.00182162075983913
s_4048,4.676301966,6.736010633,Nigeria,0.0,0.0,2025,OIL,SEPLAT Energy,Idama,ONSHORE,Small,0.0
s_4050,5.089749274,6.526461475,Nigeria,0.0016375157426779,0.15843392880793503,2012,OIL,Oando Oil,Oshi,ONSHORE,Small,1.6375157426779001
s_4050,5.089749274,6.526461475,Nigeria,0.0030042439817312,0.2906684587623488,2013,OIL,Oando Oil,Oshi,ONSHORE,Small,3.0042439817312
s_4050,5.089749274,6.526461475,Nigeria,0.0039371640458509,0.3809309137543973,2014,OIL,Oando Oil,Oshi,ONSHORE,Small,3.9371640458509
s_4050,5.089749274,6.526461475,Nigeria,0.0034828640364849,0.3369762002420675,2015,OIL,Oando Oil,Oshi,ONSHORE,Small,3.4828640364849
s_4050,5.089749274,6.526461475,Nigeria,0.0023886256926842,0.23110577998148274,2016,OIL,Oando Oil,Oshi,ONSHORE,Small,2.3886256926842
s_4050,5.089749274,6.526461475,Nigeria,0.0016783497540631,0.16238472615548621,2017,OIL,Oando Oil,Oshi,ONSHORE,Small,1.6783497540630998
s_4050,5.089749274,6.526461475,Nigeria,0.0025016519221912,0.24204136315325545,2018,OIL,Oando Oil,Oshi,ONSHORE,Small,2.5016519221911997
s_4050,5.089749274,6.526461475,Nigeria,0.0023912997951868,0.2313645063891014,2019,OIL,Oando Oil,Oshi,ONSHORE,Small,2.3912997951868
s_4050,5.089749274,6.526461475,Nigeria,0.002062456398466,0.19954804811199103,2020,OIL,Oando Oil,Oshi,ONSHORE,Small,2.0624563984660003
s_4050,5.089749274,6.526461475,Nigeria,0.0045279140819491,0.438087524053244,2021,OIL,Oando Oil,Oshi,ONSHORE,Small,4.5279140819491
s_4050,5.089749274,6.526461475,Nigeria,0.0018888041960393,0.18274674357514384,2022,OIL,Oando Oil,Oshi,ONSHORE,Small,1.8888041960393
s_4050,5.089749274,6.526461475,Nigeria,0.0002218690852353,0.021466413994509926,2023,OIL,Oando Oil,Oshi,ONSHORE,Small,0.2218690852353
s_4050,5.089749274,6.526461475,Nigeria,0.0004252395843522,0.04114304142407534,2024,OIL,Oando Oil,Oshi,ONSHORE,Small,0.4252395843522
s_4050,5.089749274,6.526461475,Nigeria,0.000228486473929,0.022106663649440007,2025,OIL,Oando Oil,Oshi,ONSHORE,Small,0.22848647392899998
s_4051a,5.637700982,5.369000536,Nigeria,0.0011914125265736,0.11527227647128212,2012,OIL,NEPL,Jones Creek,ONSHORE,Small,1.1914125265736
s_4051a,5.637700982,5.369000536,Nigeria,0.0023102751132102,0.22352515659758534,2013,OIL,NEPL,Jones Creek,ONSHORE,Small,2.3102751132102
s_4051a,5.637700982,5.369000536,Nigeria,0.0002169261213027,0.02098816931240565,2014,OIL,NEPL,Jones Creek,ONSHORE,Small,0.2169261213027
s_4051a,5.637700982,5.369000536,Nigeria,3.64828225220009e-05,0.003529808450397396,2015,OIL,NEPL,Jones Creek,ONSHORE,Small,0.0364828225220009
s_4051a,5.637700982,5.369000536,Nigeria,0.0002093776562069,0.020257835581603528,2016,OIL,NEPL,Jones Creek,ONSHORE,Small,0.2093776562069
s_4051a,5.637700982,5.369000536,Nigeria,0.0002477953275607,0.023974845714453193,2017,OIL,NEPL,Jones Creek,ONSHORE,Small,0.2477953275607
s_4051a,5.637700982,5.369000536,Nigeria,0.0013568318985211,0.1312770331374528,2018,OIL,NEPL,Jones Creek,ONSHORE,Small,1.3568318985210999
s_4051a,5.637700982,5.369000536,Nigeria,0.0004703713798119,0.045509660615865845,2019,OIL,NEPL,Jones Creek,ONSHORE,Small,0.4703713798119
s_4051a,5.637700982,5.369000536,Nigeria,4.46256557497809e-05,0.004317648851733157,2020,OIL,NEPL,Jones Creek,ONSHORE,Small,0.0446256557497809
s_4051a,5.637700982,5.369000536,Nigeria,0.0012527946139342,0.12121115388510655,2021,OIL,NEPL,Jones Creek,ONSHORE,Small,1.2527946139341999
s_4051a,5.637700982,5.369000536,Nigeria,0.0019887456392474,0.19241633946696726,2022,OIL,NEPL,Jones Creek,ONSHORE,Small,1.9887456392473999
s_4051a,5.637700982,5.369000536,Nigeria,0.0,0.0,2023,OIL,NEPL,Jones Creek,ONSHORE,Small,0.0
s_4051a,5.637700982,5.369000536,Nigeria,0.0,0.0,2024,OIL,NEPL,Jones Creek,ONSHORE,Small,0.0
s_4051a,5.637700982,5.369000536,Nigeria,0.0,0.0,2025,OIL,NEPL,Jones Creek,ONSHORE,Small,0.0
s_4051b,5.644199662,5.383898256,Nigeria,0.0,0.0,2012,OIL,NEPL,Jones Creek,ONSHORE,Small,0.0
s_4051b,5.644199662,5.383898256,Nigeria,0.0,0.0,2013,OIL,NEPL,Jones Creek,ONSHORE,Small,0.0
s_4051b,5.644199662,5.383898256,Nigeria,0.0,0.0,2014,OIL,NEPL,Jones Creek,ONSHORE,Small,0.0
s_4051b,5.644199662,5.383898256,Nigeria,0.0,0.0,2015,OIL,NEPL,Jones Creek,ONSHORE,Small,0.0
s_4051b,5.644199662,5.383898256,Nigeria,0.0,0.0,2016,OIL,NEPL,Jones Creek,ONSHORE,Small,0.0
s_4051b,5.644199662,5.383898256,Nigeria,0.0,0.0,2017,OIL,NEPL,Jones Creek,ONSHORE,Small,0.0
s_4051b,5.644199662,5.383898256,Nigeria,0.0,0.0,2018,OIL,NEPL,Jones Creek,ONSHORE,Small,0.0
s_4051b,5.644199662,5.383898256,Nigeria,0.0,0.0,2019,OIL,NEPL,Jones Creek,ONSHORE,Small,0.0
s_4051b,5.644199662,5.383898256,Nigeria,0.0,0.0,2020,OIL,NEPL,Jones Creek,ONSHORE,Small,0.0
s_4051b,5.644199662,5.383898256,Nigeria,0.0,0.0,2021,OIL,NEPL,Jones Creek,ONSHORE,Small,0.0
s_4051b,5.644199662,5.383898256,Nigeria,0.0,0.0,2022,OIL,NEPL,Jones Creek,ONSHORE,Small,0.0
s_4051b,5.644199662,5.383898256,Nigeria,0.0,0.0,2023,OIL,NEPL,Jones Creek,ONSHORE,Small,0.0
s_4051b,5.644199662,5.383898256,Nigeria,0.0,0.0,2024,OIL,NEPL,Jones Creek,ONSHORE,Small,0.0
s_4051b,5.644199662,5.383898256,Nigeria,0.0,0.0,2025,OIL,NEPL,Jones Creek,ONSHORE,Small,0.0
s_4052,4.715569093,6.902290877,Nigeria,0.0,0.0,2012,OIL,NNPC Limited,Alakiri,ONSHORE,Small,0.0
s_4052,4.715569093,6.902290877,Nigeria,0.0,0.0,2013,OIL,NNPC Limited,Alakiri,ONSHORE,Small,0.0
s_4052,4.715569093,6.902290877,Nigeria,0.0,0.0,2014,OIL,NNPC Limited,Alakiri,ONSHORE,Small,0.0
s_4052,4.715569093,6.902290877,Nigeria,0.0,0.0,2015,OIL,NNPC Limited,Alakiri,ONSHORE,Small,0.0
s_4052,4.715569093,6.902290877,Nigeria,0.0,0.0,2016,OIL,NNPC Limited,Alakiri,ONSHORE,Small,0.0
s_4052,4.715569093,6.902290877,Nigeria,0.0,0.0,2017,OIL,NNPC Limited,Alakiri,ONSHORE,Small,0.0
s_4052,4.715569093,6.902290877,Nigeria,0.0003057469488267,0.029581816565888763,2018,OIL,NNPC Limited,Alakiri,ONSHORE,Small,0.3057469488267
s_4052,4.715569093,6.902290877,Nigeria,0.0015663423944048,0.1515477213050489,2019,OIL,NNPC Limited,Alakiri,ONSHORE,Small,1.5663423944047998
s_4052,4.715569093,6.902290877,Nigeria,0.0012374943042879,0.11973080892959667,2020,OIL,NNPC Limited,Alakiri,ONSHORE,Small,1.2374943042879
s_4052,4.715569093,6.902290877,Nigeria,0.0004597495689968,0.04448197265254962,2021,OIL,NNPC Limited,Alakiri,ONSHORE,Small,0.4597495689968
s_4052,4.715569093,6.902290877,Nigeria,2.47242518466808e-06,0.00023921359989495923,2022,OIL,NNPC Limited,Alakiri,ONSHORE,Small,0.00247242518466808
s_4052,4.715569093,6.902290877,Nigeria,0.0001758579355922,0.017014714986715997,2023,OIL,NNPC Limited,Alakiri,ONSHORE,Small,0.1758579355922
s_4052,4.715569093,6.902290877,Nigeria,2.67052462823925e-05,0.0025838023892117094,2024,OIL,NNPC Limited,Alakiri,ONSHORE,Small,0.0267052462823925
s_4052,4.715569093,6.902290877,Nigeria,7.05742466773575e-06,0.0006828242857359497,2025,OIL,NNPC Limited,Alakiri,ONSHORE,Small,0.00705742466773575
s_4053,5.273323596,6.758822993,Nigeria,0.0,0.0,2012,OIL,Renaissance Africa Energy ,Ahia,ONSHORE,Small,0.0
s_4053,5.273323596,6.758822993,Nigeria,0.0,0.0,2013,OIL,Renaissance Africa Energy ,Ahia,ONSHORE,Small,0.0
s_4053,5.273323596,6.758822993,Nigeria,0.0,0.0,2014,OIL,Renaissance Africa Energy ,Ahia,ONSHORE,Small,0.0
s_4053,5.273323596,6.758822993,Nigeria,0.0,0.0,2015,OIL,Renaissance Africa Energy ,Ahia,ONSHORE,Small,0.0
s_4053,5.273323596,6.758822993,Nigeria,0.0,0.0,2016,OIL,Renaissance Africa Energy ,Ahia,ONSHORE,Small,0.0
s_4053,5.273323596,6.758822993,Nigeria,0.0,0.0,2017,OIL,Renaissance Africa Energy ,Ahia,ONSHORE,Small,0.0
s_4053,5.273323596,6.758822993,Nigeria,0.0,0.0,2018,OIL,Renaissance Africa Energy ,Ahia,ONSHORE,Small,0.0
s_4053,5.273323596,6.758822993,Nigeria,0.0,0.0,2019,OIL,Renaissance Africa Energy ,Ahia,ONSHORE,Small,0.0
s_4053,5.273323596,6.758822993,Nigeria,0.0002894452084754,0.0280045805717849,2020,OIL,Renaissance Africa Energy ,Ahia,ONSHORE,Small,0.2894452084754
s_4053,5.273323596,6.758822993,Nigeria,0.0019298074651727,0.18671391705229773,2021,OIL,Renaissance Africa Energy ,Ahia,ONSHORE,Small,1.9298074651727
s_4053,5.273323596,6.758822993,Nigeria,0.0001741544249237,0.016849895876314455,2022,OIL,Renaissance Africa Energy ,Ahia,ONSHORE,Small,0.1741544249237
s_4053,5.273323596,6.758822993,Nigeria,0.0,0.0,2023,OIL,Renaissance Africa Energy ,Ahia,ONSHORE,Small,0.0
s_4053,5.273323596,6.758822993,Nigeria,0.0,0.0,2024,OIL,Renaissance Africa Energy ,Ahia,ONSHORE,Small,0.0
s_4053,5.273323596,6.758822993,Nigeria,4.07012198531568e-06,0.00039379494196896826,2025,OIL,Renaissance Africa Energy ,Ahia,ONSHORE,Small,0.00407012198531568
s_4054a,5.697792201,5.423090776,Nigeria,0.0,0.0,2012,OIL,NEPL,Jones Creek,ONSHORE,Small,0.0
s_4054a,5.697792201,5.423090776,Nigeria,0.0,0.0,2013,OIL,NEPL,Jones Creek,ONSHORE,Small,0.0
s_4054a,5.697792201,5.423090776,Nigeria,3.82626523165532e-05,0.0037020116357537685,2014,OIL,NEPL,Jones Creek,ONSHORE,Small,0.038262652316553195
s_4054a,5.697792201,5.423090776,Nigeria,0.0003001958694542,0.029044735125272128,2015,OIL,NEPL,Jones Creek,ONSHORE,Small,0.3001958694542
s_4054a,5.697792201,5.423090776,Nigeria,0.0001009709083424,0.00976919933473824,2016,OIL,NEPL,Jones Creek,ONSHORE,Small,0.1009709083424
s_4054a,5.697792201,5.423090776,Nigeria,0.0008446648444383,0.08172353177591789,2017,OIL,NEPL,Jones Creek,ONSHORE,Small,0.8446648444382999
s_4054a,5.697792201,5.423090776,Nigeria,0.0002357006502714,0.022804654069471353,2018,OIL,NEPL,Jones Creek,ONSHORE,Small,0.2357006502714
s_4054a,5.697792201,5.423090776,Nigeria,0.0,0.0,2019,OIL,NEPL,Jones Creek,ONSHORE,Small,0.0
s_4054a,5.697792201,5.423090776,Nigeria,0.0,0.0,2020,OIL,NEPL,Jones Creek,ONSHORE,Small,0.0
s_4054a,5.697792201,5.423090776,Nigeria,2.78998497431496e-05,0.0026993833969068104,2021,OIL,NEPL,Jones Creek,ONSHORE,Small,0.0278998497431496
s_4054a,5.697792201,5.423090776,Nigeria,4.89671784415974e-05,0.004737702521536923,2022,OIL,NEPL,Jones Creek,ONSHORE,Small,0.048967178441597405
s_4054a,5.697792201,5.423090776,Nigeria,0.0,0.0,2023,OIL,NEPL,Jones Creek,ONSHORE,Small,0.0
s_4054a,5.697792201,5.423090776,Nigeria,0.0,0.0,2024,OIL,NEPL,Jones Creek,ONSHORE,Small,0.0
s_4054a,5.697792201,5.423090776,Nigeria,0.0,0.0,2025,OIL,NEPL,Jones Creek,ONSHORE,Small,0.0
s_4054b,5.70473481,5.425974979,Nigeria,0.0,0.0,2012,OIL,NEPL,Jones Creek,ONSHORE,Small,0.0
s_4054b,5.70473481,5.425974979,Nigeria,0.0,0.0,2013,OIL,NEPL,Jones Creek,ONSHORE,Small,0.0
s_4054b,5.70473481,5.425974979,Nigeria,0.0001066379267538,0.010317498180449925,2014,OIL,NEPL,Jones Creek,ONSHORE,Small,0.1066379267538
s_4054b,5.70473481,5.425974979,Nigeria,0.000684705007305,0.06624699937503756,2015,OIL,NEPL,Jones Creek,ONSHORE,Small,0.684705007305
s_4054b,5.70473481,5.425974979,Nigeria,0.0003483369852446,0.033702513925858026,2016,OIL,NEPL,Jones Creek,ONSHORE,Small,0.34833698524460005
s_4054b,5.70473481,5.425974979,Nigeria,0.0011742869658313,0.1136153337007629,2017,OIL,NEPL,Jones Creek,ONSHORE,Small,1.1742869658313
s_4054b,5.70473481,5.425974979,Nigeria,0.0003473225231201,0.0336043620633614,2018,OIL,NEPL,Jones Creek,ONSHORE,Small,0.3473225231201
s_4054b,5.70473481,5.425974979,Nigeria,0.0001310697644655,0.01268134234742713,2019,OIL,NEPL,Jones Creek,ONSHORE,Small,0.1310697644655
s_4054b,5.70473481,5.425974979,Nigeria,2.14422650810128e-05,0.002074595199781405,2020,OIL,NEPL,Jones Creek,ONSHORE,Small,0.0214422650810128
s_4054b,5.70473481,5.425974979,Nigeria,0.0005299486105203,0.05127391343043267,2021,OIL,NEPL,Jones Creek,ONSHORE,Small,0.5299486105203001
s_4054b,5.70473481,5.425974979,Nigeria,4.09660321957074e-06,0.0003963570706089356,2022,OIL,NEPL,Jones Creek,ONSHORE,Small,0.00409660321957074
s_4054b,5.70473481,5.425974979,Nigeria,0.0,0.0,2023,OIL,NEPL,Jones Creek,ONSHORE,Small,0.0
s_4054b,5.70473481,5.425974979,Nigeria,0.0,0.0,2024,OIL,NEPL,Jones Creek,ONSHORE,Small,0.0
s_4054b,5.70473481,5.425974979,Nigeria,0.0,0.0,2025,OIL,NEPL,Jones Creek,ONSHORE,Small,0.0
s_4055,4.458545311,7.052625742,Nigeria,9.51634612533477e-05,0.009207313647362747,2012,GAS,ExxonMobil,Oso,ONSHORE,Small,0.0951634612533477
s_4055,4.458545311,7.052625742,Nigeria,3.99121254676063e-05,0.0038616024750804056,2013,GAS,ExxonMobil,Oso,ONSHORE,Small,0.0399121254676063
s_4055,4.458545311,7.052625742,Nigeria,0.0,0.0,2014,GAS,ExxonMobil,Oso,ONSHORE,Small,0.0
s_4055,4.458545311,7.052625742,Nigeria,4.75028845350958e-05,0.004596028258206069,2015,GAS,ExxonMobil,Oso,ONSHORE,Small,0.047502884535095796
s_4055,4.458545311,7.052625742,Nigeria,0.0,0.0,2016,GAS,ExxonMobil,Oso,ONSHORE,Small,0.0
s_4055,4.458545311,7.052625742,Nigeria,0.0,0.0,2017,GAS,ExxonMobil,Oso,ONSHORE,Small,0.0
s_4055,4.458545311,7.052625742,Nigeria,2.90696496643511e-05,0.002812564597309854,2018,GAS,ExxonMobil,Oso,ONSHORE,Small,0.029069649664351098
s_4055,4.458545311,7.052625742,Nigeria,6.52531571561118e-05,0.006313413536078573,2019,GAS,ExxonMobil,Oso,ONSHORE,Small,0.0652531571561118
s_4055,4.458545311,7.052625742,Nigeria,9.93749846016162e-05,0.00961478954084109,2020,GAS,ExxonMobil,Oso,ONSHORE,Small,0.0993749846016162
s_4055,4.458545311,7.052625742,Nigeria,0.0,0.0,2021,GAS,ExxonMobil,Oso,ONSHORE,Small,0.0
s_4055,4.458545311,7.052625742,Nigeria,3.13845263285584e-05,0.003036534965995531,2022,GAS,ExxonMobil,Oso,ONSHORE,Small,0.0313845263285584
s_4055,4.458545311,7.052625742,Nigeria,0.0018150042188493,0.1756064028581584,2023,GAS,ExxonMobil,Oso,ONSHORE,Small,1.8150042188493
s_4055,4.458545311,7.052625742,Nigeria,0.0013305084308221,0.12873016882420893,2024,GAS,ExxonMobil,Oso,ONSHORE,Small,1.3305084308221
s_4055,4.458545311,7.052625742,Nigeria,0.0,0.0,2025,GAS,ExxonMobil,Oso,ONSHORE,Small,0.0
s_4056,4.925099059,7.176623229,Nigeria,0.0,0.0,2012,OIL,Heirs Energies,Obigbo North (OML 17),ONSHORE,Small,0.0
s_4056,4.925099059,7.176623229,Nigeria,0.0,0.0,2013,OIL,Heirs Energies,Obigbo North (OML 17),ONSHORE,Small,0.0
s_4056,4.925099059,7.176623229,Nigeria,0.0,0.0,2014,OIL,Heirs Energies,Obigbo North (OML 17),ONSHORE,Small,0.0
s_4056,4.925099059,7.176623229,Nigeria,0.0,0.0,2015,OIL,Heirs Energies,Obigbo North (OML 17),ONSHORE,Small,0.0
s_4056,4.925099059,7.176623229,Nigeria,0.0,0.0,2016,OIL,Heirs Energies,Obigbo North (OML 17),ONSHORE,Small,0.0
s_4056,4.925099059,7.176623229,Nigeria,0.0,0.0,2017,OIL,Heirs Energies,Obigbo North (OML 17),ONSHORE,Small,0.0
s_4056,4.925099059,7.176623229,Nigeria,0.0,0.0,2018,OIL,Heirs Energies,Obigbo North (OML 17),ONSHORE,Small,0.0
s_4056,4.925099059,7.176623229,Nigeria,0.0,0.0,2019,OIL,Heirs Energies,Obigbo North (OML 17),ONSHORE,Small,0.0
s_4056,4.925099059,7.176623229,Nigeria,0.0001109365514571,0.01073340135772315,2020,OIL,Heirs Energies,Obigbo North (OML 17),ONSHORE,Small,0.1109365514571
s_4056,4.925099059,7.176623229,Nigeria,0.0028270666120138,0.2735260850748274,2021,OIL,Heirs Energies,Obigbo North (OML 17),ONSHORE,Small,2.8270666120138
s_4056,4.925099059,7.176623229,Nigeria,0.0016411201093203,0.15878266070292482,2022,OIL,Heirs Energies,Obigbo North (OML 17),ONSHORE,Small,1.6411201093203
s_4056,4.925099059,7.176623229,Nigeria,0.0,0.0,2023,OIL,Heirs Energies,Obigbo North (OML 17),ONSHORE,Small,0.0
s_4056,4.925099059,7.176623229,Nigeria,9.38306575817385e-06,0.0009078361407992295,2024,OIL,Heirs Energies,Obigbo North (OML 17),ONSHORE,Small,0.009383065758173851
s_4056,4.925099059,7.176623229,Nigeria,0.0,0.0,2025,OIL,Heirs Energies,Obigbo North (OML 17),ONSHORE,Small,0.0
s_4057,4.692363502,7.229312648,Nigeria,0.0,0.0,2012,OIL,NNPC Limited,Alakiri,ONSHORE,Small,0.0
s_4057,4.692363502,7.229312648,Nigeria,0.0,0.0,2013,OIL,NNPC Limited,Alakiri,ONSHORE,Small,0.0
s_4057,4.692363502,7.229312648,Nigeria,5.72597373109686e-05,0.005540029270101194,2014,OIL,NNPC Limited,Alakiri,ONSHORE,Small,0.0572597373109686
s_4057,4.692363502,7.229312648,Nigeria,0.0,0.0,2015,OIL,NNPC Limited,Alakiri,ONSHORE,Small,0.0
s_4057,4.692363502,7.229312648,Nigeria,0.0,0.0,2016,OIL,NNPC Limited,Alakiri,ONSHORE,Small,0.0
s_4057,4.692363502,7.229312648,Nigeria,0.0001157716400454,0.01120120881826459,2017,OIL,NNPC Limited,Alakiri,ONSHORE,Small,0.1157716400454
s_4057,4.692363502,7.229312648,Nigeria,0.0007785732882712,0.07532900094382948,2018,OIL,NNPC Limited,Alakiri,ONSHORE,Small,0.7785732882712
s_4057,4.692363502,7.229312648,Nigeria,0.0003597201633273,0.034803866162639106,2019,OIL,NNPC Limited,Alakiri,ONSHORE,Small,0.3597201633273
s_4057,4.692363502,7.229312648,Nigeria,0.0,0.0,2020,OIL,NNPC Limited,Alakiri,ONSHORE,Small,0.0
s_4057,4.692363502,7.229312648,Nigeria,0.0,0.0,2021,OIL,NNPC Limited,Alakiri,ONSHORE,Small,0.0
s_4057,4.692363502,7.229312648,Nigeria,0.0,0.0,2022,OIL,NNPC Limited,Alakiri,ONSHORE,Small,0.0
s_4057,4.692363502,7.229312648,Nigeria,1.6366852055762e-05,0.0015835357217220103,2023,OIL,NNPC Limited,Alakiri,ONSHORE,Small,0.016366852055762
s_4057,4.692363502,7.229312648,Nigeria,0.0,0.0,2024,OIL,NNPC Limited,Alakiri,ONSHORE,Small,0.0
s_4057,4.692363502,7.229312648,Nigeria,0.0,0.0,2025,OIL,NNPC Limited,Alakiri,ONSHORE,Small,0.0
s_4058a,5.096288379,6.565847676,Nigeria,0.0,0.0,2012,OIL,Renaissance Africa Energy ,Ubie,ONSHORE,Small,0.0
s_4058a,5.096288379,6.565847676,Nigeria,0.0,0.0,2013,OIL,Renaissance Africa Energy ,Ubie,ONSHORE,Small,0.0
s_4058a,5.096288379,6.565847676,Nigeria,0.0,0.0,2014,OIL,Renaissance Africa Energy ,Ubie,ONSHORE,Small,0.0
s_4058a,5.096288379,6.565847676,Nigeria,0.0,0.0,2015,OIL,Renaissance Africa Energy ,Ubie,ONSHORE,Small,0.0
s_4058a,5.096288379,6.565847676,Nigeria,0.0,0.0,2016,OIL,Renaissance Africa Energy ,Ubie,ONSHORE,Small,0.0
s_4058a,5.096288379,6.565847676,Nigeria,0.0,0.0,2017,OIL,Renaissance Africa Energy ,Ubie,ONSHORE,Small,0.0
s_4058a,5.096288379,6.565847676,Nigeria,0.0,0.0,2018,OIL,Renaissance Africa Energy ,Ubie,ONSHORE,Small,0.0
s_4058a,5.096288379,6.565847676,Nigeria,0.0,0.0,2019,OIL,Renaissance Africa Energy ,Ubie,ONSHORE,Small,0.0
s_4058a,5.096288379,6.565847676,Nigeria,0.0,0.0,2020,OIL,Renaissance Africa Energy ,Ubie,ONSHORE,Small,0.0
s_4058a,5.096288379,6.565847676,Nigeria,1.04376144986681e-05,0.0010098664881855307,2021,OIL,Renaissance Africa Energy ,Ubie,ONSHORE,Small,0.0104376144986681
s_4058a,5.096288379,6.565847676,Nigeria,0.0002574857572112,0.024912420115328807,2022,OIL,Renaissance Africa Energy ,Ubie,ONSHORE,Small,0.2574857572112
s_4058a,5.096288379,6.565847676,Nigeria,0.001272620427359,0.12312935316151012,2023,OIL,Renaissance Africa Energy ,Ubie,ONSHORE,Small,1.272620427359
s_4058a,5.096288379,6.565847676,Nigeria,0.0001589685406993,0.015380621879498057,2024,OIL,Renaissance Africa Energy ,Ubie,ONSHORE,Small,0.1589685406993
s_4058a,5.096288379,6.565847676,Nigeria,0.0,0.0,2025,OIL,Renaissance Africa Energy ,Ubie,ONSHORE,Small,0.0
s_4058b,5.086703934,6.562626129,Nigeria,0.0,0.0,2012,OIL,Renaissance Africa Energy ,Ubie,ONSHORE,Small,0.0
s_4058b,5.086703934,6.562626129,Nigeria,6.59002761527866e-05,0.0063760239906698515,2013,OIL,Renaissance Africa Energy ,Ubie,ONSHORE,Small,0.0659002761527866
s_4058b,5.086703934,6.562626129,Nigeria,0.0,0.0,2014,OIL,Renaissance Africa Energy ,Ubie,ONSHORE,Small,0.0
s_4058b,5.086703934,6.562626129,Nigeria,0.0,0.0,2015,OIL,Renaissance Africa Energy ,Ubie,ONSHORE,Small,0.0
s_4058b,5.086703934,6.562626129,Nigeria,0.0,0.0,2016,OIL,Renaissance Africa Energy ,Ubie,ONSHORE,Small,0.0
s_4058b,5.086703934,6.562626129,Nigeria,0.0,0.0,2017,OIL,Renaissance Africa Energy ,Ubie,ONSHORE,Small,0.0
s_4058b,5.086703934,6.562626129,Nigeria,0.0,0.0,2018,OIL,Renaissance Africa Energy ,Ubie,ONSHORE,Small,0.0
s_4058b,5.086703934,6.562626129,Nigeria,0.0,0.0,2019,OIL,Renaissance Africa Energy ,Ubie,ONSHORE,Small,0.0
s_4058b,5.086703934,6.562626129,Nigeria,0.0001629896952503,0.015769679094189002,2020,OIL,Renaissance Africa Energy ,Ubie,ONSHORE,Small,0.1629896952503
s_4058b,5.086703934,6.562626129,Nigeria,8.30578153649688e-05,0.008036060761746516,2021,OIL,Renaissance Africa Energy ,Ubie,ONSHORE,Small,0.0830578153649688
s_4058b,5.086703934,6.562626129,Nigeria,0.0001692895905569,0.016379210433943355,2022,OIL,Renaissance Africa Energy ,Ubie,ONSHORE,Small,0.1692895905569
s_4058b,5.086703934,6.562626129,Nigeria,0.0009240792536392,0.08940708346689817,2023,OIL,Renaissance Africa Energy ,Ubie,ONSHORE,Small,0.9240792536392
s_4058b,5.086703934,6.562626129,Nigeria,0.0001095405657883,0.010598336094957573,2024,OIL,Renaissance Africa Energy ,Ubie,ONSHORE,Small,0.1095405657883
s_4058b,5.086703934,6.562626129,Nigeria,0.0,0.0,2025,OIL,Renaissance Africa Energy ,Ubie,ONSHORE,Small,0.0
s_4059,5.68904426,5.409693867,Nigeria,0.0,0.0,2012,OIL,NEPL,Jones Creek,ONSHORE,Small,0.0
s_4059,5.68904426,5.409693867,Nigeria,0.0,0.0,2013,OIL,NEPL,Jones Creek,ONSHORE,Small,0.0
s_4059,5.68904426,5.409693867,Nigeria,0.0002155168900718,0.020851822506881078,2014,OIL,NEPL,Jones Creek,ONSHORE,Small,0.2155168900718
s_4059,5.68904426,5.409693867,Nigeria,0.0001165199159828,0.011273606471309958,2015,OIL,NEPL,Jones Creek,ONSHORE,Small,0.1165199159828
s_4059,5.68904426,5.409693867,Nigeria,7.5286116194422e-05,0.007284128550646366,2016,OIL,NEPL,Jones Creek,ONSHORE,Small,0.075286116194422
s_4059,5.68904426,5.409693867,Nigeria,6.48847451334681e-05,0.0062777687098052905,2017,OIL,NEPL,Jones Creek,ONSHORE,Small,0.06488474513346809
s_4059,5.68904426,5.409693867,Nigeria,0.0003002756848164,0.029052457470213924,2018,OIL,NEPL,Jones Creek,ONSHORE,Small,0.3002756848164
s_4059,5.68904426,5.409693867,Nigeria,0.0003167900650765,0.03065026693136578,2019,OIL,NEPL,Jones Creek,ONSHORE,Small,0.31679006507650004
s_4059,5.68904426,5.409693867,Nigeria,0.0001392747089272,0.013475192173012433,2020,OIL,NEPL,Jones Creek,ONSHORE,Small,0.1392747089272
s_4059,5.68904426,5.409693867,Nigeria,0.0002201564468448,0.0213007117531437,2021,OIL,NEPL,Jones Creek,ONSHORE,Small,0.2201564468448
s_4059,5.68904426,5.409693867,Nigeria,0.0003617026512278,0.034995677049523624,2022,OIL,NEPL,Jones Creek,ONSHORE,Small,0.36170265122780004
s_4059,5.68904426,5.409693867,Nigeria,0.0,0.0,2023,OIL,NEPL,Jones Creek,ONSHORE,Small,0.0
s_4059,5.68904426,5.409693867,Nigeria,0.0,0.0,2024,OIL,NEPL,Jones Creek,ONSHORE,Small,0.0
s_4059,5.68904426,5.409693867,Nigeria,1.28013568301125e-05,0.0012385647379183446,2025,OIL,NEPL,Jones Creek,ONSHORE,Small,0.012801356830112501
s_4060,4.669109059,6.822634709,Nigeria,0.0,0.0,2012,OIL,SEPLAT Energy,Idama,ONSHORE,Small,0.0
s_4060,4.669109059,6.822634709,Nigeria,0.0,0.0,2013,OIL,SEPLAT Energy,Idama,ONSHORE,Small,0.0
s_4060,4.669109059,6.822634709,Nigeria,0.0,0.0,2014,OIL,SEPLAT Energy,Idama,ONSHORE,Small,0.0
s_4060,4.669109059,6.822634709,Nigeria,0.0,0.0,2015,OIL,SEPLAT Energy,Idama,ONSHORE,Small,0.0
s_4060,4.669109059,6.822634709,Nigeria,0.0,0.0,2016,OIL,SEPLAT Energy,Idama,ONSHORE,Small,0.0
s_4060,4.669109059,6.822634709,Nigeria,0.0,0.0,2017,OIL,SEPLAT Energy,Idama,ONSHORE,Small,0.0
s_4060,4.669109059,6.822634709,Nigeria,1.71029752316576e-05,0.0016547575633227445,2018,OIL,SEPLAT Energy,Idama,ONSHORE,Small,0.0171029752316576
s_4060,4.669109059,6.822634709,Nigeria,0.0001202709500427,0.011636528822352804,2019,OIL,SEPLAT Energy,Idama,ONSHORE,Small,0.1202709500427
s_4060,4.669109059,6.822634709,Nigeria,4.00397931141198e-05,0.003873954653622346,2020,OIL,SEPLAT Energy,Idama,ONSHORE,Small,0.040039793114119794
s_4060,4.669109059,6.822634709,Nigeria,0.00022970412358,0.022224474436287195,2021,OIL,SEPLAT Energy,Idama,ONSHORE,Small,0.22970412358
s_4060,4.669109059,6.822634709,Nigeria,8.68253906612754e-05,0.008400583520652895,2022,OIL,SEPLAT Energy,Idama,ONSHORE,Small,0.08682539066127541
s_4060,4.669109059,6.822634709,Nigeria,1.5809125851798e-05,0.0015295742535112382,2023,OIL,SEPLAT Energy,Idama,ONSHORE,Small,0.015809125851798
s_4060,4.669109059,6.822634709,Nigeria,3.62379499886087e-06,0.00035061163926593535,2024,OIL,SEPLAT Energy,Idama,ONSHORE,Small,0.00362379499886087
s_4060,4.669109059,6.822634709,Nigeria,0.0,0.0,2025,OIL,SEPLAT Energy,Idama,ONSHORE,Small,0.0
s_4061,4.597502775,7.142265968,Nigeria,0.0,0.0,2012,NA,NA,NA,ONSHORE,Small,0.0
s_4061,4.597502775,7.142265968,Nigeria,0.0005502492400592,0.053238052407113635,2013,NA,NA,NA,ONSHORE,Small,0.5502492400592
s_4061,4.597502775,7.142265968,Nigeria,0.0004084539633567,0.03951898871271088,2014,NA,NA,NA,ONSHORE,Small,0.4084539633567
s_4061,4.597502775,7.142265968,Nigeria,0.0,0.0,2015,NA,NA,NA,ONSHORE,Small,0.0
s_4061,4.597502775,7.142265968,Nigeria,0.000724665657629,0.07011329675682507,2016,NA,NA,NA,ONSHORE,Small,0.7246656576289999
s_4061,4.597502775,7.142265968,Nigeria,0.0019208790970542,0.18585007409678256,2017,NA,NA,NA,ONSHORE,Small,1.9208790970542
s_4061,4.597502775,7.142265968,Nigeria,0.0024543667721346,0.2374664012750334,2018,NA,NA,NA,ONSHORE,Small,2.4543667721346
s_4061,4.597502775,7.142265968,Nigeria,0.0011839868369486,0.1145538215882328,2019,NA,NA,NA,ONSHORE,Small,1.1839868369486
s_4061,4.597502775,7.142265968,Nigeria,0.0013435018999614,0.12998732093025064,2020,NA,NA,NA,ONSHORE,Small,1.3435018999614001
s_4061,4.597502775,7.142265968,Nigeria,0.0009729296597656,0.09413348796167996,2021,NA,NA,NA,ONSHORE,Small,0.9729296597656
s_4061,4.597502775,7.142265968,Nigeria,0.0002906824706302,0.02812428891964467,2022,NA,NA,NA,ONSHORE,Small,0.29068247063020003
s_4061,4.597502775,7.142265968,Nigeria,8.18168117874771e-05,0.007915990421460704,2023,NA,NA,NA,ONSHORE,Small,0.0818168117874771
s_4061,4.597502775,7.142265968,Nigeria,0.0,0.0,2024,NA,NA,NA,ONSHORE,Small,0.0
s_4061,4.597502775,7.142265968,Nigeria,0.0,0.0,2025,NA,NA,NA,ONSHORE,Small,0.0
s_4062,5.703929982,5.54114697,Nigeria,0.0006508369818538,0.06297017937669924,2012,OIL,ConOil,Upomami,ONSHORE,Small,0.6508369818538
s_4062,5.703929982,5.54114697,Nigeria,0.0,0.0,2013,OIL,ConOil,Upomami,ONSHORE,Small,0.0
s_4062,5.703929982,5.54114697,Nigeria,5.74089880241288e-05,0.005554469666762472,2014,OIL,ConOil,Upomami,ONSHORE,Small,0.057408988024128804
s_4062,5.703929982,5.54114697,Nigeria,0.0,0.0,2015,OIL,ConOil,Upomami,ONSHORE,Small,0.0
s_4062,5.703929982,5.54114697,Nigeria,0.0,0.0,2016,OIL,ConOil,Upomami,ONSHORE,Small,0.0
s_4062,5.703929982,5.54114697,Nigeria,0.0,0.0,2017,OIL,ConOil,Upomami,ONSHORE,Small,0.0
s_4062,5.703929982,5.54114697,Nigeria,0.0,0.0,2018,OIL,ConOil,Upomami,ONSHORE,Small,0.0
s_4062,5.703929982,5.54114697,Nigeria,7.5691795280515e-05,0.007323379062729883,2019,OIL,ConOil,Upomami,ONSHORE,Small,0.075691795280515
s_4062,5.703929982,5.54114697,Nigeria,0.0005766348302929,0.05579092723798703,2020,OIL,ConOil,Upomami,ONSHORE,Small,0.5766348302929
s_4062,5.703929982,5.54114697,Nigeria,0.000862025191559,0.08340319074231296,2021,OIL,ConOil,Upomami,ONSHORE,Small,0.862025191559
s_4062,5.703929982,5.54114697,Nigeria,0.0003189198626602,0.030856330415188787,2022,OIL,ConOil,Upomami,ONSHORE,Small,0.31891986266019995
s_4062,5.703929982,5.54114697,Nigeria,0.000389310690239,0.0376668269952787,2023,OIL,ConOil,Upomami,ONSHORE,Small,0.389310690239
s_4062,5.703929982,5.54114697,Nigeria,2.42986739257578e-05,0.002350960222577831,2024,OIL,ConOil,Upomami,ONSHORE,Small,0.0242986739257578
s_4062,5.703929982,5.54114697,Nigeria,0.0,0.0,2025,OIL,ConOil,Upomami,ONSHORE,Small,0.0
s_4065,4.689344899,6.849054981,Nigeria,0.0,0.0,2012,OIL,SEPLAT Energy,Idama,ONSHORE,Small,0.0
s_4065,4.689344899,6.849054981,Nigeria,0.0,0.0,2013,OIL,SEPLAT Energy,Idama,ONSHORE,Small,0.0
s_4065,4.689344899,6.849054981,Nigeria,0.0,0.0,2014,OIL,SEPLAT Energy,Idama,ONSHORE,Small,0.0
s_4065,4.689344899,6.849054981,Nigeria,0.0,0.0,2015,OIL,SEPLAT Energy,Idama,ONSHORE,Small,0.0
s_4065,4.689344899,6.849054981,Nigeria,0.0026452843613578,0.25593817711866923,2016,OIL,SEPLAT Energy,Idama,ONSHORE,Small,2.6452843613578
s_4065,4.689344899,6.849054981,Nigeria,0.0020080959917149,0.19428853665282808,2017,OIL,SEPLAT Energy,Idama,ONSHORE,Small,2.0080959917149
s_4065,4.689344899,6.849054981,Nigeria,0.0006752391014389,0.06533114823724041,2018,OIL,SEPLAT Energy,Idama,ONSHORE,Small,0.6752391014389001
s_4065,4.689344899,6.849054981,Nigeria,0.000118730952125,0.01148752999803723,2019,OIL,SEPLAT Energy,Idama,ONSHORE,Small,0.118730952125
s_4065,4.689344899,6.849054981,Nigeria,4.80004302884725e-06,0.0004644167110502086,2020,OIL,SEPLAT Energy,Idama,ONSHORE,Small,0.0048000430288472505
s_4065,4.689344899,6.849054981,Nigeria,0.0013215881008992,0.1278671035851311,2021,OIL,SEPLAT Energy,Idama,ONSHORE,Small,1.3215881008992
s_4065,4.689344899,6.849054981,Nigeria,0.0002220953795652,0.02148830856249398,2022,OIL,SEPLAT Energy,Idama,ONSHORE,Small,0.2220953795652
s_4065,4.689344899,6.849054981,Nigeria,4.11924086244441e-05,0.003985473217350477,2023,OIL,SEPLAT Energy,Idama,ONSHORE,Small,0.0411924086244441
s_4065,4.689344899,6.849054981,Nigeria,0.0,0.0,2024,OIL,SEPLAT Energy,Idama,ONSHORE,Small,0.0
s_4065,4.689344899,6.849054981,Nigeria,0.0,0.0,2025,OIL,SEPLAT Energy,Idama,ONSHORE,Small,0.0
s_4067,4.956713878,6.498941665,Nigeria,0.0,0.0,2012,OIL,Renaissance Africa Energy ,Enwhe,ONSHORE,Small,0.0
s_4067,4.956713878,6.498941665,Nigeria,0.0,0.0,2013,OIL,Renaissance Africa Energy ,Enwhe,ONSHORE,Small,0.0
s_4067,4.956713878,6.498941665,Nigeria,0.0,0.0,2014,OIL,Renaissance Africa Energy ,Enwhe,ONSHORE,Small,0.0
s_4067,4.956713878,6.498941665,Nigeria,0.0,0.0,2015,OIL,Renaissance Africa Energy ,Enwhe,ONSHORE,Small,0.0
s_4067,4.956713878,6.498941665,Nigeria,0.0,0.0,2016,OIL,Renaissance Africa Energy ,Enwhe,ONSHORE,Small,0.0
s_4067,4.956713878,6.498941665,Nigeria,0.0001728560729465,0.016724276928439825,2017,OIL,Renaissance Africa Energy ,Enwhe,ONSHORE,Small,0.17285607294650002
s_4067,4.956713878,6.498941665,Nigeria,0.000208858525798,0.02020760835746021,2018,OIL,Renaissance Africa Energy ,Enwhe,ONSHORE,Small,0.208858525798
s_4067,4.956713878,6.498941665,Nigeria,0.0012405283949891,0.1200243651364913,2019,OIL,Renaissance Africa Energy ,Enwhe,ONSHORE,Small,1.2405283949891002
s_4067,4.956713878,6.498941665,Nigeria,0.0017740030665821,0.17163943419334315,2020,OIL,Renaissance Africa Energy ,Enwhe,ONSHORE,Small,1.7740030665821
s_4067,4.956713878,6.498941665,Nigeria,0.0025098486761325,0.24283442052458085,2021,OIL,Renaissance Africa Energy ,Enwhe,ONSHORE,Small,2.5098486761325
s_4067,4.956713878,6.498941665,Nigeria,0.0007390885481962,0.0715087491227312,2022,OIL,Renaissance Africa Energy ,Enwhe,ONSHORE,Small,0.7390885481962
s_4067,4.956713878,6.498941665,Nigeria,0.0001147289962175,0.011100330302292953,2023,OIL,Renaissance Africa Energy ,Enwhe,ONSHORE,Small,0.1147289962175
s_4067,4.956713878,6.498941665,Nigeria,0.0002386353177169,0.02308859081647017,2024,OIL,Renaissance Africa Energy ,Enwhe,ONSHORE,Small,0.2386353177169
s_4067,4.956713878,6.498941665,Nigeria,4.77834145450605e-06,0.00046231702700163206,2025,OIL,Renaissance Africa Energy ,Enwhe,ONSHORE,Small,0.00477834145450605
s_4068,4.703343503,6.811634372,Nigeria,0.0,0.0,2012,OIL,SEPLAT Energy,Idama,ONSHORE,Small,0.0
s_4068,4.703343503,6.811634372,Nigeria,0.0,0.0,2013,OIL,SEPLAT Energy,Idama,ONSHORE,Small,0.0
s_4068,4.703343503,6.811634372,Nigeria,0.0,0.0,2014,OIL,SEPLAT Energy,Idama,ONSHORE,Small,0.0
s_4068,4.703343503,6.811634372,Nigeria,0.0,0.0,2015,OIL,SEPLAT Energy,Idama,ONSHORE,Small,0.0
s_4068,4.703343503,6.811634372,Nigeria,0.0,0.0,2016,OIL,SEPLAT Energy,Idama,ONSHORE,Small,0.0
s_4068,4.703343503,6.811634372,Nigeria,0.0001186343578976,0.01147818425402495,2017,OIL,SEPLAT Energy,Idama,ONSHORE,Small,0.1186343578976
s_4068,4.703343503,6.811634372,Nigeria,0.0016691598867838,0.1614955824725669,2018,OIL,SEPLAT Energy,Idama,ONSHORE,Small,1.6691598867838
s_4068,4.703343503,6.811634372,Nigeria,0.0001916139214817,0.018539147809959328,2019,OIL,SEPLAT Energy,Idama,ONSHORE,Small,0.1916139214817
s_4068,4.703343503,6.811634372,Nigeria,0.0014591223857271,0.14117390517681502,2020,OIL,SEPLAT Energy,Idama,ONSHORE,Small,1.4591223857271
s_4068,4.703343503,6.811634372,Nigeria,0.0036846349044741,0.35649805917835997,2021,OIL,SEPLAT Energy,Idama,ONSHORE,Small,3.6846349044741
s_4068,4.703343503,6.811634372,Nigeria,0.0007275347428002,0.07039088824734378,2022,OIL,SEPLAT Energy,Idama,ONSHORE,Small,0.7275347428002
s_4068,4.703343503,6.811634372,Nigeria,2.67264470221709e-05,0.002585853616207081,2023,OIL,SEPLAT Energy,Idama,ONSHORE,Small,0.026726447022170897
s_4068,4.703343503,6.811634372,Nigeria,5.89092367028873e-05,0.0056996226483001745,2024,OIL,SEPLAT Energy,Idama,ONSHORE,Small,0.0589092367028873
s_4068,4.703343503,6.811634372,Nigeria,0.0,0.0,2025,OIL,SEPLAT Energy,Idama,ONSHORE,Small,0.0
s_4069,5.455844387,5.377249313,Nigeria,0.0,0.0,2012,GAS,Chevron,Sonam,ONSHORE,Small,0.0
s_4069,5.455844387,5.377249313,Nigeria,0.0003408442791134,0.03297757502064298,2013,GAS,Chevron,Sonam,ONSHORE,Small,0.34084427911340004
s_4069,5.455844387,5.377249313,Nigeria,0.0004945069406034,0.04784483921630282,2014,GAS,Chevron,Sonam,ONSHORE,Small,0.4945069406034
s_4069,5.455844387,5.377249313,Nigeria,0.0,0.0,2015,GAS,Chevron,Sonam,ONSHORE,Small,0.0
s_4069,5.455844387,5.377249313,Nigeria,9.80139498523489e-05,0.00948310587090708,2016,GAS,Chevron,Sonam,ONSHORE,Small,0.0980139498523489
s_4069,5.455844387,5.377249313,Nigeria,4.28152493117272e-05,0.00414248729618624,2017,GAS,Chevron,Sonam,ONSHORE,Small,0.0428152493117272
s_4069,5.455844387,5.377249313,Nigeria,7.67875867657987e-05,0.007429399753489085,2018,GAS,Chevron,Sonam,ONSHORE,Small,0.07678758676579871
s_4069,5.455844387,5.377249313,Nigeria,0.0014116089927607,0.1365768602004097,2019,GAS,Chevron,Sonam,ONSHORE,Small,1.4116089927607
s_4069,5.455844387,5.377249313,Nigeria,0.0043799976554063,0.42377622311021795,2020,GAS,Chevron,Sonam,ONSHORE,Small,4.379997655406299
s_4069,5.455844387,5.377249313,Nigeria,0.0052046784942221,0.5035662501010675,2021,GAS,Chevron,Sonam,ONSHORE,Small,5.2046784942221
s_4069,5.455844387,5.377249313,Nigeria,0.0041658437319613,0.40305627118747245,2022,GAS,Chevron,Sonam,ONSHORE,Small,4.1658437319613
s_4069,5.455844387,5.377249313,Nigeria,0.0,0.0,2023,GAS,Chevron,Sonam,ONSHORE,Small,0.0
s_4069,5.455844387,5.377249313,Nigeria,0.0,0.0,2024,GAS,Chevron,Sonam,ONSHORE,Small,0.0
s_4069,5.455844387,5.377249313,Nigeria,0.0,0.0,2025,GAS,Chevron,Sonam,ONSHORE,Small,0.0
s_4070,4.665856341,7.054120303,Nigeria,0.0007136849504686,0.06905088463389393,2012,OIL,NNPC Limited,Alakiri,ONSHORE,Small,0.7136849504686
s_4070,4.665856341,7.054120303,Nigeria,0.0,0.0,2013,OIL,NNPC Limited,Alakiri,ONSHORE,Small,0.0
s_4070,4.665856341,7.054120303,Nigeria,3.91437448563685e-05,0.003787259642284695,2014,OIL,NNPC Limited,Alakiri,ONSHORE,Small,0.0391437448563685
s_4070,4.665856341,7.054120303,Nigeria,0.0006666873048252,0.06450373955922724,2015,OIL,NNPC Limited,Alakiri,ONSHORE,Small,0.6666873048252
s_4070,4.665856341,7.054120303,Nigeria,0.0033048104320888,0.3197490485587772,2016,OIL,NNPC Limited,Alakiri,ONSHORE,Small,3.3048104320888
s_4070,4.665856341,7.054120303,Nigeria,0.0022335823307864,0.21610492941201695,2017,OIL,NNPC Limited,Alakiri,ONSHORE,Small,2.2335823307864002
s_4070,4.665856341,7.054120303,Nigeria,0.0085759899195487,0.8297494435988513,2018,OIL,NNPC Limited,Alakiri,ONSHORE,Small,8.5759899195487
s_4070,4.665856341,7.054120303,Nigeria,0.0031928133213095,0.3089130353141752,2019,OIL,NNPC Limited,Alakiri,ONSHORE,Small,3.1928133213095
s_4070,4.665856341,7.054120303,Nigeria,0.0059069492330168,0.5715127799171055,2020,OIL,NNPC Limited,Alakiri,ONSHORE,Small,5.9069492330168005
s_4070,4.665856341,7.054120303,Nigeria,0.0029392613628017,0.28438122050692116,2021,OIL,NNPC Limited,Alakiri,ONSHORE,Small,2.9392613628017
s_4070,4.665856341,7.054120303,Nigeria,0.0016062854697349,0.155412318260233,2022,OIL,NNPC Limited,Alakiri,ONSHORE,Small,1.6062854697348998
s_4070,4.665856341,7.054120303,Nigeria,0.0002409972257514,0.023317111593178494,2023,OIL,NNPC Limited,Alakiri,ONSHORE,Small,0.2409972257514
s_4070,4.665856341,7.054120303,Nigeria,0.0010301021295009,0.09966507386570511,2024,OIL,NNPC Limited,Alakiri,ONSHORE,Small,1.0301021295009
s_4070,4.665856341,7.054120303,Nigeria,0.0012122686252955,0.11729015854349539,2025,OIL,NNPC Limited,Alakiri,ONSHORE,Small,1.2122686252955
s_4071,4.661597983,7.199171564,Nigeria,0.0065275756038446,0.6315600037021167,2012,GAS,ExxonMobil,Oso,ONSHORE,Small,6.5275756038446
s_4071,4.661597983,7.199171564,Nigeria,0.0116737702246109,1.129467786161001,2013,GAS,ExxonMobil,Oso,ONSHORE,Small,11.6737702246109
s_4071,4.661597983,7.199171564,Nigeria,0.0047480793387941,0.45938908819693763,2014,GAS,ExxonMobil,Oso,ONSHORE,Small,4.7480793387941
s_4071,4.661597983,7.199171564,Nigeria,0.0007690256431611,0.0744052413204971,2015,GAS,ExxonMobil,Oso,ONSHORE,Small,0.7690256431611
s_4071,4.661597983,7.199171564,Nigeria,0.0008080597790882,0.0781818960123414,2016,GAS,ExxonMobil,Oso,ONSHORE,Small,0.8080597790881999
s_4071,4.661597983,7.199171564,Nigeria,0.0005119437584074,0.04953189692121263,2017,GAS,ExxonMobil,Oso,ONSHORE,Small,0.5119437584074
s_4071,4.661597983,7.199171564,Nigeria,0.0044118689486716,0.4268598540498227,2018,GAS,ExxonMobil,Oso,ONSHORE,Small,4.4118689486716
s_4071,4.661597983,7.199171564,Nigeria,0.0016463201713766,0.1592857803005889,2019,GAS,ExxonMobil,Oso,ONSHORE,Small,1.6463201713766
s_4071,4.661597983,7.199171564,Nigeria,0.0,0.0,2020,GAS,ExxonMobil,Oso,ONSHORE,Small,0.0
s_4071,4.661597983,7.199171564,Nigeria,0.0,0.0,2021,GAS,ExxonMobil,Oso,ONSHORE,Small,0.0
s_4071,4.661597983,7.199171564,Nigeria,0.0,0.0,2022,GAS,ExxonMobil,Oso,ONSHORE,Small,0.0
s_4071,4.661597983,7.199171564,Nigeria,1.80408632313784e-05,0.0017455006790711043,2023,GAS,ExxonMobil,Oso,ONSHORE,Small,0.0180408632313784
s_4071,4.661597983,7.199171564,Nigeria,0.0,0.0,2024,GAS,ExxonMobil,Oso,ONSHORE,Small,0.0
s_4071,4.661597983,7.199171564,Nigeria,4.46634446114506e-06,0.00043213050228852704,2025,GAS,ExxonMobil,Oso,ONSHORE,Small,0.004466344461145059
s_4072a,4.413298804,6.911825742,Nigeria,0.0,0.0,2012,NA,NA,NA,ONSHORE,Small,0.0
s_4072a,4.413298804,6.911825742,Nigeria,0.0,0.0,2013,NA,NA,NA,ONSHORE,Small,0.0
s_4072a,4.413298804,6.911825742,Nigeria,0.0,0.0,2014,NA,NA,NA,ONSHORE,Small,0.0
s_4072a,4.413298804,6.911825742,Nigeria,0.0,0.0,2015,NA,NA,NA,ONSHORE,Small,0.0
s_4072a,4.413298804,6.911825742,Nigeria,0.0,0.0,2016,NA,NA,NA,ONSHORE,Small,0.0
s_4072a,4.413298804,6.911825742,Nigeria,0.0,0.0,2017,NA,NA,NA,ONSHORE,Small,0.0
s_4072a,4.413298804,6.911825742,Nigeria,0.0,0.0,2018,NA,NA,NA,ONSHORE,Small,0.0
s_4072a,4.413298804,6.911825742,Nigeria,0.0,0.0,2019,NA,NA,NA,ONSHORE,Small,0.0
s_4072a,4.413298804,6.911825742,Nigeria,0.0,0.0,2020,NA,NA,NA,ONSHORE,Small,0.0
s_4072a,4.413298804,6.911825742,Nigeria,0.0,0.0,2021,NA,NA,NA,ONSHORE,Small,0.0
s_4072a,4.413298804,6.911825742,Nigeria,0.0,0.0,2022,NA,NA,NA,ONSHORE,Small,0.0
s_4072a,4.413298804,6.911825742,Nigeria,0.0,0.0,2023,NA,NA,NA,ONSHORE,Small,0.0
s_4072a,4.413298804,6.911825742,Nigeria,0.0,0.0,2024,NA,NA,NA,ONSHORE,Small,0.0
s_4072a,4.413298804,6.911825742,Nigeria,0.0012784608801308,0.12369443223497309,2025,NA,NA,NA,ONSHORE,Small,1.2784608801308
s_4072b,4.416014549,6.896833598,Nigeria,0.0,0.0,2012,NA,NA,NA,ONSHORE,Small,0.0
s_4072b,4.416014549,6.896833598,Nigeria,0.0,0.0,2013,NA,NA,NA,ONSHORE,Small,0.0
s_4072b,4.416014549,6.896833598,Nigeria,0.0,0.0,2014,NA,NA,NA,ONSHORE,Small,0.0
s_4072b,4.416014549,6.896833598,Nigeria,0.0,0.0,2015,NA,NA,NA,ONSHORE,Small,0.0
s_4072b,4.416014549,6.896833598,Nigeria,0.0,0.0,2016,NA,NA,NA,ONSHORE,Small,0.0
s_4072b,4.416014549,6.896833598,Nigeria,0.0,0.0,2017,NA,NA,NA,ONSHORE,Small,0.0
s_4072b,4.416014549,6.896833598,Nigeria,0.0,0.0,2018,NA,NA,NA,ONSHORE,Small,0.0
s_4072b,4.416014549,6.896833598,Nigeria,3.13429276615858e-05,0.0030325101862209783,2019,NA,NA,NA,ONSHORE,Small,0.0313429276615858
s_4072b,4.416014549,6.896833598,Nigeria,2.75065696260111e-05,0.002661332517482347,2020,NA,NA,NA,ONSHORE,Small,0.027506569626011102
s_4072b,4.416014549,6.896833598,Nigeria,0.0001953947431353,0.018904952188561742,2021,NA,NA,NA,ONSHORE,Small,0.1953947431353
s_4072b,4.416014549,6.896833598,Nigeria,0.0014281052045431,0.13817291181384903,2022,NA,NA,NA,ONSHORE,Small,1.4281052045431
s_4072b,4.416014549,6.896833598,Nigeria,0.0001881016221315,0.01819932366616714,2023,NA,NA,NA,ONSHORE,Small,0.1881016221315
s_4072b,4.416014549,6.896833598,Nigeria,0.0001055790885517,0.01021505281643999,2024,NA,NA,NA,ONSHORE,Small,0.1055790885517
s_4072b,4.416014549,6.896833598,Nigeria,1.12738558526829e-05,0.0010907750252427484,2025,NA,NA,NA,ONSHORE,Small,0.0112738558526829
s_4074,4.440560005,6.883522855,Nigeria,0.001326621712432,0.1283541186595207,2012,NA,NA,NA,ONSHORE,Small,1.3266217124319999
s_4074,4.440560005,6.883522855,Nigeria,0.0,0.0,2013,NA,NA,NA,ONSHORE,Small,0.0
s_4074,4.440560005,6.883522855,Nigeria,6.01209590913424e-05,0.005816859957001419,2014,NA,NA,NA,ONSHORE,Small,0.060120959091342394
s_4074,4.440560005,6.883522855,Nigeria,0.000178426526928,0.017263232913125245,2015,NA,NA,NA,ONSHORE,Small,0.17842652692799998
s_4074,4.440560005,6.883522855,Nigeria,8.62511304832981e-05,0.00834502234723413,2016,NA,NA,NA,ONSHORE,Small,0.0862511304832981
s_4074,4.440560005,6.883522855,Nigeria,0.0007031221451401,0.06802890560565515,2017,NA,NA,NA,ONSHORE,Small,0.7031221451401
s_4074,4.440560005,6.883522855,Nigeria,0.0006303839528963,0.06099129535787453,2018,NA,NA,NA,ONSHORE,Small,0.6303839528963
s_4074,4.440560005,6.883522855,Nigeria,4.78063461783816e-05,0.004625388965486755,2019,NA,NA,NA,ONSHORE,Small,0.0478063461783816
s_4074,4.440560005,6.883522855,Nigeria,0.0,0.0,2020,NA,NA,NA,ONSHORE,Small,0.0
s_4074,4.440560005,6.883522855,Nigeria,0.0,0.0,2021,NA,NA,NA,ONSHORE,Small,0.0
s_4074,4.440560005,6.883522855,Nigeria,1.94848938206403e-06,0.00018852144134877646,2022,NA,NA,NA,ONSHORE,Small,0.00194848938206403
s_4074,4.440560005,6.883522855,Nigeria,0.0002097795037581,0.020296715382669958,2023,NA,NA,NA,ONSHORE,Small,0.2097795037581
s_4074,4.440560005,6.883522855,Nigeria,0.0002264041277722,0.021905191215214486,2024,NA,NA,NA,ONSHORE,Small,0.2264041277722
s_4074,4.440560005,6.883522855,Nigeria,0.0,0.0,2025,NA,NA,NA,ONSHORE,Small,0.0
s_4075a,4.940828349,7.190889104,Nigeria,0.0,0.0,2012,OIL,NEPL,Imo River,ONSHORE,Small,0.0
s_4075a,4.940828349,7.190889104,Nigeria,0.0,0.0,2013,OIL,NEPL,Imo River,ONSHORE,Small,0.0
s_4075a,4.940828349,7.190889104,Nigeria,0.0,0.0,2014,OIL,NEPL,Imo River,ONSHORE,Small,0.0
s_4075a,4.940828349,7.190889104,Nigeria,0.0,0.0,2015,OIL,NEPL,Imo River,ONSHORE,Small,0.0
s_4075a,4.940828349,7.190889104,Nigeria,0.0,0.0,2016,OIL,NEPL,Imo River,ONSHORE,Small,0.0
s_4075a,4.940828349,7.190889104,Nigeria,0.0,0.0,2017,OIL,NEPL,Imo River,ONSHORE,Small,0.0
s_4075a,4.940828349,7.190889104,Nigeria,0.0,0.0,2018,OIL,NEPL,Imo River,ONSHORE,Small,0.0
s_4075a,4.940828349,7.190889104,Nigeria,0.0,0.0,2019,OIL,NEPL,Imo River,ONSHORE,Small,0.0
s_4075a,4.940828349,7.190889104,Nigeria,0.0,0.0,2020,OIL,NEPL,Imo River,ONSHORE,Small,0.0
s_4075a,4.940828349,7.190889104,Nigeria,0.0021632505846006,0.2093001491111471,2021,OIL,NEPL,Imo River,ONSHORE,Small,2.1632505846006
s_4075a,4.940828349,7.190889104,Nigeria,0.0011428000713649,0.11056889434982603,2022,OIL,NEPL,Imo River,ONSHORE,Small,1.1428000713648998
s_4075a,4.940828349,7.190889104,Nigeria,5.32945841653387e-06,0.0005156390337775609,2023,OIL,NEPL,Imo River,ONSHORE,Small,0.00532945841653387
s_4075a,4.940828349,7.190889104,Nigeria,0.0,0.0,2024,OIL,NEPL,Imo River,ONSHORE,Small,0.0
s_4075a,4.940828349,7.190889104,Nigeria,0.0,0.0,2025,OIL,NEPL,Imo River,ONSHORE,Small,0.0
s_4075b,4.950018115,7.196618535,Nigeria,0.0,0.0,2012,OIL,NEPL,Imo River,ONSHORE,Small,0.0
s_4075b,4.950018115,7.196618535,Nigeria,0.0,0.0,2013,OIL,NEPL,Imo River,ONSHORE,Small,0.0
s_4075b,4.950018115,7.196618535,Nigeria,0.0,0.0,2014,OIL,NEPL,Imo River,ONSHORE,Small,0.0
s_4075b,4.950018115,7.196618535,Nigeria,0.0,0.0,2015,OIL,NEPL,Imo River,ONSHORE,Small,0.0
s_4075b,4.950018115,7.196618535,Nigeria,0.0001301127797364,0.01258875157318971,2016,OIL,NEPL,Imo River,ONSHORE,Small,0.1301127797364
s_4075b,4.950018115,7.196618535,Nigeria,0.0,0.0,2017,OIL,NEPL,Imo River,ONSHORE,Small,0.0
s_4075b,4.950018115,7.196618535,Nigeria,0.0,0.0,2018,OIL,NEPL,Imo River,ONSHORE,Small,0.0
s_4075b,4.950018115,7.196618535,Nigeria,0.0,0.0,2019,OIL,NEPL,Imo River,ONSHORE,Small,0.0
s_4075b,4.950018115,7.196618535,Nigeria,0.0,0.0,2020,OIL,NEPL,Imo River,ONSHORE,Small,0.0
s_4075b,4.950018115,7.196618535,Nigeria,0.000449335511639,0.04347438537932487,2021,OIL,NEPL,Imo River,ONSHORE,Small,0.44933551163900004
s_4075b,4.950018115,7.196618535,Nigeria,1.90815540910992e-05,0.0018461902402660626,2022,OIL,NEPL,Imo River,ONSHORE,Small,0.0190815540910992
s_4075b,4.950018115,7.196618535,Nigeria,2.63529711505958e-05,0.0025497188493120494,2023,OIL,NEPL,Imo River,ONSHORE,Small,0.026352971150595803
s_4075b,4.950018115,7.196618535,Nigeria,9.28744545284739e-06,0.0008985846262935363,2024,OIL,NEPL,Imo River,ONSHORE,Small,0.00928744545284739
s_4075b,4.950018115,7.196618535,Nigeria,0.0,0.0,2025,OIL,NEPL,Imo River,ONSHORE,Small,0.0
s_4076,4.528796084,7.140580248,Nigeria,0.0039319915323326,0.3804304595498006,2012,OIL,NEPL,Bonny North,ONSHORE,Small,3.9319915323326
s_4076,4.528796084,7.140580248,Nigeria,0.0,0.0,2013,OIL,NEPL,Bonny North,ONSHORE,Small,0.0
s_4076,4.528796084,7.140580248,Nigeria,0.0,0.0,2014,OIL,NEPL,Bonny North,ONSHORE,Small,0.0
s_4076,4.528796084,7.140580248,Nigeria,0.0,0.0,2015,OIL,NEPL,Bonny North,ONSHORE,Small,0.0
s_4076,4.528796084,7.140580248,Nigeria,0.0001785746172189,0.017277561035899336,2016,OIL,NEPL,Bonny North,ONSHORE,Small,0.1785746172189
s_4076,4.528796084,7.140580248,Nigeria,0.0003401874194839,0.03291402213436244,2017,OIL,NEPL,Bonny North,ONSHORE,Small,0.3401874194839
s_4076,4.528796084,7.140580248,Nigeria,0.0003866749415551,0.037411811419881716,2018,OIL,NEPL,Bonny North,ONSHORE,Small,0.3866749415551
s_4076,4.528796084,7.140580248,Nigeria,0.0015489999256083,0.1498697921132567,2019,OIL,NEPL,Bonny North,ONSHORE,Small,1.5489999256083
s_4076,4.528796084,7.140580248,Nigeria,0.0007805228918112,0.07551763018287115,2020,OIL,NEPL,Bonny North,ONSHORE,Small,0.7805228918112
s_4076,4.528796084,7.140580248,Nigeria,0.0009858173046534,0.09538040129474909,2021,OIL,NEPL,Bonny North,ONSHORE,Small,0.9858173046534001
s_4076,4.528796084,7.140580248,Nigeria,0.0006066119014575,0.05869128723757749,2022,OIL,NEPL,Bonny North,ONSHORE,Small,0.6066119014575
s_4076,4.528796084,7.140580248,Nigeria,0.0012062258090146,0.11670550027151941,2023,OIL,NEPL,Bonny North,ONSHORE,Small,1.2062258090145999
s_4076,4.528796084,7.140580248,Nigeria,0.0001797790600357,0.017394094027013092,2024,OIL,NEPL,Bonny North,ONSHORE,Small,0.1797790600357
s_4076,4.528796084,7.140580248,Nigeria,0.0,0.0,2025,OIL,NEPL,Bonny North,ONSHORE,Small,0.0
s_4077,5.456260283,6.762431257,Nigeria,0.0,0.0,2012,OIL,Oando Oil,M'Bede,ONSHORE,Small,0.0
s_4077,5.456260283,6.762431257,Nigeria,0.0,0.0,2013,OIL,Oando Oil,M'Bede,ONSHORE,Small,0.0
s_4077,5.456260283,6.762431257,Nigeria,0.0,0.0,2014,OIL,Oando Oil,M'Bede,ONSHORE,Small,0.0
s_4077,5.456260283,6.762431257,Nigeria,0.0,0.0,2015,OIL,Oando Oil,M'Bede,ONSHORE,Small,0.0
s_4077,5.456260283,6.762431257,Nigeria,0.0,0.0,2016,OIL,Oando Oil,M'Bede,ONSHORE,Small,0.0
s_4077,5.456260283,6.762431257,Nigeria,0.0,0.0,2017,OIL,Oando Oil,M'Bede,ONSHORE,Small,0.0
s_4077,5.456260283,6.762431257,Nigeria,0.0,0.0,2018,OIL,Oando Oil,M'Bede,ONSHORE,Small,0.0
s_4077,5.456260283,6.762431257,Nigeria,0.0,0.0,2019,OIL,Oando Oil,M'Bede,ONSHORE,Small,0.0
s_4077,5.456260283,6.762431257,Nigeria,0.000908602753224,0.08790969159390896,2020,OIL,Oando Oil,M'Bede,ONSHORE,Small,0.908602753224
s_4077,5.456260283,6.762431257,Nigeria,0.0041116907031255,0.3978168240837307,2021,OIL,Oando Oil,M'Bede,ONSHORE,Small,4.1116907031255
s_4077,5.456260283,6.762431257,Nigeria,0.001504731423509,0.1455866988108591,2022,OIL,Oando Oil,M'Bede,ONSHORE,Small,1.5047314235090001
s_4077,5.456260283,6.762431257,Nigeria,0.0,0.0,2023,OIL,Oando Oil,M'Bede,ONSHORE,Small,0.0
s_4077,5.456260283,6.762431257,Nigeria,1.19178721934926e-07,1.1530852897682851e-05,2024,OIL,Oando Oil,M'Bede,ONSHORE,Small,0.000119178721934926
s_4077,5.456260283,6.762431257,Nigeria,0.0,0.0,2025,OIL,Oando Oil,M'Bede,ONSHORE,Small,0.0
s_4078,4.532902265,7.060691824,Nigeria,0.0,0.0,2012,OIL,NNPC Limited,Akaso,ONSHORE,Small,0.0
s_4078,4.532902265,7.060691824,Nigeria,0.0,0.0,2013,OIL,NNPC Limited,Akaso,ONSHORE,Small,0.0
s_4078,4.532902265,7.060691824,Nigeria,0.0,0.0,2014,OIL,NNPC Limited,Akaso,ONSHORE,Small,0.0
s_4078,4.532902265,7.060691824,Nigeria,0.0,0.0,2015,OIL,NNPC Limited,Akaso,ONSHORE,Small,0.0
s_4078,4.532902265,7.060691824,Nigeria,0.000135707405996,0.01313004628897115,2016,OIL,NNPC Limited,Akaso,ONSHORE,Small,0.135707405996
s_4078,4.532902265,7.060691824,Nigeria,0.0001579882763661,0.015285778742707697,2017,OIL,NNPC Limited,Akaso,ONSHORE,Small,0.1579882763661
s_4078,4.532902265,7.060691824,Nigeria,0.0007940545854076,0.07682685691213412,2018,OIL,NNPC Limited,Akaso,ONSHORE,Small,0.7940545854076
s_4078,4.532902265,7.060691824,Nigeria,0.0009575120772431,0.09264179654882941,2019,OIL,NNPC Limited,Akaso,ONSHORE,Small,0.9575120772431001
s_4078,4.532902265,7.060691824,Nigeria,0.0040489528058228,0.3917467685137241,2020,OIL,NNPC Limited,Akaso,ONSHORE,Small,4.0489528058227995
s_4078,4.532902265,7.060691824,Nigeria,0.0001950642045051,0.018872971712013933,2021,OIL,NNPC Limited,Akaso,ONSHORE,Small,0.1950642045051
s_4078,4.532902265,7.060691824,Nigeria,0.0001007734418847,0.00975009393874978,2022,OIL,NNPC Limited,Akaso,ONSHORE,Small,0.10077344188470001
s_4078,4.532902265,7.060691824,Nigeria,0.0009473892260722,0.09166238423544247,2023,OIL,NNPC Limited,Akaso,ONSHORE,Small,0.9473892260722
s_4078,4.532902265,7.060691824,Nigeria,0.0016736837297975,0.1619332761101247,2024,OIL,NNPC Limited,Akaso,ONSHORE,Small,1.6736837297975
s_4078,4.532902265,7.060691824,Nigeria,0.0002171322662851,0.02100811437834576,2025,OIL,NNPC Limited,Akaso,ONSHORE,Small,0.2171322662851
s_4081,4.580821532,6.929565757,Nigeria,0.0,0.0,2012,GAS,TotalEnergies,Ubeta,OFFSHORE,Small,0.0
s_4081,4.580821532,6.929565757,Nigeria,0.0,0.0,2013,GAS,TotalEnergies,Ubeta,OFFSHORE,Small,0.0
s_4081,4.580821532,6.929565757,Nigeria,0.0,0.0,2014,GAS,TotalEnergies,Ubeta,OFFSHORE,Small,0.0
s_4081,4.580821532,6.929565757,Nigeria,0.0,0.0,2015,GAS,TotalEnergies,Ubeta,OFFSHORE,Small,0.0
s_4081,4.580821532,6.929565757,Nigeria,0.0,0.0,2016,GAS,TotalEnergies,Ubeta,OFFSHORE,Small,0.0
s_4081,4.580821532,6.929565757,Nigeria,0.0006752368359309,0.06533092904341904,2017,GAS,TotalEnergies,Ubeta,OFFSHORE,Small,0.6752368359309
s_4081,4.580821532,6.929565757,Nigeria,0.0016058030708269,0.15536564490482324,2018,GAS,TotalEnergies,Ubeta,OFFSHORE,Small,1.6058030708269
s_4081,4.580821532,6.929565757,Nigeria,0.0039562767321626,0.38278011611839063,2019,GAS,TotalEnergies,Ubeta,OFFSHORE,Small,3.9562767321626002
s_4081,4.580821532,6.929565757,Nigeria,0.0017829842571224,0.17250838785625294,2020,GAS,TotalEnergies,Ubeta,OFFSHORE,Small,1.7829842571224
s_4081,4.580821532,6.929565757,Nigeria,0.0,0.0,2021,GAS,TotalEnergies,Ubeta,OFFSHORE,Small,0.0
s_4081,4.580821532,6.929565757,Nigeria,7.11076869849574e-07,6.879854601610184e-05,2022,GAS,TotalEnergies,Ubeta,OFFSHORE,Small,0.0007110768698495739
s_4081,4.580821532,6.929565757,Nigeria,0.0,0.0,2023,GAS,TotalEnergies,Ubeta,OFFSHORE,Small,0.0
s_4081,4.580821532,6.929565757,Nigeria,0.0,0.0,2024,GAS,TotalEnergies,Ubeta,OFFSHORE,Small,0.0
s_4081,4.580821532,6.929565757,Nigeria,0.0,0.0,2025,GAS,TotalEnergies,Ubeta,OFFSHORE,Small,0.0
s_4083,5.053114739,6.703951155,Nigeria,0.0,0.0,2012,OIL,Renaissance Africa Energy ,Mini Nta,ONSHORE,Small,0.0
s_4083,5.053114739,6.703951155,Nigeria,0.0,0.0,2013,OIL,Renaissance Africa Energy ,Mini Nta,ONSHORE,Small,0.0
s_4083,5.053114739,6.703951155,Nigeria,0.0,0.0,2014,OIL,Renaissance Africa Energy ,Mini Nta,ONSHORE,Small,0.0
s_4083,5.053114739,6.703951155,Nigeria,0.0,0.0,2015,OIL,Renaissance Africa Energy ,Mini Nta,ONSHORE,Small,0.0
s_4083,5.053114739,6.703951155,Nigeria,0.0,0.0,2016,OIL,Renaissance Africa Energy ,Mini Nta,ONSHORE,Small,0.0
s_4083,5.053114739,6.703951155,Nigeria,0.0,0.0,2017,OIL,Renaissance Africa Energy ,Mini Nta,ONSHORE,Small,0.0
s_4083,5.053114739,6.703951155,Nigeria,0.0,0.0,2018,OIL,Renaissance Africa Energy ,Mini Nta,ONSHORE,Small,0.0
s_4083,5.053114739,6.703951155,Nigeria,0.0,0.0,2019,OIL,Renaissance Africa Energy ,Mini Nta,ONSHORE,Small,0.0
s_4083,5.053114739,6.703951155,Nigeria,0.0009311120521073,0.09008752510344291,2020,OIL,Renaissance Africa Energy ,Mini Nta,ONSHORE,Small,0.9311120521073001
s_4083,5.053114739,6.703951155,Nigeria,0.0115930775540511,1.1216605593419864,2021,OIL,Renaissance Africa Energy ,Mini Nta,ONSHORE,Small,11.593077554051101
s_4083,5.053114739,6.703951155,Nigeria,0.0039113437277646,0.37843273048148823,2022,OIL,Renaissance Africa Energy ,Mini Nta,ONSHORE,Small,3.9113437277645997
s_4083,5.053114739,6.703951155,Nigeria,0.0001427153333604,0.013808081581216233,2023,OIL,Renaissance Africa Energy ,Mini Nta,ONSHORE,Small,0.14271533336040002
s_4083,5.053114739,6.703951155,Nigeria,4.95821586269354e-06,0.00047972034621158473,2024,OIL,Renaissance Africa Energy ,Mini Nta,ONSHORE,Small,0.00495821586269354
s_4083,5.053114739,6.703951155,Nigeria,0.0,0.0,2025,OIL,Renaissance Africa Energy ,Mini Nta,ONSHORE,Small,0.0
s_4084,4.644056454,6.891248625,Nigeria,0.0,0.0,2012,NA,NA,NA,ONSHORE,Small,0.0
s_4084,4.644056454,6.891248625,Nigeria,0.0,0.0,2013,NA,NA,NA,ONSHORE,Small,0.0
s_4084,4.644056454,6.891248625,Nigeria,0.0,0.0,2014,NA,NA,NA,ONSHORE,Small,0.0
s_4084,4.644056454,6.891248625,Nigeria,0.0,0.0,2015,NA,NA,NA,ONSHORE,Small,0.0
s_4084,4.644056454,6.891248625,Nigeria,3.32358602690596e-05,0.0032156563643946767,2016,NA,NA,NA,ONSHORE,Small,0.0332358602690596
s_4084,4.644056454,6.891248625,Nigeria,8.0850073123347e-05,0.00782245592851092,2017,NA,NA,NA,ONSHORE,Small,0.08085007312334701
s_4084,4.644056454,6.891248625,Nigeria,0.0003196672058735,0.030928637824739202,2018,NA,NA,NA,ONSHORE,Small,0.3196672058735
s_4084,4.644056454,6.891248625,Nigeria,0.0005578506171079,0.053973505507678356,2019,NA,NA,NA,ONSHORE,Small,0.5578506171079
s_4084,4.644056454,6.891248625,Nigeria,0.0011995476641371,0.1160593722969812,2020,NA,NA,NA,ONSHORE,Small,1.1995476641371
s_4084,4.644056454,6.891248625,Nigeria,0.0001881940695775,0.018208268198238682,2021,NA,NA,NA,ONSHORE,Small,0.18819406957749998
s_4084,4.644056454,6.891248625,Nigeria,0.0003879980413535,0.03753982478415185,2022,NA,NA,NA,ONSHORE,Small,0.3879980413535
s_4084,4.644056454,6.891248625,Nigeria,0.0002294631540247,0.022201160001882526,2023,NA,NA,NA,ONSHORE,Small,0.22946315402470002
s_4084,4.644056454,6.891248625,Nigeria,0.0001278140810344,0.01236634646463913,2024,NA,NA,NA,ONSHORE,Small,0.1278140810344
s_4084,4.644056454,6.891248625,Nigeria,0.0,0.0,2025,NA,NA,NA,ONSHORE,Small,0.0
s_4085,4.650914166,7.235961988,Nigeria,0.0001988730216485,0.019241484727438772,2012,GAS,ExxonMobil,Oso,ONSHORE,Small,0.1988730216485
s_4085,4.650914166,7.235961988,Nigeria,0.0006795266872826,0.06574598337599015,2013,GAS,ExxonMobil,Oso,ONSHORE,Small,0.6795266872826
s_4085,4.650914166,7.235961988,Nigeria,0.0,0.0,2014,GAS,ExxonMobil,Oso,ONSHORE,Small,0.0
s_4085,4.650914166,7.235961988,Nigeria,0.0,0.0,2015,GAS,ExxonMobil,Oso,ONSHORE,Small,0.0
s_4085,4.650914166,7.235961988,Nigeria,2.52552396548145e-05,0.002443510457465735,2016,GAS,ExxonMobil,Oso,ONSHORE,Small,0.0252552396548145
s_4085,4.650914166,7.235961988,Nigeria,0.0004824707221936,0.04668030362073261,2017,GAS,ExxonMobil,Oso,ONSHORE,Small,0.4824707221936
s_4085,4.650914166,7.235961988,Nigeria,0.0037924237905617,0.3669269156831298,2018,GAS,ExxonMobil,Oso,ONSHORE,Small,3.7924237905617
s_4085,4.650914166,7.235961988,Nigeria,0.0033596539984828,0.3250553069764402,2019,GAS,ExxonMobil,Oso,ONSHORE,Small,3.3596539984828
s_4085,4.650914166,7.235961988,Nigeria,1.41335486210943e-05,0.0013674577762385525,2020,GAS,ExxonMobil,Oso,ONSHORE,Small,0.0141335486210943
s_4085,4.650914166,7.235961988,Nigeria,0.0,0.0,2021,GAS,ExxonMobil,Oso,ONSHORE,Small,0.0
s_4085,4.650914166,7.235961988,Nigeria,0.0,0.0,2022,GAS,ExxonMobil,Oso,ONSHORE,Small,0.0
s_4085,4.650914166,7.235961988,Nigeria,4.20362376401079e-05,0.004067115880507483,2023,GAS,ExxonMobil,Oso,ONSHORE,Small,0.042036237640107894
s_4085,4.650914166,7.235961988,Nigeria,1.28788933091822e-05,0.0012460665949599492,2024,GAS,ExxonMobil,Oso,ONSHORE,Small,0.0128788933091822
s_4085,4.650914166,7.235961988,Nigeria,0.0,0.0,2025,GAS,ExxonMobil,Oso,ONSHORE,Small,0.0
s_4086,4.618942072,7.012238347,Nigeria,5.32094071598165e-05,0.005148149239826279,2012,OIL,NNPC Limited,Alakiri,OFFSHORE,Small,0.0532094071598165
s_4086,4.618942072,7.012238347,Nigeria,0.0001442247168553,0.01395411838009536,2013,OIL,NNPC Limited,Alakiri,OFFSHORE,Small,0.1442247168553
s_4086,4.618942072,7.012238347,Nigeria,5.88038793037868e-05,0.005689429044517667,2014,OIL,NNPC Limited,Alakiri,OFFSHORE,Small,0.0588038793037868
s_4086,4.618942072,7.012238347,Nigeria,3.80656853083057e-05,0.0036829545628054724,2015,OIL,NNPC Limited,Alakiri,OFFSHORE,Small,0.038065685308305695
s_4086,4.618942072,7.012238347,Nigeria,0.0,0.0,2016,OIL,NNPC Limited,Alakiri,OFFSHORE,Small,0.0
s_4086,4.618942072,7.012238347,Nigeria,0.0,0.0,2017,OIL,NNPC Limited,Alakiri,OFFSHORE,Small,0.0
s_4086,4.618942072,7.012238347,Nigeria,0.0010907958080428,0.10553734592671976,2018,OIL,NNPC Limited,Alakiri,OFFSHORE,Small,1.0907958080428002
s_4086,4.618942072,7.012238347,Nigeria,0.0006329410154122,0.06123869784082044,2019,OIL,NNPC Limited,Alakiri,OFFSHORE,Small,0.6329410154121999
s_4086,4.618942072,7.012238347,Nigeria,0.0,0.0,2020,OIL,NNPC Limited,Alakiri,OFFSHORE,Small,0.0
s_4086,4.618942072,7.012238347,Nigeria,0.0,0.0,2021,OIL,NNPC Limited,Alakiri,OFFSHORE,Small,0.0
s_4086,4.618942072,7.012238347,Nigeria,0.0,0.0,2022,OIL,NNPC Limited,Alakiri,OFFSHORE,Small,0.0
s_4086,4.618942072,7.012238347,Nigeria,0.0,0.0,2023,OIL,NNPC Limited,Alakiri,OFFSHORE,Small,0.0
s_4086,4.618942072,7.012238347,Nigeria,0.0,0.0,2024,OIL,NNPC Limited,Alakiri,OFFSHORE,Small,0.0
s_4086,4.618942072,7.012238347,Nigeria,0.0,0.0,2025,OIL,NNPC Limited,Alakiri,OFFSHORE,Small,0.0
s_4087a,5.483819186,5.210852523,Nigeria,0.0,0.0,2012,OIL,Renaissance Africa Energy ,Forcados Yokri,OFFSHORE,Small,0.0
s_4087a,5.483819186,5.210852523,Nigeria,0.0,0.0,2013,OIL,Renaissance Africa Energy ,Forcados Yokri,OFFSHORE,Small,0.0
s_4087a,5.483819186,5.210852523,Nigeria,0.0,0.0,2014,OIL,Renaissance Africa Energy ,Forcados Yokri,OFFSHORE,Small,0.0
s_4087a,5.483819186,5.210852523,Nigeria,0.0,0.0,2015,OIL,Renaissance Africa Energy ,Forcados Yokri,OFFSHORE,Small,0.0
s_4087a,5.483819186,5.210852523,Nigeria,0.0,0.0,2016,OIL,Renaissance Africa Energy ,Forcados Yokri,OFFSHORE,Small,0.0
s_4087a,5.483819186,5.210852523,Nigeria,0.0,0.0,2017,OIL,Renaissance Africa Energy ,Forcados Yokri,OFFSHORE,Small,0.0
s_4087a,5.483819186,5.210852523,Nigeria,0.0,0.0,2018,OIL,Renaissance Africa Energy ,Forcados Yokri,OFFSHORE,Small,0.0
s_4087a,5.483819186,5.210852523,Nigeria,0.0,0.0,2019,OIL,Renaissance Africa Energy ,Forcados Yokri,OFFSHORE,Small,0.0
s_4087a,5.483819186,5.210852523,Nigeria,0.0019376119061022,0.1874690171141683,2020,OIL,Renaissance Africa Energy ,Forcados Yokri,OFFSHORE,Small,1.9376119061022001
s_4087a,5.483819186,5.210852523,Nigeria,0.0019700127831127,0.19060388666552988,2021,OIL,Renaissance Africa Energy ,Forcados Yokri,OFFSHORE,Small,1.9700127831127
s_4087a,5.483819186,5.210852523,Nigeria,0.0008376999741652,0.08104966236981358,2022,OIL,Renaissance Africa Energy ,Forcados Yokri,OFFSHORE,Small,0.8376999741652
s_4087a,5.483819186,5.210852523,Nigeria,0.0002103205572766,0.02034906372497727,2023,OIL,Renaissance Africa Energy ,Forcados Yokri,OFFSHORE,Small,0.2103205572766
s_4087a,5.483819186,5.210852523,Nigeria,0.0,0.0,2024,OIL,Renaissance Africa Energy ,Forcados Yokri,OFFSHORE,Small,0.0
s_4087a,5.483819186,5.210852523,Nigeria,0.0,0.0,2025,OIL,Renaissance Africa Energy ,Forcados Yokri,OFFSHORE,Small,0.0
s_4087b,5.491110832,5.200323331,Nigeria,0.0,0.0,2012,OIL,Renaissance Africa Energy ,Afremo,OFFSHORE,Small,0.0
s_4087b,5.491110832,5.200323331,Nigeria,0.0,0.0,2013,OIL,Renaissance Africa Energy ,Afremo,OFFSHORE,Small,0.0
s_4087b,5.491110832,5.200323331,Nigeria,0.0,0.0,2014,OIL,Renaissance Africa Energy ,Afremo,OFFSHORE,Small,0.0
s_4087b,5.491110832,5.200323331,Nigeria,0.0,0.0,2015,OIL,Renaissance Africa Energy ,Afremo,OFFSHORE,Small,0.0
s_4087b,5.491110832,5.200323331,Nigeria,0.0,0.0,2016,OIL,Renaissance Africa Energy ,Afremo,OFFSHORE,Small,0.0
s_4087b,5.491110832,5.200323331,Nigeria,0.0,0.0,2017,OIL,Renaissance Africa Energy ,Afremo,OFFSHORE,Small,0.0
s_4087b,5.491110832,5.200323331,Nigeria,0.0,0.0,2018,OIL,Renaissance Africa Energy ,Afremo,OFFSHORE,Small,0.0
s_4087b,5.491110832,5.200323331,Nigeria,0.0011147160142758,0.10785168841065378,2019,OIL,Renaissance Africa Energy ,Afremo,OFFSHORE,Small,1.1147160142758
s_4087b,5.491110832,5.200323331,Nigeria,0.0008510863771155,0.08234483184925553,2020,OIL,Renaissance Africa Energy ,Afremo,OFFSHORE,Small,0.8510863771155
s_4087b,5.491110832,5.200323331,Nigeria,0.0011958197484763,0.11569868671148612,2021,OIL,Renaissance Africa Energy ,Afremo,OFFSHORE,Small,1.1958197484763
s_4087b,5.491110832,5.200323331,Nigeria,0.0015327920448907,0.14830163728407603,2022,OIL,Renaissance Africa Energy ,Afremo,OFFSHORE,Small,1.5327920448907
s_4087b,5.491110832,5.200323331,Nigeria,0.0,0.0,2023,OIL,Renaissance Africa Energy ,Afremo,OFFSHORE,Small,0.0
s_4087b,5.491110832,5.200323331,Nigeria,0.0,0.0,2024,OIL,Renaissance Africa Energy ,Afremo,OFFSHORE,Small,0.0
s_4087b,5.491110832,5.200323331,Nigeria,0.0001204387844477,0.011652767239780051,2025,OIL,Renaissance Africa Energy ,Afremo,OFFSHORE,Small,0.1204387844477
s_4088,5.030007092,5.568219516,Nigeria,0.0,0.0,2012,OIL,Renaissance Africa Energy ,Ogbotobo,ONSHORE,Small,0.0
s_4088,5.030007092,5.568219516,Nigeria,0.0,0.0,2013,OIL,Renaissance Africa Energy ,Ogbotobo,ONSHORE,Small,0.0
s_4088,5.030007092,5.568219516,Nigeria,0.0,0.0,2014,OIL,Renaissance Africa Energy ,Ogbotobo,ONSHORE,Small,0.0
s_4088,5.030007092,5.568219516,Nigeria,0.0,0.0,2015,OIL,Renaissance Africa Energy ,Ogbotobo,ONSHORE,Small,0.0
s_4088,5.030007092,5.568219516,Nigeria,0.0,0.0,2016,OIL,Renaissance Africa Energy ,Ogbotobo,ONSHORE,Small,0.0
s_4088,5.030007092,5.568219516,Nigeria,0.0,0.0,2017,OIL,Renaissance Africa Energy ,Ogbotobo,ONSHORE,Small,0.0
s_4088,5.030007092,5.568219516,Nigeria,0.0,0.0,2018,OIL,Renaissance Africa Energy ,Ogbotobo,ONSHORE,Small,0.0
s_4088,5.030007092,5.568219516,Nigeria,0.0,0.0,2019,OIL,Renaissance Africa Energy ,Ogbotobo,ONSHORE,Small,0.0
s_4088,5.030007092,5.568219516,Nigeria,0.0,0.0,2020,OIL,Renaissance Africa Energy ,Ogbotobo,ONSHORE,Small,0.0
s_4088,5.030007092,5.568219516,Nigeria,0.0003870610840918,0.03744917171974008,2021,OIL,Renaissance Africa Energy ,Ogbotobo,ONSHORE,Small,0.3870610840918
s_4088,5.030007092,5.568219516,Nigeria,0.0009778241238973,0.09460704016126163,2022,OIL,Renaissance Africa Energy ,Ogbotobo,ONSHORE,Small,0.9778241238972999
s_4088,5.030007092,5.568219516,Nigeria,0.0018353492433333,0.1775748371618326,2023,OIL,Renaissance Africa Energy ,Ogbotobo,ONSHORE,Small,1.8353492433332999
s_4088,5.030007092,5.568219516,Nigeria,0.0,0.0,2024,OIL,Renaissance Africa Energy ,Ogbotobo,ONSHORE,Small,0.0
s_4088,5.030007092,5.568219516,Nigeria,0.0,0.0,2025,OIL,Renaissance Africa Energy ,Ogbotobo,ONSHORE,Small,0.0
s_4089,4.457950171,7.029964697,Nigeria,0.0,0.0,2012,OIL,NNPC Limited,Akaso,OFFSHORE,Small,0.0
s_4089,4.457950171,7.029964697,Nigeria,0.0,0.0,2013,OIL,NNPC Limited,Akaso,OFFSHORE,Small,0.0
s_4089,4.457950171,7.029964697,Nigeria,0.0,0.0,2014,OIL,NNPC Limited,Akaso,OFFSHORE,Small,0.0
s_4089,4.457950171,7.029964697,Nigeria,0.0,0.0,2015,OIL,NNPC Limited,Akaso,OFFSHORE,Small,0.0
s_4089,4.457950171,7.029964697,Nigeria,0.0,0.0,2016,OIL,NNPC Limited,Akaso,OFFSHORE,Small,0.0
s_4089,4.457950171,7.029964697,Nigeria,0.0,0.0,2017,OIL,NNPC Limited,Akaso,OFFSHORE,Small,0.0
s_4089,4.457950171,7.029964697,Nigeria,0.0,0.0,2018,OIL,NNPC Limited,Akaso,OFFSHORE,Small,0.0
s_4089,4.457950171,7.029964697,Nigeria,0.0,0.0,2019,OIL,NNPC Limited,Akaso,OFFSHORE,Small,0.0
s_4089,4.457950171,7.029964697,Nigeria,0.0008628722987642,0.08348515057887726,2020,OIL,NNPC Limited,Akaso,OFFSHORE,Small,0.8628722987642
s_4089,4.457950171,7.029964697,Nigeria,2.67006795004705e-05,0.002583360541122525,2021,OIL,NNPC Limited,Akaso,OFFSHORE,Small,0.0267006795004705
s_4089,4.457950171,7.029964697,Nigeria,6.10766756833333e-05,0.005909328035658438,2022,OIL,NNPC Limited,Akaso,OFFSHORE,Small,0.0610766756833333
s_4089,4.457950171,7.029964697,Nigeria,0.0,0.0,2023,OIL,NNPC Limited,Akaso,OFFSHORE,Small,0.0
s_4089,4.457950171,7.029964697,Nigeria,0.0,0.0,2024,OIL,NNPC Limited,Akaso,OFFSHORE,Small,0.0
s_4089,4.457950171,7.029964697,Nigeria,0.0,0.0,2025,OIL,NNPC Limited,Akaso,OFFSHORE,Small,0.0
s_4090,4.476911276,7.032075143,Nigeria,0.0010250960792737,0.09918072541968156,2012,OIL,NNPC Limited,Akaso,ONSHORE,Small,1.0250960792737
s_4090,4.476911276,7.032075143,Nigeria,0.0,0.0,2013,OIL,NNPC Limited,Akaso,ONSHORE,Small,0.0
s_4090,4.476911276,7.032075143,Nigeria,0.0,0.0,2014,OIL,NNPC Limited,Akaso,ONSHORE,Small,0.0
s_4090,4.476911276,7.032075143,Nigeria,2.63647331194937e-05,0.002550856850550415,2015,OIL,NNPC Limited,Akaso,ONSHORE,Small,0.0263647331194937
s_4090,4.476911276,7.032075143,Nigeria,0.0001201472544623,0.011624560951590902,2016,OIL,NNPC Limited,Akaso,ONSHORE,Small,0.1201472544623
s_4090,4.476911276,7.032075143,Nigeria,0.0001180386576228,0.011420548695191062,2017,OIL,NNPC Limited,Akaso,ONSHORE,Small,0.1180386576228
s_4090,4.476911276,7.032075143,Nigeria,9.62683499776204e-05,0.009314214519775639,2018,OIL,NNPC Limited,Akaso,ONSHORE,Small,0.0962683499776204
s_4090,4.476911276,7.032075143,Nigeria,0.0,0.0,2019,OIL,NNPC Limited,Akaso,ONSHORE,Small,0.0
s_4090,4.476911276,7.032075143,Nigeria,0.000497456246721,0.04813019229309493,2020,OIL,NNPC Limited,Akaso,ONSHORE,Small,0.49745624672100003
s_4090,4.476911276,7.032075143,Nigeria,0.0006932972000992,0.06707831648911558,2021,OIL,NNPC Limited,Akaso,ONSHORE,Small,0.6932972000991999
s_4090,4.476911276,7.032075143,Nigeria,8.27629044884622e-05,0.008007527363504664,2022,OIL,NNPC Limited,Akaso,ONSHORE,Small,0.0827629044884622
s_4090,4.476911276,7.032075143,Nigeria,2.88264952365551e-05,0.0027890387707796213,2023,OIL,NNPC Limited,Akaso,ONSHORE,Small,0.028826495236555102
s_4090,4.476911276,7.032075143,Nigeria,3.11744350901653e-06,0.00030162080894720057,2024,OIL,NNPC Limited,Akaso,ONSHORE,Small,0.00311744350901653
s_4090,4.476911276,7.032075143,Nigeria,9.63137895218048e-06,0.0009318610914461044,2025,OIL,NNPC Limited,Akaso,ONSHORE,Small,0.00963137895218048
s_4091,5.325356774,6.834014439,Nigeria,0.0,0.0,2012,OIL,Sterling Global,Oguali,ONSHORE,Small,0.0
s_4091,5.325356774,6.834014439,Nigeria,0.0,0.0,2013,OIL,Sterling Global,Oguali,ONSHORE,Small,0.0
s_4091,5.325356774,6.834014439,Nigeria,0.0,0.0,2014,OIL,Sterling Global,Oguali,ONSHORE,Small,0.0
s_4091,5.325356774,6.834014439,Nigeria,0.0,0.0,2015,OIL,Sterling Global,Oguali,ONSHORE,Small,0.0
s_4091,5.325356774,6.834014439,Nigeria,0.0,0.0,2016,OIL,Sterling Global,Oguali,ONSHORE,Small,0.0
s_4091,5.325356774,6.834014439,Nigeria,0.0,0.0,2017,OIL,Sterling Global,Oguali,ONSHORE,Small,0.0
s_4091,5.325356774,6.834014439,Nigeria,0.0,0.0,2018,OIL,Sterling Global,Oguali,ONSHORE,Small,0.0
s_4091,5.325356774,6.834014439,Nigeria,0.0,0.0,2019,OIL,Sterling Global,Oguali,ONSHORE,Small,0.0
s_4091,5.325356774,6.834014439,Nigeria,0.0,0.0,2020,OIL,Sterling Global,Oguali,ONSHORE,Small,0.0
s_4091,5.325356774,6.834014439,Nigeria,0.0,0.0,2021,OIL,Sterling Global,Oguali,ONSHORE,Small,0.0
s_4091,5.325356774,6.834014439,Nigeria,0.0,0.0,2022,OIL,Sterling Global,Oguali,ONSHORE,Small,0.0
s_4091,5.325356774,6.834014439,Nigeria,1.22436250010551e-07,1.1846027254650813e-05,2023,OIL,Sterling Global,Oguali,ONSHORE,Small,0.000122436250010551
s_4091,5.325356774,6.834014439,Nigeria,0.0001939371692375,0.018763928103639846,2024,OIL,Sterling Global,Oguali,ONSHORE,Small,0.1939371692375
s_4091,5.325356774,6.834014439,Nigeria,0.0002029662127291,0.01963751166468246,2025,OIL,Sterling Global,Oguali,ONSHORE,Small,0.20296621272909998
s_4093,3.053192968,6.698187149,Nigeria,0.0,0.0,2012,OIL,South Atlantic Petroleum,Egina (PSC),OFFSHORE,Small,0.0
s_4093,3.053192968,6.698187149,Nigeria,0.0,0.0,2013,OIL,South Atlantic Petroleum,Egina (PSC),OFFSHORE,Small,0.0
s_4093,3.053192968,6.698187149,Nigeria,0.0,0.0,2014,OIL,South Atlantic Petroleum,Egina (PSC),OFFSHORE,Small,0.0
s_4093,3.053192968,6.698187149,Nigeria,0.0,0.0,2015,OIL,South Atlantic Petroleum,Egina (PSC),OFFSHORE,Small,0.0
s_4093,3.053192968,6.698187149,Nigeria,0.0,0.0,2016,OIL,South Atlantic Petroleum,Egina (PSC),OFFSHORE,Small,0.0
s_4093,3.053192968,6.698187149,Nigeria,0.0,0.0,2017,OIL,South Atlantic Petroleum,Egina (PSC),OFFSHORE,Small,0.0
s_4093,3.053192968,6.698187149,Nigeria,0.005182998592645,0.5014686629490733,2018,OIL,South Atlantic Petroleum,Egina (PSC),OFFSHORE,Small,5.182998592645
s_4093,3.053192968,6.698187149,Nigeria,0.1380112805864,13.352952178254954,2019,OIL,South Atlantic Petroleum,Egina (PSC),OFFSHORE,Medium,138.0112805864
s_4093,3.053192968,6.698187149,Nigeria,0.0107828962941403,1.0432734045141996,2020,OIL,South Atlantic Petroleum,Egina (PSC),OFFSHORE,Small,10.7828962941403
s_4093,3.053192968,6.698187149,Nigeria,0.00134965770446,0.1305829111076567,2021,OIL,South Atlantic Petroleum,Egina (PSC),OFFSHORE,Small,1.34965770446
s_4093,3.053192968,6.698187149,Nigeria,0.0135575718997268,1.31173052275949,2022,OIL,South Atlantic Petroleum,Egina (PSC),OFFSHORE,Small,13.557571899726799
s_4093,3.053192968,6.698187149,Nigeria,0.0062306047660467,0.6028272988202924,2023,OIL,South Atlantic Petroleum,Egina (PSC),OFFSHORE,Small,6.230604766046699
s_4093,3.053192968,6.698187149,Nigeria,0.0035614310674032,0.3445777658690364,2024,OIL,South Atlantic Petroleum,Egina (PSC),OFFSHORE,Small,3.5614310674032
s_4093,3.053192968,6.698187149,Nigeria,0.0142566766142268,1.3793707314485688,2025,OIL,South Atlantic Petroleum,Egina (PSC),OFFSHORE,Small,14.256676614226802
s_4094,4.796536572,5.571645848,Nigeria,0.0,0.0,2012,NA,NA,NA,ONSHORE,Small,0.0
s_4094,4.796536572,5.571645848,Nigeria,0.0,0.0,2013,NA,NA,NA,ONSHORE,Small,0.0
s_4094,4.796536572,5.571645848,Nigeria,2.90314296721449e-05,0.002808866713151297,2014,NA,NA,NA,ONSHORE,Small,0.0290314296721449
s_4094,4.796536572,5.571645848,Nigeria,0.0,0.0,2015,NA,NA,NA,ONSHORE,Small,0.0
s_4094,4.796536572,5.571645848,Nigeria,0.0,0.0,2016,NA,NA,NA,ONSHORE,Small,0.0
s_4094,4.796536572,5.571645848,Nigeria,0.0,0.0,2017,NA,NA,NA,ONSHORE,Small,0.0
s_4094,4.796536572,5.571645848,Nigeria,7.12694261645234e-05,0.006895503290042888,2018,NA,NA,NA,ONSHORE,Small,0.0712694261645234
s_4094,4.796536572,5.571645848,Nigeria,3.83078392854568e-05,0.0037063835931204878,2019,NA,NA,NA,ONSHORE,Small,0.0383078392854568
s_4094,4.796536572,5.571645848,Nigeria,0.0,0.0,2020,NA,NA,NA,ONSHORE,Small,0.0
s_4094,4.796536572,5.571645848,Nigeria,0.0004581487007481,0.044327084464585914,2021,NA,NA,NA,ONSHORE,Small,0.4581487007481
s_4094,4.796536572,5.571645848,Nigeria,0.0001502476929538,0.014536857062559033,2022,NA,NA,NA,ONSHORE,Small,0.1502476929538
s_4094,4.796536572,5.571645848,Nigeria,0.0001050768359562,0.010166458564864176,2023,NA,NA,NA,ONSHORE,Small,0.1050768359562
s_4094,4.796536572,5.571645848,Nigeria,0.0,0.0,2024,NA,NA,NA,ONSHORE,Small,0.0
s_4094,4.796536572,5.571645848,Nigeria,0.0,0.0,2025,NA,NA,NA,ONSHORE,Small,0.0
s_4099,5.202229193,6.903143454,Nigeria,0.0,0.0,2012,NA,NA,NA,ONSHORE,Small,0.0
s_4099,5.202229193,6.903143454,Nigeria,0.0,0.0,2013,NA,NA,NA,ONSHORE,Small,0.0
s_4099,5.202229193,6.903143454,Nigeria,0.0,0.0,2014,NA,NA,NA,ONSHORE,Small,0.0
s_4099,5.202229193,6.903143454,Nigeria,0.0,0.0,2015,NA,NA,NA,ONSHORE,Small,0.0
s_4099,5.202229193,6.903143454,Nigeria,0.0,0.0,2016,NA,NA,NA,ONSHORE,Small,0.0
s_4099,5.202229193,6.903143454,Nigeria,0.0,0.0,2017,NA,NA,NA,ONSHORE,Small,0.0
s_4099,5.202229193,6.903143454,Nigeria,0.0,0.0,2018,NA,NA,NA,ONSHORE,Small,0.0
s_4099,5.202229193,6.903143454,Nigeria,0.0,0.0,2019,NA,NA,NA,ONSHORE,Small,0.0
s_4099,5.202229193,6.903143454,Nigeria,0.0,0.0,2020,NA,NA,NA,ONSHORE,Small,0.0
s_4099,5.202229193,6.903143454,Nigeria,0.0,0.0,2021,NA,NA,NA,ONSHORE,Small,0.0
s_4099,5.202229193,6.903143454,Nigeria,0.0,0.0,2022,NA,NA,NA,ONSHORE,Small,0.0
s_4099,5.202229193,6.903143454,Nigeria,0.0008758027241101,0.08473620303310188,2023,NA,NA,NA,ONSHORE,Small,0.8758027241101
s_4099,5.202229193,6.903143454,Nigeria,0.0042453985313845,0.41075340599946064,2024,NA,NA,NA,ONSHORE,Small,4.2453985313845
s_4099,5.202229193,6.903143454,Nigeria,0.0,0.0,2025,NA,NA,NA,ONSHORE,Small,0.0
s_4100,5.551006024,6.774574747,Nigeria,0.0,0.0,2012,OIL,NEPL,Egbema,ONSHORE,Small,0.0
s_4100,5.551006024,6.774574747,Nigeria,3.29276777123979e-05,0.0031858388964037193,2013,OIL,NEPL,Egbema,ONSHORE,Small,0.0329276777123979
s_4100,5.551006024,6.774574747,Nigeria,0.0,0.0,2014,OIL,NEPL,Egbema,ONSHORE,Small,0.0
s_4100,5.551006024,6.774574747,Nigeria,3.30677452341049e-05,0.0031993907952857052,2015,OIL,NEPL,Egbema,ONSHORE,Small,0.033067745234104905
s_4100,5.551006024,6.774574747,Nigeria,0.0,0.0,2016,OIL,NEPL,Egbema,ONSHORE,Small,0.0
s_4100,5.551006024,6.774574747,Nigeria,0.0,0.0,2017,OIL,NEPL,Egbema,ONSHORE,Small,0.0
s_4100,5.551006024,6.774574747,Nigeria,0.0,0.0,2018,OIL,NEPL,Egbema,ONSHORE,Small,0.0
s_4100,5.551006024,6.774574747,Nigeria,0.0,0.0,2019,OIL,NEPL,Egbema,ONSHORE,Small,0.0
s_4100,5.551006024,6.774574747,Nigeria,0.0,0.0,2020,OIL,NEPL,Egbema,ONSHORE,Small,0.0
s_4100,5.551006024,6.774574747,Nigeria,0.0,0.0,2021,OIL,NEPL,Egbema,ONSHORE,Small,0.0
s_4100,5.551006024,6.774574747,Nigeria,2.04547223622734e-05,0.0019790478601633523,2022,OIL,NEPL,Egbema,ONSHORE,Small,0.0204547223622734
s_4100,5.551006024,6.774574747,Nigeria,0.0001048786438351,0.010147282959044778,2023,OIL,NEPL,Egbema,ONSHORE,Small,0.1048786438351
s_4100,5.551006024,6.774574747,Nigeria,0.0002793799189965,0.02703073750257358,2024,OIL,NEPL,Egbema,ONSHORE,Small,0.2793799189965
s_4100,5.551006024,6.774574747,Nigeria,4.31688194630536e-07,4.176696132610768e-05,2025,OIL,NEPL,Egbema,ONSHORE,Small,0.00043168819463053603
s_4101,4.705723663,5.97338299,Nigeria,0.0,0.0,2012,OIL,Oando Oil,Azuzuama,ONSHORE,Small,0.0
s_4101,4.705723663,5.97338299,Nigeria,0.0,0.0,2013,OIL,Oando Oil,Azuzuama,ONSHORE,Small,0.0
s_4101,4.705723663,5.97338299,Nigeria,0.0003140984999508,0.030389850969312363,2014,OIL,Oando Oil,Azuzuama,ONSHORE,Small,0.3140984999508
s_4101,4.705723663,5.97338299,Nigeria,0.0002738088074588,0.02649171789760686,2015,OIL,Oando Oil,Azuzuama,ONSHORE,Small,0.27380880745880004
s_4101,4.705723663,5.97338299,Nigeria,0.0001477927147894,0.014299331507484055,2016,OIL,Oando Oil,Azuzuama,ONSHORE,Small,0.1477927147894
s_4101,4.705723663,5.97338299,Nigeria,0.0001280365885027,0.012387874643863974,2017,OIL,Oando Oil,Azuzuama,ONSHORE,Small,0.1280365885027
s_4101,4.705723663,5.97338299,Nigeria,0.0,0.0,2018,OIL,Oando Oil,Azuzuama,ONSHORE,Small,0.0
s_4101,4.705723663,5.97338299,Nigeria,0.0,0.0,2019,OIL,Oando Oil,Azuzuama,ONSHORE,Small,0.0
s_4101,4.705723663,5.97338299,Nigeria,0.0,0.0,2020,OIL,Oando Oil,Azuzuama,ONSHORE,Small,0.0
s_4101,4.705723663,5.97338299,Nigeria,0.0003130048876802,0.03028404112327059,2021,OIL,Oando Oil,Azuzuama,ONSHORE,Small,0.3130048876802
s_4101,4.705723663,5.97338299,Nigeria,0.0002817832992422,0.02726327082412988,2022,OIL,Oando Oil,Azuzuama,ONSHORE,Small,0.2817832992422
s_4101,4.705723663,5.97338299,Nigeria,7.03292931891989e-06,0.0006804542967036179,2023,OIL,Oando Oil,Azuzuama,ONSHORE,Small,0.007032929318919891
s_4101,4.705723663,5.97338299,Nigeria,1.37360420786173e-05,0.0013289979791140999,2024,OIL,Oando Oil,Azuzuama,ONSHORE,Small,0.0137360420786173
s_4101,4.705723663,5.97338299,Nigeria,0.0,0.0,2025,OIL,Oando Oil,Azuzuama,ONSHORE,Small,0.0
s_4102,4.485874872,7.088894719,Nigeria,8.61702225524625e-05,0.008337194293420709,2012,GAS,ExxonMobil,Oso,ONSHORE,Small,0.0861702225524625
s_4102,4.485874872,7.088894719,Nigeria,0.0,0.0,2013,GAS,ExxonMobil,Oso,ONSHORE,Small,0.0
s_4102,4.485874872,7.088894719,Nigeria,0.0,0.0,2014,GAS,ExxonMobil,Oso,ONSHORE,Small,0.0
s_4102,4.485874872,7.088894719,Nigeria,0.0,0.0,2015,GAS,ExxonMobil,Oso,ONSHORE,Small,0.0
s_4102,4.485874872,7.088894719,Nigeria,0.0,0.0,2016,GAS,ExxonMobil,Oso,ONSHORE,Small,0.0
s_4102,4.485874872,7.088894719,Nigeria,0.0001200905271172,0.011619072432658962,2017,GAS,ExxonMobil,Oso,ONSHORE,Small,0.1200905271172
s_4102,4.485874872,7.088894719,Nigeria,0.0002775593617435,0.0268545938291449,2018,GAS,ExxonMobil,Oso,ONSHORE,Small,0.2775593617435
s_4102,4.485874872,7.088894719,Nigeria,0.0007067815734715,0.06838296486299496,2019,GAS,ExxonMobil,Oso,ONSHORE,Small,0.7067815734715
s_4102,4.485874872,7.088894719,Nigeria,0.0003912106645371,0.037850654475428486,2020,GAS,ExxonMobil,Oso,ONSHORE,Small,0.3912106645371
s_4102,4.485874872,7.088894719,Nigeria,0.0001981432824923,0.01917088055643234,2021,GAS,ExxonMobil,Oso,ONSHORE,Small,0.19814328249229998
s_4102,4.485874872,7.088894719,Nigeria,0.0035302699662623,0.3415628478740127,2022,GAS,ExxonMobil,Oso,ONSHORE,Small,3.5302699662623
s_4102,4.485874872,7.088894719,Nigeria,0.0004525443688235,0.04378485070034371,2023,GAS,ExxonMobil,Oso,ONSHORE,Small,0.45254436882349997
s_4102,4.485874872,7.088894719,Nigeria,3.3532126999738e-05,0.003244320945072051,2024,GAS,ExxonMobil,Oso,ONSHORE,Small,0.033532126999738
s_4102,4.485874872,7.088894719,Nigeria,0.0,0.0,2025,GAS,ExxonMobil,Oso,ONSHORE,Small,0.0
s_4103,4.784870157,5.626431577,Nigeria,0.0,0.0,2012,NA,NA,NA,ONSHORE,Small,0.0
s_4103,4.784870157,5.626431577,Nigeria,0.0,0.0,2013,NA,NA,NA,ONSHORE,Small,0.0
s_4103,4.784870157,5.626431577,Nigeria,0.0,0.0,2014,NA,NA,NA,ONSHORE,Small,0.0
s_4103,4.784870157,5.626431577,Nigeria,0.0,0.0,2015,NA,NA,NA,ONSHORE,Small,0.0
s_4103,4.784870157,5.626431577,Nigeria,0.0,0.0,2016,NA,NA,NA,ONSHORE,Small,0.0
s_4103,4.784870157,5.626431577,Nigeria,0.0,0.0,2017,NA,NA,NA,ONSHORE,Small,0.0
s_4103,4.784870157,5.626431577,Nigeria,1.26485368782287e-05,0.0012237790080800498,2018,NA,NA,NA,ONSHORE,Small,0.0126485368782287
s_4103,4.784870157,5.626431577,Nigeria,3.7531394265811e-06,0.0003631260507729769,2019,NA,NA,NA,ONSHORE,Small,0.0037531394265811
s_4103,4.784870157,5.626431577,Nigeria,1.43814742229127e-05,0.001391445226327994,2020,NA,NA,NA,ONSHORE,Small,0.0143814742229127
s_4103,4.784870157,5.626431577,Nigeria,0.0001126336588839,0.01089760093775121,2021,NA,NA,NA,ONSHORE,Small,0.11263365888389999
s_4103,4.784870157,5.626431577,Nigeria,4.69450244446776e-05,0.004542053836130854,2022,NA,NA,NA,ONSHORE,Small,0.046945024444677595
s_4103,4.784870157,5.626431577,Nigeria,7.42947121839276e-06,0.000718820762095704,2023,NA,NA,NA,ONSHORE,Small,0.0074294712183927605
s_4103,4.784870157,5.626431577,Nigeria,1.72150960633101e-05,0.0016656055468852531,2024,NA,NA,NA,ONSHORE,Small,0.017215096063310103
s_4103,4.784870157,5.626431577,Nigeria,0.0,0.0,2025,NA,NA,NA,ONSHORE,Small,0.0
s_4105,5.408300632,5.398535825,Nigeria,0.0,0.0,2012,OIL,Renaissance Africa Energy ,Forcados Yokri,ONSHORE,Small,0.0
s_4105,5.408300632,5.398535825,Nigeria,0.0,0.0,2013,OIL,Renaissance Africa Energy ,Forcados Yokri,ONSHORE,Small,0.0
s_4105,5.408300632,5.398535825,Nigeria,0.0,0.0,2014,OIL,Renaissance Africa Energy ,Forcados Yokri,ONSHORE,Small,0.0
s_4105,5.408300632,5.398535825,Nigeria,3.99312695010573e-05,0.0038634547103620722,2015,OIL,Renaissance Africa Energy ,Forcados Yokri,ONSHORE,Small,0.039931269501057305
s_4105,5.408300632,5.398535825,Nigeria,0.0,0.0,2016,OIL,Renaissance Africa Energy ,Forcados Yokri,ONSHORE,Small,0.0
s_4105,5.408300632,5.398535825,Nigeria,0.0009499137383895,0.09190663740158289,2017,OIL,Renaissance Africa Energy ,Forcados Yokri,ONSHORE,Small,0.9499137383895
s_4105,5.408300632,5.398535825,Nigeria,0.0027627047431128,0.26729890600738776,2018,OIL,Renaissance Africa Energy ,Forcados Yokri,ONSHORE,Small,2.7627047431128
s_4105,5.408300632,5.398535825,Nigeria,0.0048550616725011,0.4697399086504394,2019,OIL,Renaissance Africa Energy ,Forcados Yokri,ONSHORE,Small,4.8550616725011
s_4105,5.408300632,5.398535825,Nigeria,0.0003527053159409,0.03412516134017558,2020,OIL,Renaissance Africa Energy ,Forcados Yokri,ONSHORE,Small,0.3527053159409
s_4105,5.408300632,5.398535825,Nigeria,0.0002883351455437,0.027897179081277285,2021,OIL,Renaissance Africa Energy ,Forcados Yokri,ONSHORE,Small,0.2883351455437
s_4105,5.408300632,5.398535825,Nigeria,0.0,0.0,2022,OIL,Renaissance Africa Energy ,Forcados Yokri,ONSHORE,Small,0.0
s_4105,5.408300632,5.398535825,Nigeria,0.0,0.0,2023,OIL,Renaissance Africa Energy ,Forcados Yokri,ONSHORE,Small,0.0
s_4105,5.408300632,5.398535825,Nigeria,0.0,0.0,2024,OIL,Renaissance Africa Energy ,Forcados Yokri,ONSHORE,Small,0.0
s_4105,5.408300632,5.398535825,Nigeria,0.0,0.0,2025,OIL,Renaissance Africa Energy ,Forcados Yokri,ONSHORE,Small,0.0
s_4106,4.63512567,6.862438685,Nigeria,0.0006415497172618,0.0620716122491655,2012,NA,NA,NA,ONSHORE,Small,0.6415497172618
s_4106,4.63512567,6.862438685,Nigeria,8.90598230336943e-05,0.008616770693814989,2013,NA,NA,NA,ONSHORE,Small,0.0890598230336943
s_4106,4.63512567,6.862438685,Nigeria,0.0,0.0,2014,NA,NA,NA,ONSHORE,Small,0.0
s_4106,4.63512567,6.862438685,Nigeria,0.0001758166210149,0.01701071769335992,2015,NA,NA,NA,ONSHORE,Small,0.1758166210149
s_4106,4.63512567,6.862438685,Nigeria,0.0,0.0,2016,NA,NA,NA,ONSHORE,Small,0.0
s_4106,4.63512567,6.862438685,Nigeria,0.0001205472009554,0.011663256820316515,2017,NA,NA,NA,ONSHORE,Small,0.12054720095539999
s_4106,4.63512567,6.862438685,Nigeria,0.0014926761903247,0.1444203234861486,2018,NA,NA,NA,ONSHORE,Small,1.4926761903247001
s_4106,4.63512567,6.862438685,Nigeria,0.0003855352036368,0.037301538796845835,2019,NA,NA,NA,ONSHORE,Small,0.38553520363680005
s_4106,4.63512567,6.862438685,Nigeria,0.0003279600313759,0.03173099037074603,2020,NA,NA,NA,ONSHORE,Small,0.3279600313759
s_4106,4.63512567,6.862438685,Nigeria,0.0022297078006114,0.21573005848900143,2021,NA,NA,NA,ONSHORE,Small,2.2297078006114
s_4106,4.63512567,6.862438685,Nigeria,0.000653003024222,0.06317974963817177,2022,NA,NA,NA,ONSHORE,Small,0.6530030242220001
s_4106,4.63512567,6.862438685,Nigeria,0.0002204925236475,0.021333228062358472,2023,NA,NA,NA,ONSHORE,Small,0.22049252364750002
s_4106,4.63512567,6.862438685,Nigeria,0.0001450526024505,0.014034218475644079,2024,NA,NA,NA,ONSHORE,Small,0.1450526024505
s_4106,4.63512567,6.862438685,Nigeria,0.0,0.0,2025,NA,NA,NA,ONSHORE,Small,0.0
s_4107a,4.966786613,6.666615323,Nigeria,0.0,0.0,2012,GAS,TotalEnergies,Ubeta,ONSHORE,Small,0.0
s_4107a,4.966786613,6.666615323,Nigeria,1.81308876825623e-05,0.0017542107800601297,2013,GAS,TotalEnergies,Ubeta,ONSHORE,Small,0.0181308876825623
s_4107a,4.966786613,6.666615323,Nigeria,0.0,0.0,2014,GAS,TotalEnergies,Ubeta,ONSHORE,Small,0.0
s_4107a,4.966786613,6.666615323,Nigeria,0.0,0.0,2015,GAS,TotalEnergies,Ubeta,ONSHORE,Small,0.0
s_4107a,4.966786613,6.666615323,Nigeria,0.0,0.0,2016,GAS,TotalEnergies,Ubeta,ONSHORE,Small,0.0
s_4107a,4.966786613,6.666615323,Nigeria,0.0,0.0,2017,GAS,TotalEnergies,Ubeta,ONSHORE,Small,0.0
s_4107a,4.966786613,6.666615323,Nigeria,0.0,0.0,2018,GAS,TotalEnergies,Ubeta,ONSHORE,Small,0.0
s_4107a,4.966786613,6.666615323,Nigeria,0.0001084244581717,0.010490349765384203,2019,GAS,TotalEnergies,Ubeta,ONSHORE,Small,0.1084244581717
s_4107a,4.966786613,6.666615323,Nigeria,0.0009534957485737,0.09225320625079882,2020,GAS,TotalEnergies,Ubeta,ONSHORE,Small,0.9534957485737
s_4107a,4.966786613,6.666615323,Nigeria,0.0016124687665096,0.15601056838722058,2021,GAS,TotalEnergies,Ubeta,ONSHORE,Small,1.6124687665096
s_4107a,4.966786613,6.666615323,Nigeria,0.0002208461291936,0.021367440323319872,2022,GAS,TotalEnergies,Ubeta,ONSHORE,Small,0.2208461291936
s_4107a,4.966786613,6.666615323,Nigeria,2.77644392455813e-05,0.002686282077284381,2023,GAS,TotalEnergies,Ubeta,ONSHORE,Small,0.0277644392455813
s_4107a,4.966786613,6.666615323,Nigeria,0.0,0.0,2024,GAS,TotalEnergies,Ubeta,ONSHORE,Small,0.0
s_4107a,4.966786613,6.666615323,Nigeria,0.0,0.0,2025,GAS,TotalEnergies,Ubeta,ONSHORE,Small,0.0
s_4107b,4.975084923,6.669717003,Nigeria,0.00058517509716,0.056617220382876234,2012,OIL,Aradel Holdings,Ogbele,ONSHORE,Small,0.58517509716
s_4107b,4.975084923,6.669717003,Nigeria,0.0,0.0,2013,OIL,Aradel Holdings,Ogbele,ONSHORE,Small,0.0
s_4107b,4.975084923,6.669717003,Nigeria,0.0003007850186399,0.029101736849110094,2014,OIL,Aradel Holdings,Ogbele,ONSHORE,Small,0.3007850186399
s_4107b,4.975084923,6.669717003,Nigeria,0.0001990418450253,0.019257818830472985,2015,OIL,Aradel Holdings,Ogbele,ONSHORE,Small,0.1990418450253
s_4107b,4.975084923,6.669717003,Nigeria,0.0001322799297706,0.012798429004243324,2016,OIL,Aradel Holdings,Ogbele,ONSHORE,Small,0.1322799297706
s_4107b,4.975084923,6.669717003,Nigeria,0.0,0.0,2017,OIL,Aradel Holdings,Ogbele,ONSHORE,Small,0.0
s_4107b,4.975084923,6.669717003,Nigeria,0.0001947533344539,0.018842894221900892,2018,OIL,Aradel Holdings,Ogbele,ONSHORE,Small,0.1947533344539
s_4107b,4.975084923,6.669717003,Nigeria,2.37820859155985e-05,0.002300978982158874,2019,OIL,Aradel Holdings,Ogbele,ONSHORE,Small,0.023782085915598498
s_4107b,4.975084923,6.669717003,Nigeria,0.0005301537602907,0.051293762207010145,2020,OIL,Aradel Holdings,Ogbele,ONSHORE,Small,0.5301537602906999
s_4107b,4.975084923,6.669717003,Nigeria,1.62828228804594e-05,0.001575405679347022,2021,OIL,Aradel Holdings,Ogbele,ONSHORE,Small,0.016282822880459402
s_4107b,4.975084923,6.669717003,Nigeria,0.0,0.0,2022,OIL,Aradel Holdings,Ogbele,ONSHORE,Small,0.0
s_4107b,4.975084923,6.669717003,Nigeria,4.80609404824015e-05,0.004650021629947147,2023,OIL,Aradel Holdings,Ogbele,ONSHORE,Small,0.048060940482401504
s_4107b,4.975084923,6.669717003,Nigeria,0.0,0.0,2024,OIL,Aradel Holdings,Ogbele,ONSHORE,Small,0.0
s_4107b,4.975084923,6.669717003,Nigeria,0.0,0.0,2025,OIL,Aradel Holdings,Ogbele,ONSHORE,Small,0.0
s_4107c,4.976210352,6.661667665,Nigeria,0.0006249039028364,0.06046108618893288,2012,GAS,TotalEnergies,Ubeta,ONSHORE,Small,0.6249039028364001
s_4107c,4.976210352,6.661667665,Nigeria,0.0,0.0,2013,GAS,TotalEnergies,Ubeta,ONSHORE,Small,0.0
s_4107c,4.976210352,6.661667665,Nigeria,0.0,0.0,2014,GAS,TotalEnergies,Ubeta,ONSHORE,Small,0.0
s_4107c,4.976210352,6.661667665,Nigeria,0.0,0.0,2015,GAS,TotalEnergies,Ubeta,ONSHORE,Small,0.0
s_4107c,4.976210352,6.661667665,Nigeria,0.0,0.0,2016,GAS,TotalEnergies,Ubeta,ONSHORE,Small,0.0
s_4107c,4.976210352,6.661667665,Nigeria,0.0,0.0,2017,GAS,TotalEnergies,Ubeta,ONSHORE,Small,0.0
s_4107c,4.976210352,6.661667665,Nigeria,0.0,0.0,2018,GAS,TotalEnergies,Ubeta,ONSHORE,Small,0.0
s_4107c,4.976210352,6.661667665,Nigeria,2.39156612465746e-05,0.0023139027446161162,2019,GAS,TotalEnergies,Ubeta,ONSHORE,Small,0.0239156612465746
s_4107c,4.976210352,6.661667665,Nigeria,0.0010341290887003,0.10005469269530295,2020,GAS,TotalEnergies,Ubeta,ONSHORE,Small,1.0341290887003
s_4107c,4.976210352,6.661667665,Nigeria,0.0010476940587222,0.10136713900572245,2021,GAS,TotalEnergies,Ubeta,ONSHORE,Small,1.0476940587222
s_4107c,4.976210352,6.661667665,Nigeria,9.82071809485116e-05,0.009501801484594955,2022,GAS,TotalEnergies,Ubeta,ONSHORE,Small,0.09820718094851161
s_4107c,4.976210352,6.661667665,Nigeria,0.0007838286586034,0.07583747176177075,2023,GAS,TotalEnergies,Ubeta,ONSHORE,Small,0.7838286586034
s_4107c,4.976210352,6.661667665,Nigeria,0.0,0.0,2024,GAS,TotalEnergies,Ubeta,ONSHORE,Small,0.0
s_4107c,4.976210352,6.661667665,Nigeria,0.0,0.0,2025,GAS,TotalEnergies,Ubeta,ONSHORE,Small,0.0
s_4110,5.628169059,5.454656595,Nigeria,0.0,0.0,2012,OIL,NEPL,Egwa,OFFSHORE,Small,0.0
s_4110,5.628169059,5.454656595,Nigeria,0.0,0.0,2013,OIL,NEPL,Egwa,OFFSHORE,Small,0.0
s_4110,5.628169059,5.454656595,Nigeria,0.0,0.0,2014,OIL,NEPL,Egwa,OFFSHORE,Small,0.0
s_4110,5.628169059,5.454656595,Nigeria,0.0,0.0,2015,OIL,NEPL,Egwa,OFFSHORE,Small,0.0
s_4110,5.628169059,5.454656595,Nigeria,0.0,0.0,2016,OIL,NEPL,Egwa,OFFSHORE,Small,0.0
s_4110,5.628169059,5.454656595,Nigeria,3.91637926800715e-05,0.0037891993216358816,2017,OIL,NEPL,Egwa,OFFSHORE,Small,0.0391637926800715
s_4110,5.628169059,5.454656595,Nigeria,0.0009108469457868,0.08812682309100497,2018,OIL,NEPL,Egwa,OFFSHORE,Small,0.9108469457868
s_4110,5.628169059,5.454656595,Nigeria,0.0008755960020692,0.08471620213524339,2019,OIL,NEPL,Egwa,OFFSHORE,Small,0.8755960020692001
s_4110,5.628169059,5.454656595,Nigeria,0.000237351634746,0.022964391133301974,2020,OIL,NEPL,Egwa,OFFSHORE,Small,0.237351634746
s_4110,5.628169059,5.454656595,Nigeria,0.0005749114953783,0.05562419007995186,2021,OIL,NEPL,Egwa,OFFSHORE,Small,0.5749114953783
s_4110,5.628169059,5.454656595,Nigeria,0.0014883869827847,0.14400533144404248,2022,OIL,NEPL,Egwa,OFFSHORE,Small,1.4883869827846998
s_4110,5.628169059,5.454656595,Nigeria,0.0,0.0,2023,OIL,NEPL,Egwa,OFFSHORE,Small,0.0
s_4110,5.628169059,5.454656595,Nigeria,0.0,0.0,2024,OIL,NEPL,Egwa,OFFSHORE,Small,0.0
s_4110,5.628169059,5.454656595,Nigeria,0.0,0.0,2025,OIL,NEPL,Egwa,OFFSHORE,Small,0.0
s_4111,6.149943152,5.355044739,Nigeria,0.001743114425785,0.16865087744883298,2012,OIL,Dubri Oil,Gilli Gilli,ONSHORE,Small,1.743114425785
s_4111,6.149943152,5.355044739,Nigeria,0.0005949309717319,0.057561126750979824,2013,OIL,Dubri Oil,Gilli Gilli,ONSHORE,Small,0.5949309717319
s_4111,6.149943152,5.355044739,Nigeria,0.0007812393429371,0.07558694870220921,2014,OIL,Dubri Oil,Gilli Gilli,ONSHORE,Small,0.7812393429371001
s_4111,6.149943152,5.355044739,Nigeria,0.0011978157653356,0.11589180656050121,2015,OIL,Dubri Oil,Gilli Gilli,ONSHORE,Small,1.1978157653356
s_4111,6.149943152,5.355044739,Nigeria,0.0010779776765231,0.10429715819373235,2016,OIL,Dubri Oil,Gilli Gilli,ONSHORE,Small,1.0779776765231
s_4111,6.149943152,5.355044739,Nigeria,0.0028173225977802,0.272583326225459,2017,OIL,Dubri Oil,Gilli Gilli,ONSHORE,Small,2.8173225977802
s_4111,6.149943152,5.355044739,Nigeria,0.005903816441065,0.5712096741061958,2018,OIL,Dubri Oil,Gilli Gilli,ONSHORE,Small,5.903816441065
s_4111,6.149943152,5.355044739,Nigeria,0.0013692181145135,0.13247543191408404,2019,OIL,Dubri Oil,Gilli Gilli,ONSHORE,Small,1.3692181145135
s_4111,6.149943152,5.355044739,Nigeria,0.0009791064881913,0.09473111225899256,2020,OIL,Dubri Oil,Gilli Gilli,ONSHORE,Small,0.9791064881913001
s_4111,6.149943152,5.355044739,Nigeria,0.0001896589092316,0.018349995264076345,2021,OIL,Dubri Oil,Gilli Gilli,ONSHORE,Small,0.1896589092316
s_4111,6.149943152,5.355044739,Nigeria,0.0011609660920951,0.112326504344088,2022,OIL,Dubri Oil,Gilli Gilli,ONSHORE,Small,1.1609660920951
s_4111,6.149943152,5.355044739,Nigeria,0.0013877393865579,0.13426741340167336,2023,OIL,Dubri Oil,Gilli Gilli,ONSHORE,Small,1.3877393865579002
s_4111,6.149943152,5.355044739,Nigeria,0.0006195468045006,0.05994277292071156,2024,OIL,Dubri Oil,Gilli Gilli,ONSHORE,Small,0.6195468045006001
s_4111,6.149943152,5.355044739,Nigeria,5.17914695317006e-05,0.005010960067611282,2025,OIL,Dubri Oil,Gilli Gilli,ONSHORE,Small,0.0517914695317006
s_4112,4.752928164,6.029538275,Nigeria,0.0024743878206183,0.2394034900537583,2012,OIL,Renaissance Africa Energy ,Nun River,ONSHORE,Small,2.4743878206183
s_4112,4.752928164,6.029538275,Nigeria,0.0006837172388021,0.06615143019021173,2013,OIL,Renaissance Africa Energy ,Nun River,ONSHORE,Small,0.6837172388021
s_4112,4.752928164,6.029538275,Nigeria,0.0,0.0,2014,OIL,Renaissance Africa Energy ,Nun River,ONSHORE,Small,0.0
s_4112,4.752928164,6.029538275,Nigeria,0.0,0.0,2015,OIL,Renaissance Africa Energy ,Nun River,ONSHORE,Small,0.0
s_4112,4.752928164,6.029538275,Nigeria,0.0,0.0,2016,OIL,Renaissance Africa Energy ,Nun River,ONSHORE,Small,0.0
s_4112,4.752928164,6.029538275,Nigeria,0.0,0.0,2017,OIL,Renaissance Africa Energy ,Nun River,ONSHORE,Small,0.0
s_4112,4.752928164,6.029538275,Nigeria,0.0,0.0,2018,OIL,Renaissance Africa Energy ,Nun River,ONSHORE,Small,0.0
s_4112,4.752928164,6.029538275,Nigeria,0.0,0.0,2019,OIL,Renaissance Africa Energy ,Nun River,ONSHORE,Small,0.0
s_4112,4.752928164,6.029538275,Nigeria,0.0,0.0,2020,OIL,Renaissance Africa Energy ,Nun River,ONSHORE,Small,0.0
s_4112,4.752928164,6.029538275,Nigeria,4.12670889801041e-06,0.00039926987369858717,2021,OIL,Renaissance Africa Energy ,Nun River,ONSHORE,Small,0.00412670889801041
s_4112,4.752928164,6.029538275,Nigeria,0.0,0.0,2022,OIL,Renaissance Africa Energy ,Nun River,ONSHORE,Small,0.0
s_4112,4.752928164,6.029538275,Nigeria,0.0,0.0,2023,OIL,Renaissance Africa Energy ,Nun River,ONSHORE,Small,0.0
s_4112,4.752928164,6.029538275,Nigeria,0.0,0.0,2024,OIL,Renaissance Africa Energy ,Nun River,ONSHORE,Small,0.0
s_4112,4.752928164,6.029538275,Nigeria,0.0,0.0,2025,OIL,Renaissance Africa Energy ,Nun River,ONSHORE,Small,0.0
s_4113a,5.534564098,6.776688437,Nigeria,0.0,0.0,2012,OIL,NEPL,Egbema,ONSHORE,Small,0.0
s_4113a,5.534564098,6.776688437,Nigeria,0.0,0.0,2013,OIL,NEPL,Egbema,ONSHORE,Small,0.0
s_4113a,5.534564098,6.776688437,Nigeria,0.0,0.0,2014,OIL,NEPL,Egbema,ONSHORE,Small,0.0
s_4113a,5.534564098,6.776688437,Nigeria,0.0,0.0,2015,OIL,NEPL,Egbema,ONSHORE,Small,0.0
s_4113a,5.534564098,6.776688437,Nigeria,0.0,0.0,2016,OIL,NEPL,Egbema,ONSHORE,Small,0.0
s_4113a,5.534564098,6.776688437,Nigeria,0.0,0.0,2017,OIL,NEPL,Egbema,ONSHORE,Small,0.0
s_4113a,5.534564098,6.776688437,Nigeria,0.0,0.0,2018,OIL,NEPL,Egbema,ONSHORE,Small,0.0
s_4113a,5.534564098,6.776688437,Nigeria,0.0,0.0,2019,OIL,NEPL,Egbema,ONSHORE,Small,0.0
s_4113a,5.534564098,6.776688437,Nigeria,0.0,0.0,2020,OIL,NEPL,Egbema,ONSHORE,Small,0.0
s_4113a,5.534564098,6.776688437,Nigeria,8.29568570554453e-06,0.0008026292781380443,2021,OIL,NEPL,Egbema,ONSHORE,Small,0.00829568570554453
s_4113a,5.534564098,6.776688437,Nigeria,6.81341983335577e-05,0.006592161801456306,2022,OIL,NEPL,Egbema,ONSHORE,Small,0.0681341983335577
s_4113a,5.534564098,6.776688437,Nigeria,0.0001740867263806,0.016843345865295713,2023,OIL,NEPL,Egbema,ONSHORE,Small,0.17408672638060002
s_4113a,5.534564098,6.776688437,Nigeria,0.0002481268497137,0.024006921349402972,2024,OIL,NEPL,Egbema,ONSHORE,Small,0.2481268497137
s_4113a,5.534564098,6.776688437,Nigeria,0.0007210227562766,0.06976083652790745,2025,OIL,NEPL,Egbema,ONSHORE,Small,0.7210227562766001
s_4113b,5.520789363,6.782821939,Nigeria,0.0,0.0,2012,OIL,NEPL,Egbema,ONSHORE,Small,0.0
s_4113b,5.520789363,6.782821939,Nigeria,0.0,0.0,2013,OIL,NEPL,Egbema,ONSHORE,Small,0.0
s_4113b,5.520789363,6.782821939,Nigeria,0.0,0.0,2014,OIL,NEPL,Egbema,ONSHORE,Small,0.0
s_4113b,5.520789363,6.782821939,Nigeria,0.0,0.0,2015,OIL,NEPL,Egbema,ONSHORE,Small,0.0
s_4113b,5.520789363,6.782821939,Nigeria,0.0,0.0,2016,OIL,NEPL,Egbema,ONSHORE,Small,0.0
s_4113b,5.520789363,6.782821939,Nigeria,0.0,0.0,2017,OIL,NEPL,Egbema,ONSHORE,Small,0.0
s_4113b,5.520789363,6.782821939,Nigeria,0.0,0.0,2018,OIL,NEPL,Egbema,ONSHORE,Small,0.0
s_4113b,5.520789363,6.782821939,Nigeria,0.0,0.0,2019,OIL,NEPL,Egbema,ONSHORE,Small,0.0
s_4113b,5.520789363,6.782821939,Nigeria,0.0,0.0,2020,OIL,NEPL,Egbema,ONSHORE,Small,0.0
s_4113b,5.520789363,6.782821939,Nigeria,0.0,0.0,2021,OIL,NEPL,Egbema,ONSHORE,Small,0.0
s_4113b,5.520789363,6.782821939,Nigeria,0.0,0.0,2022,OIL,NEPL,Egbema,ONSHORE,Small,0.0
s_4113b,5.520789363,6.782821939,Nigeria,0.0,0.0,2023,OIL,NEPL,Egbema,ONSHORE,Small,0.0
s_4113b,5.520789363,6.782821939,Nigeria,0.0,0.0,2024,OIL,NEPL,Egbema,ONSHORE,Small,0.0
s_4113b,5.520789363,6.782821939,Nigeria,9.58488639603785e-05,0.009273628151010144,2025,OIL,NEPL,Egbema,ONSHORE,Small,0.09584886396037849
s_4114,4.138507626,7.508596675,Nigeria,0.0228251113287139,2.208389189207307,2012,OIL,TotalEnergies,Amenam-Kpono,OFFSHORE,Small,22.8251113287139
s_4114,4.138507626,7.508596675,Nigeria,0.0260051113010383,2.5160624995112197,2013,OIL,TotalEnergies,Amenam-Kpono,OFFSHORE,Small,26.005111301038298
s_4114,4.138507626,7.508596675,Nigeria,0.0288802299412143,2.794237743925717,2014,OIL,TotalEnergies,Amenam-Kpono,OFFSHORE,Small,28.880229941214303
s_4114,4.138507626,7.508596675,Nigeria,0.0283915035599031,2.7469521889321555,2015,OIL,TotalEnergies,Amenam-Kpono,OFFSHORE,Small,28.3915035599031
s_4114,4.138507626,7.508596675,Nigeria,0.0200094220879175,1.9359638945398632,2016,OIL,TotalEnergies,Amenam-Kpono,OFFSHORE,Small,20.0094220879175
s_4114,4.138507626,7.508596675,Nigeria,0.011471073116,1.1098563110232316,2017,OIL,TotalEnergies,Amenam-Kpono,OFFSHORE,Small,11.471073116
s_4114,4.138507626,7.508596675,Nigeria,0.0212544580438412,2.0564243779801954,2018,OIL,TotalEnergies,Amenam-Kpono,OFFSHORE,Small,21.254458043841197
s_4114,4.138507626,7.508596675,Nigeria,0.0053078528543634,0.5135486391574922,2019,OIL,TotalEnergies,Amenam-Kpono,OFFSHORE,Small,5.3078528543634
s_4114,4.138507626,7.508596675,Nigeria,0.0044653713285264,0.43203634916376177,2020,OIL,TotalEnergies,Amenam-Kpono,OFFSHORE,Small,4.4653713285264
s_4114,4.138507626,7.508596675,Nigeria,0.003142355666423,0.30403112530027215,2021,OIL,TotalEnergies,Amenam-Kpono,OFFSHORE,Small,3.142355666423
s_4114,4.138507626,7.508596675,Nigeria,0.0041236158704621,0.3989706151976652,2022,OIL,TotalEnergies,Amenam-Kpono,OFFSHORE,Small,4.1236158704621
s_4114,4.138507626,7.508596675,Nigeria,0.0046213579604269,0.4471284635718335,2023,OIL,TotalEnergies,Amenam-Kpono,OFFSHORE,Small,4.6213579604268995
s_4114,4.138507626,7.508596675,Nigeria,0.00499276051338,0.483062631470231,2024,OIL,TotalEnergies,Amenam-Kpono,OFFSHORE,Small,4.9927605133799995
s_4114,4.138507626,7.508596675,Nigeria,0.0065095668019053,0.629817605036867,2025,OIL,TotalEnergies,Amenam-Kpono,OFFSHORE,Small,6.5095668019053
s_4116,4.571272763,6.903728708,Nigeria,0.0186549987474936,1.804919895694635,2012,GAS,TotalEnergies,Ubeta,ONSHORE,Small,18.6549987474936
s_4116,4.571272763,6.903728708,Nigeria,0.0087239178937041,0.8440618618035834,2013,GAS,TotalEnergies,Ubeta,ONSHORE,Small,8.7239178937041
s_4116,4.571272763,6.903728708,Nigeria,0.0002948596723736,0.028528444108130328,2014,GAS,TotalEnergies,Ubeta,ONSHORE,Small,0.2948596723736
s_4116,4.571272763,6.903728708,Nigeria,1.73969633277163e-05,0.0016832016801439813,2015,GAS,TotalEnergies,Ubeta,ONSHORE,Small,0.0173969633277163
s_4116,4.571272763,6.903728708,Nigeria,0.0,0.0,2016,GAS,TotalEnergies,Ubeta,ONSHORE,Small,0.0
s_4116,4.571272763,6.903728708,Nigeria,0.0,0.0,2017,GAS,TotalEnergies,Ubeta,ONSHORE,Small,0.0
s_4116,4.571272763,6.903728708,Nigeria,0.0,0.0,2018,GAS,TotalEnergies,Ubeta,ONSHORE,Small,0.0
s_4116,4.571272763,6.903728708,Nigeria,0.0,0.0,2019,GAS,TotalEnergies,Ubeta,ONSHORE,Small,0.0
s_4116,4.571272763,6.903728708,Nigeria,0.0,0.0,2020,GAS,TotalEnergies,Ubeta,ONSHORE,Small,0.0
s_4116,4.571272763,6.903728708,Nigeria,0.0,0.0,2021,GAS,TotalEnergies,Ubeta,ONSHORE,Small,0.0
s_4116,4.571272763,6.903728708,Nigeria,2.7281656748387e-05,0.0026395716086173053,2022,GAS,TotalEnergies,Ubeta,ONSHORE,Small,0.027281656748387
s_4116,4.571272763,6.903728708,Nigeria,0.0,0.0,2023,GAS,TotalEnergies,Ubeta,ONSHORE,Small,0.0
s_4116,4.571272763,6.903728708,Nigeria,0.0,0.0,2024,GAS,TotalEnergies,Ubeta,ONSHORE,Small,0.0
s_4116,4.571272763,6.903728708,Nigeria,0.0,0.0,2025,GAS,TotalEnergies,Ubeta,ONSHORE,Small,0.0
s_4117,4.97076337,6.622258139,Nigeria,0.0,0.0,2012,OIL,Renaissance Africa Energy ,Enwhe,ONSHORE,Small,0.0
s_4117,4.97076337,6.622258139,Nigeria,0.0,0.0,2013,OIL,Renaissance Africa Energy ,Enwhe,ONSHORE,Small,0.0
s_4117,4.97076337,6.622258139,Nigeria,0.0,0.0,2014,OIL,Renaissance Africa Energy ,Enwhe,ONSHORE,Small,0.0
s_4117,4.97076337,6.622258139,Nigeria,0.0,0.0,2015,OIL,Renaissance Africa Energy ,Enwhe,ONSHORE,Small,0.0
s_4117,4.97076337,6.622258139,Nigeria,0.0,0.0,2016,OIL,Renaissance Africa Energy ,Enwhe,ONSHORE,Small,0.0
s_4117,4.97076337,6.622258139,Nigeria,0.0,0.0,2017,OIL,Renaissance Africa Energy ,Enwhe,ONSHORE,Small,0.0
s_4117,4.97076337,6.622258139,Nigeria,0.0,0.0,2018,OIL,Renaissance Africa Energy ,Enwhe,ONSHORE,Small,0.0
s_4117,4.97076337,6.622258139,Nigeria,0.0,0.0,2019,OIL,Renaissance Africa Energy ,Enwhe,ONSHORE,Small,0.0
s_4117,4.97076337,6.622258139,Nigeria,0.0016311792679768,0.15782085831613896,2020,OIL,Renaissance Africa Energy ,Enwhe,ONSHORE,Small,1.6311792679768
s_4117,4.97076337,6.622258139,Nigeria,0.000907683018934,0.08782070489703253,2021,OIL,Renaissance Africa Energy ,Enwhe,ONSHORE,Small,0.907683018934
s_4117,4.97076337,6.622258139,Nigeria,0.0002902545145658,0.028082883051674695,2022,OIL,Renaissance Africa Energy ,Enwhe,ONSHORE,Small,0.2902545145658
s_4117,4.97076337,6.622258139,Nigeria,0.0,0.0,2023,OIL,Renaissance Africa Energy ,Enwhe,ONSHORE,Small,0.0
s_4117,4.97076337,6.622258139,Nigeria,0.0,0.0,2024,OIL,Renaissance Africa Energy ,Enwhe,ONSHORE,Small,0.0
s_4117,4.97076337,6.622258139,Nigeria,0.0,0.0,2025,OIL,Renaissance Africa Energy ,Enwhe,ONSHORE,Small,0.0
s_4119,5.076083067,6.733565407,Nigeria,0.0,0.0,2012,OIL,Renaissance Africa Energy ,Mini Nta,ONSHORE,Small,0.0
s_4119,5.076083067,6.733565407,Nigeria,0.0,0.0,2013,OIL,Renaissance Africa Energy ,Mini Nta,ONSHORE,Small,0.0
s_4119,5.076083067,6.733565407,Nigeria,0.0,0.0,2014,OIL,Renaissance Africa Energy ,Mini Nta,ONSHORE,Small,0.0
s_4119,5.076083067,6.733565407,Nigeria,0.0,0.0,2015,OIL,Renaissance Africa Energy ,Mini Nta,ONSHORE,Small,0.0
s_4119,5.076083067,6.733565407,Nigeria,0.0,0.0,2016,OIL,Renaissance Africa Energy ,Mini Nta,ONSHORE,Small,0.0
s_4119,5.076083067,6.733565407,Nigeria,0.0,0.0,2017,OIL,Renaissance Africa Energy ,Mini Nta,ONSHORE,Small,0.0
s_4119,5.076083067,6.733565407,Nigeria,0.0,0.0,2018,OIL,Renaissance Africa Energy ,Mini Nta,ONSHORE,Small,0.0
s_4119,5.076083067,6.733565407,Nigeria,0.0,0.0,2019,OIL,Renaissance Africa Energy ,Mini Nta,ONSHORE,Small,0.0
s_4119,5.076083067,6.733565407,Nigeria,0.000287903083825,0.02785537598052101,2020,OIL,Renaissance Africa Energy ,Mini Nta,ONSHORE,Small,0.287903083825
s_4119,5.076083067,6.733565407,Nigeria,0.0038151274393547,0.3691235530544861,2021,OIL,Renaissance Africa Energy ,Mini Nta,ONSHORE,Small,3.8151274393547
s_4119,5.076083067,6.733565407,Nigeria,5.07393723219437e-05,0.004909166912232477,2022,OIL,Renaissance Africa Energy ,Mini Nta,ONSHORE,Small,0.0507393723219437
s_4119,5.076083067,6.733565407,Nigeria,0.0,0.0,2023,OIL,Renaissance Africa Energy ,Mini Nta,ONSHORE,Small,0.0
s_4119,5.076083067,6.733565407,Nigeria,0.0,0.0,2024,OIL,Renaissance Africa Energy ,Mini Nta,ONSHORE,Small,0.0
s_4119,5.076083067,6.733565407,Nigeria,0.0,0.0,2025,OIL,Renaissance Africa Energy ,Mini Nta,ONSHORE,Small,0.0
s_4121,4.736066213,6.8835152,Nigeria,0.0,0.0,2012,OIL,SEPLAT Energy,Idama,ONSHORE,Small,0.0
s_4121,4.736066213,6.8835152,Nigeria,0.0,0.0,2013,OIL,SEPLAT Energy,Idama,ONSHORE,Small,0.0
s_4121,4.736066213,6.8835152,Nigeria,0.0,0.0,2014,OIL,SEPLAT Energy,Idama,ONSHORE,Small,0.0
s_4121,4.736066213,6.8835152,Nigeria,0.0,0.0,2015,OIL,SEPLAT Energy,Idama,ONSHORE,Small,0.0
s_4121,4.736066213,6.8835152,Nigeria,0.0,0.0,2016,OIL,SEPLAT Energy,Idama,ONSHORE,Small,0.0
s_4121,4.736066213,6.8835152,Nigeria,0.0,0.0,2017,OIL,SEPLAT Energy,Idama,ONSHORE,Small,0.0
s_4121,4.736066213,6.8835152,Nigeria,0.0004667358536804,0.04515791395885019,2018,OIL,SEPLAT Energy,Idama,ONSHORE,Small,0.4667358536804
s_4121,4.736066213,6.8835152,Nigeria,0.0006173453676,0.05972977814570289,2019,OIL,SEPLAT Energy,Idama,ONSHORE,Small,0.6173453675999999
s_4121,4.736066213,6.8835152,Nigeria,0.0,0.0,2020,OIL,SEPLAT Energy,Idama,ONSHORE,Small,0.0
s_4121,4.736066213,6.8835152,Nigeria,3.99290319705615e-05,0.0038632382234373742,2021,OIL,SEPLAT Energy,Idama,ONSHORE,Small,0.0399290319705615
s_4121,4.736066213,6.8835152,Nigeria,0.0,0.0,2022,OIL,SEPLAT Energy,Idama,ONSHORE,Small,0.0
s_4121,4.736066213,6.8835152,Nigeria,0.0,0.0,2023,OIL,SEPLAT Energy,Idama,ONSHORE,Small,0.0
s_4121,4.736066213,6.8835152,Nigeria,0.0001999980544721,0.01935033459412118,2024,OIL,SEPLAT Energy,Idama,ONSHORE,Small,0.1999980544721
s_4121,4.736066213,6.8835152,Nigeria,0.0183266586104127,1.7731521291032788,2025,OIL,SEPLAT Energy,Idama,ONSHORE,Small,18.3266586104127
s_4122,5.748708769,5.538971893,Nigeria,0.0,0.0,2012,OIL,ConOil,Jatumi,ONSHORE,Small,0.0
s_4122,5.748708769,5.538971893,Nigeria,0.0,0.0,2013,OIL,ConOil,Jatumi,ONSHORE,Small,0.0
s_4122,5.748708769,5.538971893,Nigeria,0.0001330183764736,0.012869875653165448,2014,OIL,ConOil,Jatumi,ONSHORE,Small,0.13301837647360001
s_4122,5.748708769,5.538971893,Nigeria,0.0,0.0,2015,OIL,ConOil,Jatumi,ONSHORE,Small,0.0
s_4122,5.748708769,5.538971893,Nigeria,0.0,0.0,2016,OIL,ConOil,Jatumi,ONSHORE,Small,0.0
s_4122,5.748708769,5.538971893,Nigeria,0.0001668239646666,0.01614065468355285,2017,OIL,ConOil,Jatumi,ONSHORE,Small,0.1668239646666
s_4122,5.748708769,5.538971893,Nigeria,0.0,0.0,2018,OIL,ConOil,Jatumi,ONSHORE,Small,0.0
s_4122,5.748708769,5.538971893,Nigeria,0.0,0.0,2019,OIL,ConOil,Jatumi,ONSHORE,Small,0.0
s_4122,5.748708769,5.538971893,Nigeria,0.0,0.0,2020,OIL,ConOil,Jatumi,ONSHORE,Small,0.0
s_4122,5.748708769,5.538971893,Nigeria,0.0097420485959079,0.9425686687832455,2021,OIL,ConOil,Jatumi,ONSHORE,Small,9.742048595907901
s_4122,5.748708769,5.538971893,Nigeria,0.0008260275117333,0.0799203211160161,2022,OIL,ConOil,Jatumi,ONSHORE,Small,0.8260275117332999
s_4122,5.748708769,5.538971893,Nigeria,1.30092500122587e-05,0.0012586789467539448,2023,OIL,ConOil,Jatumi,ONSHORE,Small,0.013009250012258701
s_4122,5.748708769,5.538971893,Nigeria,0.0,0.0,2024,OIL,ConOil,Jatumi,ONSHORE,Small,0.0
s_4122,5.748708769,5.538971893,Nigeria,0.0,0.0,2025,OIL,ConOil,Jatumi,ONSHORE,Small,0.0
s_4128,5.590433415,5.626843296,Nigeria,0.0001845140946784,0.0178522210067622,2012,GAS,Renaissance Africa Energy ,Iseni,ONSHORE,Small,0.18451409467840002
s_4128,5.590433415,5.626843296,Nigeria,0.0003972323274265,0.03843326610147881,2013,GAS,Renaissance Africa Energy ,Iseni,ONSHORE,Small,0.3972323274265
s_4128,5.590433415,5.626843296,Nigeria,0.000797143082992,0.07712567712720583,2014,GAS,Renaissance Africa Energy ,Iseni,ONSHORE,Small,0.797143082992
s_4128,5.590433415,5.626843296,Nigeria,0.0009110701837574,0.088148421948237,2015,GAS,Renaissance Africa Energy ,Iseni,ONSHORE,Small,0.9110701837574
s_4128,5.590433415,5.626843296,Nigeria,0.000285167682515,0.027590718753042424,2016,GAS,Renaissance Africa Energy ,Iseni,ONSHORE,Small,0.28516768251499997
s_4128,5.590433415,5.626843296,Nigeria,0.0,0.0,2017,GAS,Renaissance Africa Energy ,Iseni,ONSHORE,Small,0.0
s_4128,5.590433415,5.626843296,Nigeria,0.0,0.0,2018,GAS,Renaissance Africa Energy ,Iseni,ONSHORE,Small,0.0
s_4128,5.590433415,5.626843296,Nigeria,0.0014037724523006,0.13581865442504074,2019,GAS,Renaissance Africa Energy ,Iseni,ONSHORE,Small,1.4037724523005999
s_4128,5.590433415,5.626843296,Nigeria,5.47257255498402e-05,0.005294857007937448,2020,GAS,Renaissance Africa Energy ,Iseni,ONSHORE,Small,0.054725725549840204
s_4128,5.590433415,5.626843296,Nigeria,0.0,0.0,2021,GAS,Renaissance Africa Energy ,Iseni,ONSHORE,Small,0.0
s_4128,5.590433415,5.626843296,Nigeria,0.0,0.0,2022,GAS,Renaissance Africa Energy ,Iseni,ONSHORE,Small,0.0
s_4128,5.590433415,5.626843296,Nigeria,0.0,0.0,2023,GAS,Renaissance Africa Energy ,Iseni,ONSHORE,Small,0.0
s_4128,5.590433415,5.626843296,Nigeria,0.0,0.0,2024,GAS,Renaissance Africa Energy ,Iseni,ONSHORE,Small,0.0
s_4128,5.590433415,5.626843296,Nigeria,0.0,0.0,2025,GAS,Renaissance Africa Energy ,Iseni,ONSHORE,Small,0.0
s_4129,4.701242857,6.902360203,Nigeria,0.0,0.0,2012,NA,NA,NA,ONSHORE,Small,0.0
s_4129,4.701242857,6.902360203,Nigeria,0.0,0.0,2013,NA,NA,NA,ONSHORE,Small,0.0
s_4129,4.701242857,6.902360203,Nigeria,0.0,0.0,2014,NA,NA,NA,ONSHORE,Small,0.0
s_4129,4.701242857,6.902360203,Nigeria,0.0,0.0,2015,NA,NA,NA,ONSHORE,Small,0.0
s_4129,4.701242857,6.902360203,Nigeria,0.0,0.0,2016,NA,NA,NA,ONSHORE,Small,0.0
s_4129,4.701242857,6.902360203,Nigeria,0.0,0.0,2017,NA,NA,NA,ONSHORE,Small,0.0
s_4129,4.701242857,6.902360203,Nigeria,0.0004900690506987,0.047415461766734696,2018,NA,NA,NA,ONSHORE,Small,0.4900690506987
s_4129,4.701242857,6.902360203,Nigeria,0.000169026461829,0.016353752041662343,2019,NA,NA,NA,ONSHORE,Small,0.169026461829
s_4129,4.701242857,6.902360203,Nigeria,0.0002756338579579,0.026668296304341706,2020,NA,NA,NA,ONSHORE,Small,0.27563385795789996
s_4129,4.701242857,6.902360203,Nigeria,0.0012411707683047,0.12008651643403268,2021,NA,NA,NA,ONSHORE,Small,1.2411707683047
s_4129,4.701242857,6.902360203,Nigeria,0.0,0.0,2022,NA,NA,NA,ONSHORE,Small,0.0
s_4129,4.701242857,6.902360203,Nigeria,1.77026072989648e-06,0.00017127735333599808,2023,NA,NA,NA,ONSHORE,Small,0.00177026072989648
s_4129,4.701242857,6.902360203,Nigeria,1.94166434362224e-05,0.0018786110103789207,2024,NA,NA,NA,ONSHORE,Small,0.0194166434362224
s_4129,4.701242857,6.902360203,Nigeria,0.0,0.0,2025,NA,NA,NA,ONSHORE,Small,0.0
s_4130,5.678300038,5.194887113,Nigeria,0.0,0.0,2012,NA,NA,NA,ONSHORE,Small,0.0
s_4130,5.678300038,5.194887113,Nigeria,0.0,0.0,2013,NA,NA,NA,ONSHORE,Small,0.0
s_4130,5.678300038,5.194887113,Nigeria,0.0001364952117024,0.013206268550503823,2014,NA,NA,NA,ONSHORE,Small,0.1364952117024
s_4130,5.678300038,5.194887113,Nigeria,0.0006764288406733,0.06544625861831967,2015,NA,NA,NA,ONSHORE,Small,0.6764288406733
s_4130,5.678300038,5.194887113,Nigeria,0.0009569519754139,0.09258760523266682,2016,NA,NA,NA,ONSHORE,Small,0.9569519754139
s_4130,5.678300038,5.194887113,Nigeria,0.0006811001707527,0.06589822201503652,2017,NA,NA,NA,ONSHORE,Small,0.6811001707527
s_4130,5.678300038,5.194887113,Nigeria,3.15571796735783e-05,0.0030532396284671122,2018,NA,NA,NA,ONSHORE,Small,0.031557179673578295
s_4130,5.678300038,5.194887113,Nigeria,0.0,0.0,2019,NA,NA,NA,ONSHORE,Small,0.0
s_4130,5.678300038,5.194887113,Nigeria,8.05221769114956e-05,0.007790731112846002,2020,NA,NA,NA,ONSHORE,Small,0.0805221769114956
s_4130,5.678300038,5.194887113,Nigeria,0.0025045888338168,0.24232551703054558,2021,NA,NA,NA,ONSHORE,Small,2.5045888338168
s_4130,5.678300038,5.194887113,Nigeria,0.0041021619887604,0.39689489605946476,2022,NA,NA,NA,ONSHORE,Small,4.1021619887604
s_4130,5.678300038,5.194887113,Nigeria,0.0001159653168571,0.011219947556095865,2023,NA,NA,NA,ONSHORE,Small,0.1159653168571
s_4130,5.678300038,5.194887113,Nigeria,0.0,0.0,2024,NA,NA,NA,ONSHORE,Small,0.0
s_4130,5.678300038,5.194887113,Nigeria,0.0,0.0,2025,NA,NA,NA,ONSHORE,Small,0.0
s_4131,4.461238482,6.970224275,Nigeria,0.0,0.0,2012,NA,NA,NA,ONSHORE,Small,0.0
s_4131,4.461238482,6.970224275,Nigeria,0.0,0.0,2013,NA,NA,NA,ONSHORE,Small,0.0
s_4131,4.461238482,6.970224275,Nigeria,0.0,0.0,2014,NA,NA,NA,ONSHORE,Small,0.0
s_4131,4.461238482,6.970224275,Nigeria,0.0,0.0,2015,NA,NA,NA,ONSHORE,Small,0.0
s_4131,4.461238482,6.970224275,Nigeria,0.0,0.0,2016,NA,NA,NA,ONSHORE,Small,0.0
s_4131,4.461238482,6.970224275,Nigeria,0.0,0.0,2017,NA,NA,NA,ONSHORE,Small,0.0
s_4131,4.461238482,6.970224275,Nigeria,0.0002098202387875,0.02030065660325169,2018,NA,NA,NA,ONSHORE,Small,0.2098202387875
s_4131,4.461238482,6.970224275,Nigeria,0.0014733306389632,0.14254859081984408,2019,NA,NA,NA,ONSHORE,Small,1.4733306389632
s_4131,4.461238482,6.970224275,Nigeria,0.000483455545949,0.04677558789353981,2020,NA,NA,NA,ONSHORE,Small,0.48345554594900003
s_4131,4.461238482,6.970224275,Nigeria,0.0,0.0,2021,NA,NA,NA,ONSHORE,Small,0.0
s_4131,4.461238482,6.970224275,Nigeria,0.0,0.0,2022,NA,NA,NA,ONSHORE,Small,0.0
s_4131,4.461238482,6.970224275,Nigeria,0.0,0.0,2023,NA,NA,NA,ONSHORE,Small,0.0
s_4131,4.461238482,6.970224275,Nigeria,0.0,0.0,2024,NA,NA,NA,ONSHORE,Small,0.0
s_4131,4.461238482,6.970224275,Nigeria,0.0,0.0,2025,NA,NA,NA,ONSHORE,Small,0.0
s_4133,5.111011167,6.502441582,Nigeria,0.0127004563136163,1.2288023491787408,2012,OIL,Oando Oil,Oshi,ONSHORE,Small,12.7004563136163
s_4133,5.111011167,6.502441582,Nigeria,0.01351932188839,1.3080297341715728,2013,OIL,Oando Oil,Oshi,ONSHORE,Small,13.51932188839
s_4133,5.111011167,6.502441582,Nigeria,0.0104103498133109,1.0072285586033767,2014,OIL,Oando Oil,Oshi,ONSHORE,Small,10.410349813310901
s_4133,5.111011167,6.502441582,Nigeria,0.0100899682327436,0.976230803159533,2015,OIL,Oando Oil,Oshi,ONSHORE,Small,10.0899682327436
s_4133,5.111011167,6.502441582,Nigeria,0.0155487779343868,1.504384911914457,2016,OIL,Oando Oil,Oshi,ONSHORE,Small,15.5487779343868
s_4133,5.111011167,6.502441582,Nigeria,0.0053177988438185,0.5145109396375332,2017,OIL,Oando Oil,Oshi,ONSHORE,Small,5.317798843818499
s_4133,5.111011167,6.502441582,Nigeria,0.0082363519760678,0.7968885847041891,2018,OIL,Oando Oil,Oshi,ONSHORE,Small,8.2363519760678
s_4133,5.111011167,6.502441582,Nigeria,0.0067826407477528,0.6562382231525457,2019,OIL,Oando Oil,Oshi,ONSHORE,Small,6.7826407477528
s_4133,5.111011167,6.502441582,Nigeria,0.0041249854419971,0.39910312482393523,2020,OIL,Oando Oil,Oshi,ONSHORE,Small,4.1249854419971
s_4133,5.111011167,6.502441582,Nigeria,0.0050388936924427,0.4875261371433739,2021,OIL,Oando Oil,Oshi,ONSHORE,Small,5.0388936924427
s_4133,5.111011167,6.502441582,Nigeria,0.0024795549064963,0.23990341911996732,2022,OIL,Oando Oil,Oshi,ONSHORE,Small,2.4795549064963
s_4133,5.111011167,6.502441582,Nigeria,0.0016354809745521,0.15823705967258464,2023,OIL,Oando Oil,Oshi,ONSHORE,Small,1.6354809745521
s_4133,5.111011167,6.502441582,Nigeria,0.0037598301401448,0.3637733948007613,2024,OIL,Oando Oil,Oshi,ONSHORE,Small,3.7598301401447998
s_4133,5.111011167,6.502441582,Nigeria,0.0011146228916446,0.1078426785526491,2025,OIL,Oando Oil,Oshi,ONSHORE,Small,1.1146228916446
s_4135a,4.624317456,6.914448616,Nigeria,0.0,0.0,2012,NA,NA,NA,ONSHORE,Small,0.0
s_4135a,4.624317456,6.914448616,Nigeria,0.0,0.0,2013,NA,NA,NA,ONSHORE,Small,0.0
s_4135a,4.624317456,6.914448616,Nigeria,0.0,0.0,2014,NA,NA,NA,ONSHORE,Small,0.0
s_4135a,4.624317456,6.914448616,Nigeria,0.0,0.0,2015,NA,NA,NA,ONSHORE,Small,0.0
s_4135a,4.624317456,6.914448616,Nigeria,4.35343059044703e-05,0.004212057901252444,2016,NA,NA,NA,ONSHORE,Small,0.0435343059044703
s_4135a,4.624317456,6.914448616,Nigeria,0.0002868693501786,0.02775535954790201,2017,NA,NA,NA,ONSHORE,Small,0.28686935017860005
s_4135a,4.624317456,6.914448616,Nigeria,0.000394582677767,0.038176905570353366,2018,NA,NA,NA,ONSHORE,Small,0.394582677767
s_4135a,4.624317456,6.914448616,Nigeria,0.0007842841607512,0.07588154278531913,2019,NA,NA,NA,ONSHORE,Small,0.7842841607512
s_4135a,4.624317456,6.914448616,Nigeria,0.0004647094825393,0.04496185725372046,2020,NA,NA,NA,ONSHORE,Small,0.4647094825393
s_4135a,4.624317456,6.914448616,Nigeria,1.46178785922767e-05,0.001414317967059298,2021,NA,NA,NA,ONSHORE,Small,0.0146178785922767
s_4135a,4.624317456,6.914448616,Nigeria,1.59064711018203e-05,0.0015389926609255095,2022,NA,NA,NA,ONSHORE,Small,0.0159064711018203
s_4135a,4.624317456,6.914448616,Nigeria,0.0,0.0,2023,NA,NA,NA,ONSHORE,Small,0.0
s_4135a,4.624317456,6.914448616,Nigeria,0.0,0.0,2024,NA,NA,NA,ONSHORE,Small,0.0
s_4135a,4.624317456,6.914448616,Nigeria,0.0,0.0,2025,NA,NA,NA,ONSHORE,Small,0.0
s_4135b,4.615800411,6.926006383,Nigeria,0.0,0.0,2012,NA,NA,NA,ONSHORE,Small,0.0
s_4135b,4.615800411,6.926006383,Nigeria,0.0,0.0,2013,NA,NA,NA,ONSHORE,Small,0.0
s_4135b,4.615800411,6.926006383,Nigeria,0.0,0.0,2014,NA,NA,NA,ONSHORE,Small,0.0
s_4135b,4.615800411,6.926006383,Nigeria,0.0,0.0,2015,NA,NA,NA,ONSHORE,Small,0.0
s_4135b,4.615800411,6.926006383,Nigeria,0.0,0.0,2016,NA,NA,NA,ONSHORE,Small,0.0
s_4135b,4.615800411,6.926006383,Nigeria,0.0,0.0,2017,NA,NA,NA,ONSHORE,Small,0.0
s_4135b,4.615800411,6.926006383,Nigeria,0.0,0.0,2018,NA,NA,NA,ONSHORE,Small,0.0
s_4135b,4.615800411,6.926006383,Nigeria,0.0,0.0,2019,NA,NA,NA,ONSHORE,Small,0.0
s_4135b,4.615800411,6.926006383,Nigeria,0.0,0.0,2020,NA,NA,NA,ONSHORE,Small,0.0
s_4135b,4.615800411,6.926006383,Nigeria,0.0,0.0,2021,NA,NA,NA,ONSHORE,Small,0.0
s_4135b,4.615800411,6.926006383,Nigeria,0.0,0.0,2022,NA,NA,NA,ONSHORE,Small,0.0
s_4135b,4.615800411,6.926006383,Nigeria,0.0,0.0,2023,NA,NA,NA,ONSHORE,Small,0.0
s_4135b,4.615800411,6.926006383,Nigeria,0.0,0.0,2024,NA,NA,NA,ONSHORE,Small,0.0
s_4135b,4.615800411,6.926006383,Nigeria,0.0,0.0,2025,NA,NA,NA,ONSHORE,Small,0.0
s_4136,5.684067114,5.169531894,Nigeria,0.0,0.0,2012,OIL,Renaissance Africa Energy ,Otumara,ONSHORE,Small,0.0
s_4136,5.684067114,5.169531894,Nigeria,0.0,0.0,2013,OIL,Renaissance Africa Energy ,Otumara,ONSHORE,Small,0.0
s_4136,5.684067114,5.169531894,Nigeria,0.0,0.0,2014,OIL,Renaissance Africa Energy ,Otumara,ONSHORE,Small,0.0
s_4136,5.684067114,5.169531894,Nigeria,0.0,0.0,2015,OIL,Renaissance Africa Energy ,Otumara,ONSHORE,Small,0.0
s_4136,5.684067114,5.169531894,Nigeria,0.0,0.0,2016,OIL,Renaissance Africa Energy ,Otumara,ONSHORE,Small,0.0
s_4136,5.684067114,5.169531894,Nigeria,0.0,0.0,2017,OIL,Renaissance Africa Energy ,Otumara,ONSHORE,Small,0.0
s_4136,5.684067114,5.169531894,Nigeria,0.0009268942892828,0.08967944552432827,2018,OIL,Renaissance Africa Energy ,Otumara,ONSHORE,Small,0.9268942892828
s_4136,5.684067114,5.169531894,Nigeria,5.01903450529884e-06,0.0004856047088724075,2019,OIL,Renaissance Africa Energy ,Otumara,ONSHORE,Small,0.00501903450529884
s_4136,5.684067114,5.169531894,Nigeria,0.0,0.0,2020,OIL,Renaissance Africa Energy ,Otumara,ONSHORE,Small,0.0
s_4136,5.684067114,5.169531894,Nigeria,0.000538456462889,0.05209707038786546,2021,OIL,Renaissance Africa Energy ,Otumara,ONSHORE,Small,0.538456462889
s_4136,5.684067114,5.169531894,Nigeria,0.0002553716416327,0.02470787390650393,2022,OIL,Renaissance Africa Energy ,Otumara,ONSHORE,Small,0.2553716416327
s_4136,5.684067114,5.169531894,Nigeria,5.21485982934415e-05,0.005045513208896137,2023,OIL,Renaissance Africa Energy ,Otumara,ONSHORE,Small,0.0521485982934415
s_4136,5.684067114,5.169531894,Nigeria,3.14394645217078e-05,0.003041850379799147,2024,OIL,Renaissance Africa Energy ,Otumara,ONSHORE,Small,0.031439464521707795
s_4136,5.684067114,5.169531894,Nigeria,0.0,0.0,2025,OIL,Renaissance Africa Energy ,Otumara,ONSHORE,Small,0.0
s_4137a,5.482213114,5.897335516,Nigeria,0.0,0.0,2012,GAS,Oando Oil,Irri,ONSHORE,Small,0.0
s_4137a,5.482213114,5.897335516,Nigeria,0.0,0.0,2013,GAS,Oando Oil,Irri,ONSHORE,Small,0.0
s_4137a,5.482213114,5.897335516,Nigeria,0.0,0.0,2014,GAS,Oando Oil,Irri,ONSHORE,Small,0.0
s_4137a,5.482213114,5.897335516,Nigeria,0.0,0.0,2015,GAS,Oando Oil,Irri,ONSHORE,Small,0.0
s_4137a,5.482213114,5.897335516,Nigeria,0.0,0.0,2016,GAS,Oando Oil,Irri,ONSHORE,Small,0.0
s_4137a,5.482213114,5.897335516,Nigeria,8.93151676796879e-05,0.00864147595582284,2017,GAS,Oando Oil,Irri,ONSHORE,Small,0.0893151676796879
s_4137a,5.482213114,5.897335516,Nigeria,0.0052054023655005,0.5036362865395573,2018,GAS,Oando Oil,Irri,ONSHORE,Small,5.2054023655005
s_4137a,5.482213114,5.897335516,Nigeria,0.0041319831760443,0.39978017388609444,2019,GAS,Oando Oil,Irri,ONSHORE,Small,4.1319831760443
s_4137a,5.482213114,5.897335516,Nigeria,7.73932352238328e-05,0.007487997825056867,2020,GAS,Oando Oil,Irri,ONSHORE,Small,0.0773932352238328
s_4137a,5.482213114,5.897335516,Nigeria,0.0,0.0,2021,GAS,Oando Oil,Irri,ONSHORE,Small,0.0
s_4137a,5.482213114,5.897335516,Nigeria,0.0,0.0,2022,GAS,Oando Oil,Irri,ONSHORE,Small,0.0
s_4137a,5.482213114,5.897335516,Nigeria,0.0,0.0,2023,GAS,Oando Oil,Irri,ONSHORE,Small,0.0
s_4137a,5.482213114,5.897335516,Nigeria,8.18852929939378e-08,7.92261615720559e-06,2024,GAS,Oando Oil,Irri,ONSHORE,Small,8.188529299393779e-05
s_4137a,5.482213114,5.897335516,Nigeria,0.0,0.0,2025,GAS,Oando Oil,Irri,ONSHORE,Small,0.0
s_4137b,5.488086922,5.899452785,Nigeria,0.0,0.0,2012,OIL,NEPL,Ughelli East,ONSHORE,Small,0.0
s_4137b,5.488086922,5.899452785,Nigeria,0.0,0.0,2013,OIL,NEPL,Ughelli East,ONSHORE,Small,0.0
s_4137b,5.488086922,5.899452785,Nigeria,0.0,0.0,2014,OIL,NEPL,Ughelli East,ONSHORE,Small,0.0
s_4137b,5.488086922,5.899452785,Nigeria,0.0,0.0,2015,OIL,NEPL,Ughelli East,ONSHORE,Small,0.0
s_4137b,5.488086922,5.899452785,Nigeria,0.0,0.0,2016,OIL,NEPL,Ughelli East,ONSHORE,Small,0.0
s_4137b,5.488086922,5.899452785,Nigeria,0.0,0.0,2017,OIL,NEPL,Ughelli East,ONSHORE,Small,0.0
s_4137b,5.488086922,5.899452785,Nigeria,0.0025082000067169,0.24267490744876039,2018,OIL,NEPL,Ughelli East,ONSHORE,Small,2.5082000067169
s_4137b,5.488086922,5.899452785,Nigeria,0.0046011707853618,0.44517530161207913,2019,OIL,NEPL,Ughelli East,ONSHORE,Small,4.6011707853618
s_4137b,5.488086922,5.899452785,Nigeria,6.24986254573306e-05,0.006046905393475794,2020,OIL,NEPL,Ughelli East,ONSHORE,Small,0.062498625457330606
s_4137b,5.488086922,5.899452785,Nigeria,0.0,0.0,2021,OIL,NEPL,Ughelli East,ONSHORE,Small,0.0
s_4137b,5.488086922,5.899452785,Nigeria,0.0,0.0,2022,OIL,NEPL,Ughelli East,ONSHORE,Small,0.0
s_4137b,5.488086922,5.899452785,Nigeria,0.0,0.0,2023,OIL,NEPL,Ughelli East,ONSHORE,Small,0.0
s_4137b,5.488086922,5.899452785,Nigeria,0.0,0.0,2024,OIL,NEPL,Ughelli East,ONSHORE,Small,0.0
s_4137b,5.488086922,5.899452785,Nigeria,0.0,0.0,2025,OIL,NEPL,Ughelli East,ONSHORE,Small,0.0
s_4138,5.70549331,5.583230016,Nigeria,0.0,0.0,2012,NA,NA,NA,ONSHORE,Small,0.0
s_4138,5.70549331,5.583230016,Nigeria,6.3302433594764e-05,0.006124675932043624,2013,NA,NA,NA,ONSHORE,Small,0.06330243359476401
s_4138,5.70549331,5.583230016,Nigeria,4.27886186120692e-05,0.004139910706377814,2014,NA,NA,NA,ONSHORE,Small,0.0427886186120692
s_4138,5.70549331,5.583230016,Nigeria,0.0001091955444537,0.010564954378899172,2015,NA,NA,NA,ONSHORE,Small,0.1091955444537
s_4138,5.70549331,5.583230016,Nigeria,0.0002320339572463,0.022449891934025117,2016,NA,NA,NA,ONSHORE,Small,0.2320339572463
s_4138,5.70549331,5.583230016,Nigeria,0.0,0.0,2017,NA,NA,NA,ONSHORE,Small,0.0
s_4138,5.70549331,5.583230016,Nigeria,0.0,0.0,2018,NA,NA,NA,ONSHORE,Small,0.0
s_4138,5.70549331,5.583230016,Nigeria,9.47591347347301e-05,0.009168193999718284,2019,NA,NA,NA,ONSHORE,Small,0.0947591347347301
s_4138,5.70549331,5.583230016,Nigeria,2.50545168990344e-05,0.0024240900061255903,2020,NA,NA,NA,ONSHORE,Small,0.0250545168990344
s_4138,5.70549331,5.583230016,Nigeria,0.0001144515911439,0.011073490636245024,2021,NA,NA,NA,ONSHORE,Small,0.11445159114390001
s_4138,5.70549331,5.583230016,Nigeria,0.0002198409328993,0.02127018495411732,2022,NA,NA,NA,ONSHORE,Small,0.2198409328993
s_4138,5.70549331,5.583230016,Nigeria,0.0,0.0,2023,NA,NA,NA,ONSHORE,Small,0.0
s_4138,5.70549331,5.583230016,Nigeria,0.0,0.0,2024,NA,NA,NA,ONSHORE,Small,0.0
s_4138,5.70549331,5.583230016,Nigeria,0.0,0.0,2025,NA,NA,NA,ONSHORE,Small,0.0
s_4139,5.068419637,6.575946128,Nigeria,0.0,0.0,2012,OIL,Renaissance Africa Energy ,Ubie,ONSHORE,Small,0.0
s_4139,5.068419637,6.575946128,Nigeria,0.0,0.0,2013,OIL,Renaissance Africa Energy ,Ubie,ONSHORE,Small,0.0
s_4139,5.068419637,6.575946128,Nigeria,0.0,0.0,2014,OIL,Renaissance Africa Energy ,Ubie,ONSHORE,Small,0.0
s_4139,5.068419637,6.575946128,Nigeria,0.0,0.0,2015,OIL,Renaissance Africa Energy ,Ubie,ONSHORE,Small,0.0
s_4139,5.068419637,6.575946128,Nigeria,0.000126515161546,0.01224067260857234,2016,OIL,Renaissance Africa Energy ,Ubie,ONSHORE,Small,0.126515161546
s_4139,5.068419637,6.575946128,Nigeria,0.0,0.0,2017,OIL,Renaissance Africa Energy ,Ubie,ONSHORE,Small,0.0
s_4139,5.068419637,6.575946128,Nigeria,0.0,0.0,2018,OIL,Renaissance Africa Energy ,Ubie,ONSHORE,Small,0.0
s_4139,5.068419637,6.575946128,Nigeria,0.0,0.0,2019,OIL,Renaissance Africa Energy ,Ubie,ONSHORE,Small,0.0
s_4139,5.068419637,6.575946128,Nigeria,0.0004702246655405,0.04549546562657549,2020,OIL,Renaissance Africa Energy ,Ubie,ONSHORE,Small,0.47022466554049996
s_4139,5.068419637,6.575946128,Nigeria,0.0004125639321511,0.0399166389376241,2021,OIL,Renaissance Africa Energy ,Ubie,ONSHORE,Small,0.4125639321511
s_4139,5.068419637,6.575946128,Nigeria,0.0029824572407638,0.2885605346200495,2022,OIL,Renaissance Africa Energy ,Ubie,ONSHORE,Small,2.9824572407638
s_4139,5.068419637,6.575946128,Nigeria,0.0001366255129749,0.013218875539244638,2023,OIL,Renaissance Africa Energy ,Ubie,ONSHORE,Small,0.1366255129749
s_4139,5.068419637,6.575946128,Nigeria,0.0,0.0,2024,OIL,Renaissance Africa Energy ,Ubie,ONSHORE,Small,0.0
s_4139,5.068419637,6.575946128,Nigeria,0.0,0.0,2025,OIL,Renaissance Africa Energy ,Ubie,ONSHORE,Small,0.0
s_4144a,5.498886648,6.71465611,Nigeria,0.0,0.0,2012,OIL,Oando Oil,M'Bede,ONSHORE,Small,0.0
s_4144a,5.498886648,6.71465611,Nigeria,0.0,0.0,2013,OIL,Oando Oil,M'Bede,ONSHORE,Small,0.0
s_4144a,5.498886648,6.71465611,Nigeria,0.0,0.0,2014,OIL,Oando Oil,M'Bede,ONSHORE,Small,0.0
s_4144a,5.498886648,6.71465611,Nigeria,0.0,0.0,2015,OIL,Oando Oil,M'Bede,ONSHORE,Small,0.0
s_4144a,5.498886648,6.71465611,Nigeria,0.0,0.0,2016,OIL,Oando Oil,M'Bede,ONSHORE,Small,0.0
s_4144a,5.498886648,6.71465611,Nigeria,0.0,0.0,2017,OIL,Oando Oil,M'Bede,ONSHORE,Small,0.0
s_4144a,5.498886648,6.71465611,Nigeria,0.0,0.0,2018,OIL,Oando Oil,M'Bede,ONSHORE,Small,0.0
s_4144a,5.498886648,6.71465611,Nigeria,0.0006071768376206,0.05874594628818255,2019,OIL,Oando Oil,M'Bede,ONSHORE,Small,0.6071768376206
s_4144a,5.498886648,6.71465611,Nigeria,4.77151880640991e-05,0.00461656917962938,2020,OIL,Oando Oil,M'Bede,ONSHORE,Small,0.0477151880640991
s_4144a,5.498886648,6.71465611,Nigeria,0.0001519257492036,0.014699213391409801,2021,OIL,Oando Oil,M'Bede,ONSHORE,Small,0.1519257492036
s_4144a,5.498886648,6.71465611,Nigeria,0.0015769983069027,0.15257870869532278,2022,OIL,Oando Oil,M'Bede,ONSHORE,Small,1.5769983069026998
s_4144a,5.498886648,6.71465611,Nigeria,0.0002658783695565,0.025724427299243496,2023,OIL,Oando Oil,M'Bede,ONSHORE,Small,0.26587836955649996
s_4144a,5.498886648,6.71465611,Nigeria,6.1346935284804e-07,5.9354763585985574e-05,2024,OIL,Oando Oil,M'Bede,ONSHORE,Small,0.00061346935284804
s_4144a,5.498886648,6.71465611,Nigeria,1.89989902198733e-05,0.0018382019698910124,2025,OIL,Oando Oil,M'Bede,ONSHORE,Small,0.018998990219873297
s_4144b,5.504265185,6.719814685,Nigeria,0.0,0.0,2012,OIL,Oando Oil,M'Bede,ONSHORE,Small,0.0
s_4144b,5.504265185,6.719814685,Nigeria,0.0,0.0,2013,OIL,Oando Oil,M'Bede,ONSHORE,Small,0.0
s_4144b,5.504265185,6.719814685,Nigeria,0.0,0.0,2014,OIL,Oando Oil,M'Bede,ONSHORE,Small,0.0
s_4144b,5.504265185,6.719814685,Nigeria,0.0,0.0,2015,OIL,Oando Oil,M'Bede,ONSHORE,Small,0.0
s_4144b,5.504265185,6.719814685,Nigeria,0.0,0.0,2016,OIL,Oando Oil,M'Bede,ONSHORE,Small,0.0
s_4144b,5.504265185,6.719814685,Nigeria,0.0,0.0,2017,OIL,Oando Oil,M'Bede,ONSHORE,Small,0.0
s_4144b,5.504265185,6.719814685,Nigeria,0.0,0.0,2018,OIL,Oando Oil,M'Bede,ONSHORE,Small,0.0
s_4144b,5.504265185,6.719814685,Nigeria,0.0,0.0,2019,OIL,Oando Oil,M'Bede,ONSHORE,Small,0.0
s_4144b,5.504265185,6.719814685,Nigeria,0.0,0.0,2020,OIL,Oando Oil,M'Bede,ONSHORE,Small,0.0
s_4144b,5.504265185,6.719814685,Nigeria,0.0001442952069461,0.013960938480651589,2021,OIL,Oando Oil,M'Bede,ONSHORE,Small,0.1442952069461
s_4144b,5.504265185,6.719814685,Nigeria,0.002860751902046,0.2767852249436806,2022,OIL,Oando Oil,M'Bede,ONSHORE,Small,2.8607519020459997
s_4144b,5.504265185,6.719814685,Nigeria,0.0012413384376602,0.12010273888248933,2023,OIL,Oando Oil,M'Bede,ONSHORE,Small,1.2413384376602
s_4144b,5.504265185,6.719814685,Nigeria,8.03969960900069e-05,0.007778619541126132,2024,OIL,Oando Oil,M'Bede,ONSHORE,Small,0.0803969960900069
s_4144b,5.504265185,6.719814685,Nigeria,4.62320088927862e-05,0.00447306771755921,2025,OIL,Oando Oil,M'Bede,ONSHORE,Small,0.0462320088927862
s_4147a,4.495242693,6.839441304,Nigeria,0.002827368619726,0.27355530511047477,2012,OIL,Newcross EP,Awoba (OML 24),ONSHORE,Small,2.8273686197259997
s_4147a,4.495242693,6.839441304,Nigeria,0.0,0.0,2013,OIL,Newcross EP,Awoba (OML 24),ONSHORE,Small,0.0
s_4147a,4.495242693,6.839441304,Nigeria,0.0,0.0,2014,OIL,Newcross EP,Awoba (OML 24),ONSHORE,Small,0.0
s_4147a,4.495242693,6.839441304,Nigeria,3.887195468854e-05,0.0037609632330483367,2015,OIL,Newcross EP,Awoba (OML 24),ONSHORE,Small,0.03887195468854
s_4147a,4.495242693,6.839441304,Nigeria,0.0005152300695639,0.049849856116498406,2016,OIL,Newcross EP,Awoba (OML 24),ONSHORE,Small,0.5152300695638999
s_4147a,4.495242693,6.839441304,Nigeria,0.0002782001162963,0.026916588507153713,2017,OIL,Newcross EP,Awoba (OML 24),ONSHORE,Small,0.2782001162963
s_4147a,4.495242693,6.839441304,Nigeria,0.0002442229001908,0.023629204027571658,2018,OIL,Newcross EP,Awoba (OML 24),ONSHORE,Small,0.24422290019079998
s_4147a,4.495242693,6.839441304,Nigeria,0.0003005991310051,0.029083751734505937,2019,OIL,Newcross EP,Awoba (OML 24),ONSHORE,Small,0.30059913100510005
s_4147a,4.495242693,6.839441304,Nigeria,4.86437197671783e-05,0.004706407049218948,2020,OIL,Newcross EP,Awoba (OML 24),ONSHORE,Small,0.0486437197671783
s_4147a,4.495242693,6.839441304,Nigeria,0.0003181990503955,0.030786589944271175,2021,OIL,Newcross EP,Awoba (OML 24),ONSHORE,Small,0.3181990503955
s_4147a,4.495242693,6.839441304,Nigeria,1.43173438386567e-05,0.0013852404440050923,2022,OIL,Newcross EP,Awoba (OML 24),ONSHORE,Small,0.0143173438386567
s_4147a,4.495242693,6.839441304,Nigeria,4.35130596286094e-06,0.0004210002268522053,2023,OIL,Newcross EP,Awoba (OML 24),ONSHORE,Small,0.00435130596286094
s_4147a,4.495242693,6.839441304,Nigeria,0.0001175029566998,0.011368718230490838,2024,OIL,Newcross EP,Awoba (OML 24),ONSHORE,Small,0.1175029566998
s_4147a,4.495242693,6.839441304,Nigeria,0.0,0.0,2025,OIL,Newcross EP,Awoba (OML 24),ONSHORE,Small,0.0
s_4147b,4.489444734,6.844325081,Nigeria,0.0,0.0,2012,NA,NA,NA,ONSHORE,Small,0.0
s_4147b,4.489444734,6.844325081,Nigeria,0.0,0.0,2013,NA,NA,NA,ONSHORE,Small,0.0
s_4147b,4.489444734,6.844325081,Nigeria,0.0,0.0,2014,NA,NA,NA,ONSHORE,Small,0.0
s_4147b,4.489444734,6.844325081,Nigeria,6.87004351441439e-05,0.006646946693105738,2015,NA,NA,NA,ONSHORE,Small,0.06870043514414391
s_4147b,4.489444734,6.844325081,Nigeria,3.94577655561264e-05,0.003817641965881963,2016,NA,NA,NA,ONSHORE,Small,0.0394577655561264
s_4147b,4.489444734,6.844325081,Nigeria,5.16556458056474e-05,0.0049978187670527,2017,NA,NA,NA,ONSHORE,Small,0.0516556458056474
s_4147b,4.489444734,6.844325081,Nigeria,0.0003191449828124,0.030878111378410893,2018,NA,NA,NA,ONSHORE,Small,0.3191449828124
s_4147b,4.489444734,6.844325081,Nigeria,0.0001209140375583,0.01169874922061122,2019,NA,NA,NA,ONSHORE,Small,0.1209140375583
s_4147b,4.489444734,6.844325081,Nigeria,9.82114583935256e-05,0.00950221533858192,2020,NA,NA,NA,ONSHORE,Small,0.0982114583935256
s_4147b,4.489444734,6.844325081,Nigeria,8.17014397105263e-05,0.007904827871416357,2021,NA,NA,NA,ONSHORE,Small,0.0817014397105263
s_4147b,4.489444734,6.844325081,Nigeria,1.25293483667085e-05,0.0012122472080144003,2022,NA,NA,NA,ONSHORE,Small,0.0125293483667085
s_4147b,4.489444734,6.844325081,Nigeria,3.02535642329837e-05,0.002927111426749594,2023,NA,NA,NA,ONSHORE,Small,0.0302535642329837
s_4147b,4.489444734,6.844325081,Nigeria,2.04340705076535e-06,0.0001977049739241931,2024,NA,NA,NA,ONSHORE,Small,0.00204340705076535
s_4147b,4.489444734,6.844325081,Nigeria,0.0,0.0,2025,NA,NA,NA,ONSHORE,Small,0.0
s_4148,4.558672295,5.916147087,Nigeria,0.0272415028667952,2.6356866156052234,2012,OIL,Oando Oil,Tebidaba,ONSHORE,Small,27.241502866795198
s_4148,4.558672295,5.916147087,Nigeria,0.0112853130905402,1.091883542956325,2013,OIL,Oando Oil,Tebidaba,ONSHORE,Small,11.2853130905402
s_4148,4.558672295,5.916147087,Nigeria,0.0090978274628634,0.880238590073635,2014,OIL,Oando Oil,Tebidaba,ONSHORE,Small,9.0978274628634
s_4148,4.558672295,5.916147087,Nigeria,0.0067563226149055,0.6536918750001499,2015,OIL,Oando Oil,Tebidaba,ONSHORE,Small,6.7563226149055
s_4148,4.558672295,5.916147087,Nigeria,0.0128152003283647,1.239904132563159,2016,OIL,Oando Oil,Tebidaba,ONSHORE,Small,12.8152003283647
s_4148,4.558672295,5.916147087,Nigeria,0.0092049371405039,0.8906017313855985,2017,OIL,Oando Oil,Tebidaba,ONSHORE,Small,9.2049371405039
s_4148,4.558672295,5.916147087,Nigeria,0.0079886342476678,0.7729212469113892,2018,OIL,Oando Oil,Tebidaba,ONSHORE,Small,7.988634247667801
s_4148,4.558672295,5.916147087,Nigeria,0.0115832844599644,1.1207130518885287,2019,OIL,Oando Oil,Tebidaba,ONSHORE,Small,11.5832844599644
s_4148,4.558672295,5.916147087,Nigeria,0.0070366741586908,0.680816619741008,2020,OIL,Oando Oil,Tebidaba,ONSHORE,Small,7.0366741586908
s_4148,4.558672295,5.916147087,Nigeria,0.0054663267318841,0.5288814010813393,2021,OIL,Oando Oil,Tebidaba,ONSHORE,Small,5.4663267318841
s_4148,4.558672295,5.916147087,Nigeria,0.0123001436146842,1.190071049081557,2022,OIL,Oando Oil,Tebidaba,ONSHORE,Small,12.3001436146842
s_4148,4.558672295,5.916147087,Nigeria,0.0044936447827158,0.4347718797674996,2023,OIL,Oando Oil,Tebidaba,ONSHORE,Small,4.4936447827157995
s_4148,4.558672295,5.916147087,Nigeria,0.0008303483970241,0.08033837806332236,2024,OIL,Oando Oil,Tebidaba,ONSHORE,Small,0.8303483970241
s_4148,4.558672295,5.916147087,Nigeria,0.0009267327781854,0.08966381890344136,2025,OIL,Oando Oil,Tebidaba,ONSHORE,Small,0.9267327781854
s_4149,5.724712631,6.518339716,Nigeria,0.0,0.0,2012,OIL,Sterling Global,Okwuibome,ONSHORE,Small,0.0
s_4149,5.724712631,6.518339716,Nigeria,0.0,0.0,2013,OIL,Sterling Global,Okwuibome,ONSHORE,Small,0.0
s_4149,5.724712631,6.518339716,Nigeria,0.0,0.0,2014,OIL,Sterling Global,Okwuibome,ONSHORE,Small,0.0
s_4149,5.724712631,6.518339716,Nigeria,0.0004138721927955,0.040043216574953036,2015,OIL,Sterling Global,Okwuibome,ONSHORE,Small,0.4138721927955
s_4149,5.724712631,6.518339716,Nigeria,0.0023677689195731,0.2290878326603514,2016,OIL,Sterling Global,Okwuibome,ONSHORE,Small,2.3677689195731
s_4149,5.724712631,6.518339716,Nigeria,0.0432678176694774,4.186274467877952,2017,OIL,Sterling Global,Okwuibome,ONSHORE,Small,43.267817669477395
s_4149,5.724712631,6.518339716,Nigeria,0.0521323031325568,5.043936609482627,2018,OIL,Sterling Global,Okwuibome,ONSHORE,Medium,52.1323031325568
s_4149,5.724712631,6.518339716,Nigeria,0.0038043655122441,0.3680823084732959,2019,OIL,Sterling Global,Okwuibome,ONSHORE,Small,3.8043655122441002
s_4149,5.724712631,6.518339716,Nigeria,0.0018359892527765,0.1776367597485398,2020,OIL,Sterling Global,Okwuibome,ONSHORE,Small,1.8359892527764998
s_4149,5.724712631,6.518339716,Nigeria,0.0004400335565051,0.04257439690345907,2021,OIL,Sterling Global,Okwuibome,ONSHORE,Small,0.4400335565051
s_4149,5.724712631,6.518339716,Nigeria,0.0008106052478212,0.07842817676648392,2022,OIL,Sterling Global,Okwuibome,ONSHORE,Small,0.8106052478212
s_4149,5.724712631,6.518339716,Nigeria,0.0001637456802949,0.015842822623508696,2023,OIL,Sterling Global,Okwuibome,ONSHORE,Small,0.1637456802949
s_4149,5.724712631,6.518339716,Nigeria,0.0006162089684793,0.05961982856006292,2024,OIL,Sterling Global,Okwuibome,ONSHORE,Small,0.6162089684793001
s_4149,5.724712631,6.518339716,Nigeria,0.0003429996568214,0.03318611344836218,2025,OIL,Sterling Global,Okwuibome,ONSHORE,Small,0.3429996568214
s_4150,4.682463193,6.746107937,Nigeria,0.0,0.0,2012,OIL,SEPLAT Energy,Idama,ONSHORE,Small,0.0
s_4150,4.682463193,6.746107937,Nigeria,4.33758152630356e-05,0.0041967235173760945,2013,OIL,SEPLAT Energy,Idama,ONSHORE,Small,0.0433758152630356
s_4150,4.682463193,6.746107937,Nigeria,0.0,0.0,2014,OIL,SEPLAT Energy,Idama,ONSHORE,Small,0.0
s_4150,4.682463193,6.746107937,Nigeria,0.0,0.0,2015,OIL,SEPLAT Energy,Idama,ONSHORE,Small,0.0
s_4150,4.682463193,6.746107937,Nigeria,0.0,0.0,2016,OIL,SEPLAT Energy,Idama,ONSHORE,Small,0.0
s_4150,4.682463193,6.746107937,Nigeria,0.0,0.0,2017,OIL,SEPLAT Energy,Idama,ONSHORE,Small,0.0
s_4150,4.682463193,6.746107937,Nigeria,5.18525137907234e-06,0.0005016866259250292,2018,OIL,SEPLAT Energy,Idama,ONSHORE,Small,0.0051852513790723405
s_4150,4.682463193,6.746107937,Nigeria,0.0,0.0,2019,OIL,SEPLAT Energy,Idama,ONSHORE,Small,0.0
s_4150,4.682463193,6.746107937,Nigeria,0.0,0.0,2020,OIL,SEPLAT Energy,Idama,ONSHORE,Small,0.0
s_4150,4.682463193,6.746107937,Nigeria,0.0,0.0,2021,OIL,SEPLAT Energy,Idama,ONSHORE,Small,0.0
s_4150,4.682463193,6.746107937,Nigeria,1.13248093257877e-05,0.0010957049069654126,2022,OIL,SEPLAT Energy,Idama,ONSHORE,Small,0.011324809325787699
s_4150,4.682463193,6.746107937,Nigeria,0.0,0.0,2023,OIL,SEPLAT Energy,Idama,ONSHORE,Small,0.0
s_4150,4.682463193,6.746107937,Nigeria,0.0,0.0,2024,OIL,SEPLAT Energy,Idama,ONSHORE,Small,0.0
s_4150,4.682463193,6.746107937,Nigeria,0.0,0.0,2025,OIL,SEPLAT Energy,Idama,ONSHORE,Small,0.0
s_4154,4.491983499,6.960014931,Nigeria,0.0,0.0,2012,OIL,NNPC Limited,Akaso,ONSHORE,Small,0.0
s_4154,4.491983499,6.960014931,Nigeria,0.0,0.0,2013,OIL,NNPC Limited,Akaso,ONSHORE,Small,0.0
s_4154,4.491983499,6.960014931,Nigeria,0.0,0.0,2014,OIL,NNPC Limited,Akaso,ONSHORE,Small,0.0
s_4154,4.491983499,6.960014931,Nigeria,0.0,0.0,2015,OIL,NNPC Limited,Akaso,ONSHORE,Small,0.0
s_4154,4.491983499,6.960014931,Nigeria,0.0,0.0,2016,OIL,NNPC Limited,Akaso,ONSHORE,Small,0.0
s_4154,4.491983499,6.960014931,Nigeria,0.0,0.0,2017,OIL,NNPC Limited,Akaso,ONSHORE,Small,0.0
s_4154,4.491983499,6.960014931,Nigeria,0.0,0.0,2018,OIL,NNPC Limited,Akaso,ONSHORE,Small,0.0
s_4154,4.491983499,6.960014931,Nigeria,0.0,0.0,2019,OIL,NNPC Limited,Akaso,ONSHORE,Small,0.0
s_4154,4.491983499,6.960014931,Nigeria,0.0,0.0,2020,OIL,NNPC Limited,Akaso,ONSHORE,Small,0.0
s_4154,4.491983499,6.960014931,Nigeria,0.0,0.0,2021,OIL,NNPC Limited,Akaso,ONSHORE,Small,0.0
s_4154,4.491983499,6.960014931,Nigeria,0.0,0.0,2022,OIL,NNPC Limited,Akaso,ONSHORE,Small,0.0
s_4154,4.491983499,6.960014931,Nigeria,0.0005975832268069,0.05781773936286583,2023,OIL,NNPC Limited,Akaso,ONSHORE,Small,0.5975832268069
s_4154,4.491983499,6.960014931,Nigeria,0.0002508375781991,0.024269191416603164,2024,OIL,NNPC Limited,Akaso,ONSHORE,Small,0.2508375781991
s_4154,4.491983499,6.960014931,Nigeria,0.0,0.0,2025,OIL,NNPC Limited,Akaso,ONSHORE,Small,0.0
s_4156a,4.958485766,6.788567328,Nigeria,0.0,0.0,2012,GAS,TotalEnergies,Ubeta,ONSHORE,Small,0.0
s_4156a,4.958485766,6.788567328,Nigeria,0.0,0.0,2013,GAS,TotalEnergies,Ubeta,ONSHORE,Small,0.0
s_4156a,4.958485766,6.788567328,Nigeria,0.0,0.0,2014,GAS,TotalEnergies,Ubeta,ONSHORE,Small,0.0
s_4156a,4.958485766,6.788567328,Nigeria,0.0,0.0,2015,GAS,TotalEnergies,Ubeta,ONSHORE,Small,0.0
s_4156a,4.958485766,6.788567328,Nigeria,0.0,0.0,2016,GAS,TotalEnergies,Ubeta,ONSHORE,Small,0.0
s_4156a,4.958485766,6.788567328,Nigeria,0.0,0.0,2017,GAS,TotalEnergies,Ubeta,ONSHORE,Small,0.0
s_4156a,4.958485766,6.788567328,Nigeria,0.0,0.0,2018,GAS,TotalEnergies,Ubeta,ONSHORE,Small,0.0
s_4156a,4.958485766,6.788567328,Nigeria,6.23116230420685e-05,0.006028812420947727,2019,GAS,TotalEnergies,Ubeta,ONSHORE,Small,0.062311623042068505
s_4156a,4.958485766,6.788567328,Nigeria,0.0002136580145203,0.020671971437902933,2020,GAS,TotalEnergies,Ubeta,ONSHORE,Small,0.2136580145203
s_4156a,4.958485766,6.788567328,Nigeria,0.0006948528222502,0.06722882699884696,2021,GAS,TotalEnergies,Ubeta,ONSHORE,Small,0.6948528222502001
s_4156a,4.958485766,6.788567328,Nigeria,0.000144898834516,0.014019341026009503,2022,GAS,TotalEnergies,Ubeta,ONSHORE,Small,0.144898834516
s_4156a,4.958485766,6.788567328,Nigeria,0.0003259263665926,0.03153422798666681,2023,GAS,TotalEnergies,Ubeta,ONSHORE,Small,0.3259263665926
s_4156a,4.958485766,6.788567328,Nigeria,0.0001543794090158,0.014936611392463066,2024,GAS,TotalEnergies,Ubeta,ONSHORE,Small,0.1543794090158
s_4156a,4.958485766,6.788567328,Nigeria,0.0,0.0,2025,GAS,TotalEnergies,Ubeta,ONSHORE,Small,0.0
s_4156b,4.938952495,6.8003674,Nigeria,0.0,0.0,2012,GAS,TotalEnergies,Ubeta,ONSHORE,Small,0.0
s_4156b,4.938952495,6.8003674,Nigeria,0.0,0.0,2013,GAS,TotalEnergies,Ubeta,ONSHORE,Small,0.0
s_4156b,4.938952495,6.8003674,Nigeria,0.0,0.0,2014,GAS,TotalEnergies,Ubeta,ONSHORE,Small,0.0
s_4156b,4.938952495,6.8003674,Nigeria,0.0,0.0,2015,GAS,TotalEnergies,Ubeta,ONSHORE,Small,0.0
s_4156b,4.938952495,6.8003674,Nigeria,0.0,0.0,2016,GAS,TotalEnergies,Ubeta,ONSHORE,Small,0.0
s_4156b,4.938952495,6.8003674,Nigeria,0.0,0.0,2017,GAS,TotalEnergies,Ubeta,ONSHORE,Small,0.0
s_4156b,4.938952495,6.8003674,Nigeria,0.0,0.0,2018,GAS,TotalEnergies,Ubeta,ONSHORE,Small,0.0
s_4156b,4.938952495,6.8003674,Nigeria,0.0,0.0,2019,GAS,TotalEnergies,Ubeta,ONSHORE,Small,0.0
s_4156b,4.938952495,6.8003674,Nigeria,0.0,0.0,2020,GAS,TotalEnergies,Ubeta,ONSHORE,Small,0.0
s_4156b,4.938952495,6.8003674,Nigeria,0.0,0.0,2021,GAS,TotalEnergies,Ubeta,ONSHORE,Small,0.0
s_4156b,4.938952495,6.8003674,Nigeria,0.0,0.0,2022,GAS,TotalEnergies,Ubeta,ONSHORE,Small,0.0
s_4156b,4.938952495,6.8003674,Nigeria,0.0,0.0,2023,GAS,TotalEnergies,Ubeta,ONSHORE,Small,0.0
s_4156b,4.938952495,6.8003674,Nigeria,0.0,0.0,2024,GAS,TotalEnergies,Ubeta,ONSHORE,Small,0.0
s_4156b,4.938952495,6.8003674,Nigeria,0.0,0.0,2025,GAS,TotalEnergies,Ubeta,ONSHORE,Small,0.0
s_4158a,5.523908058,6.708961689,Nigeria,0.0,0.0,2012,OIL,NEPL,Egbema West,ONSHORE,Small,0.0
s_4158a,5.523908058,6.708961689,Nigeria,0.0,0.0,2013,OIL,NEPL,Egbema West,ONSHORE,Small,0.0
s_4158a,5.523908058,6.708961689,Nigeria,0.0,0.0,2014,OIL,NEPL,Egbema West,ONSHORE,Small,0.0
s_4158a,5.523908058,6.708961689,Nigeria,0.0,0.0,2015,OIL,NEPL,Egbema West,ONSHORE,Small,0.0
s_4158a,5.523908058,6.708961689,Nigeria,0.0001744731663609,0.016880734943599943,2016,OIL,NEPL,Egbema West,ONSHORE,Small,0.17447316636090002
s_4158a,5.523908058,6.708961689,Nigeria,0.0,0.0,2017,OIL,NEPL,Egbema West,ONSHORE,Small,0.0
s_4158a,5.523908058,6.708961689,Nigeria,0.0,0.0,2018,OIL,NEPL,Egbema West,ONSHORE,Small,0.0
s_4158a,5.523908058,6.708961689,Nigeria,3.30979102699361e-05,0.003202309341358156,2019,OIL,NEPL,Egbema West,ONSHORE,Small,0.0330979102699361
s_4158a,5.523908058,6.708961689,Nigeria,0.0,0.0,2020,OIL,NEPL,Egbema West,ONSHORE,Small,0.0
s_4158a,5.523908058,6.708961689,Nigeria,0.0024022171743325,0.2324207913610617,2021,OIL,NEPL,Egbema West,ONSHORE,Small,2.4022171743325003
s_4158a,5.523908058,6.708961689,Nigeria,0.0043688466619278,0.4226973353408575,2022,OIL,NEPL,Egbema West,ONSHORE,Small,4.3688466619278
s_4158a,5.523908058,6.708961689,Nigeria,0.0013840659544531,0.1339119992426492,2023,OIL,NEPL,Egbema West,ONSHORE,Small,1.3840659544531
s_4158a,5.523908058,6.708961689,Nigeria,0.0005029217926669,0.04865899815109122,2024,OIL,NEPL,Egbema West,ONSHORE,Small,0.5029217926669001
s_4158a,5.523908058,6.708961689,Nigeria,0.001415050295835,0.136909815268914,2025,OIL,NEPL,Egbema West,ONSHORE,Small,1.4150502958350002
s_4158b,5.532438841,6.699001575,Nigeria,0.0003510187822283,0.0339619847946376,2012,OIL,NEPL,Egbema West,ONSHORE,Small,0.3510187822283
s_4158b,5.532438841,6.699001575,Nigeria,0.0001067415266923,0.010327521745325077,2013,OIL,NEPL,Egbema West,ONSHORE,Small,0.1067415266923
s_4158b,5.532438841,6.699001575,Nigeria,0.0001292513394467,0.012505404973231275,2014,OIL,NEPL,Egbema West,ONSHORE,Small,0.1292513394467
s_4158b,5.532438841,6.699001575,Nigeria,6.38799675609081e-05,0.006180553853025687,2015,OIL,NEPL,Egbema West,ONSHORE,Small,0.06387996756090811
s_4158b,5.532438841,6.699001575,Nigeria,0.000495282026093,0.047919830763607604,2016,OIL,NEPL,Egbema West,ONSHORE,Small,0.49528202609300004
s_4158b,5.532438841,6.699001575,Nigeria,0.0,0.0,2017,OIL,NEPL,Egbema West,ONSHORE,Small,0.0
s_4158b,5.532438841,6.699001575,Nigeria,5.99588246861621e-05,0.005801173029457355,2018,OIL,NEPL,Egbema West,ONSHORE,Small,0.0599588246861621
s_4158b,5.532438841,6.699001575,Nigeria,0.0,0.0,2019,OIL,NEPL,Egbema West,ONSHORE,Small,0.0
s_4158b,5.532438841,6.699001575,Nigeria,0.0,0.0,2020,OIL,NEPL,Egbema West,ONSHORE,Small,0.0
s_4158b,5.532438841,6.699001575,Nigeria,0.0005318373389208,0.05145665284059124,2021,OIL,NEPL,Egbema West,ONSHORE,Small,0.5318373389208
s_4158b,5.532438841,6.699001575,Nigeria,0.0004698172748455,0.045456049511855834,2022,OIL,NEPL,Egbema West,ONSHORE,Small,0.4698172748455
s_4158b,5.532438841,6.699001575,Nigeria,0.0005727479448579,0.05541486091126805,2023,OIL,NEPL,Egbema West,ONSHORE,Small,0.5727479448579
s_4158b,5.532438841,6.699001575,Nigeria,0.0012604548059614,0.12195229748859206,2024,OIL,NEPL,Egbema West,ONSHORE,Small,1.2604548059614
s_4158b,5.532438841,6.699001575,Nigeria,0.0055824706879398,0.5401186324468885,2025,OIL,NEPL,Egbema West,ONSHORE,Small,5.5824706879398
s_4159a,4.530650176,7.030519874,Nigeria,0.0,0.0,2012,OIL,NNPC Limited,Akaso,ONSHORE,Small,0.0
s_4159a,4.530650176,7.030519874,Nigeria,0.0,0.0,2013,OIL,NNPC Limited,Akaso,ONSHORE,Small,0.0
s_4159a,4.530650176,7.030519874,Nigeria,0.0,0.0,2014,OIL,NNPC Limited,Akaso,ONSHORE,Small,0.0
s_4159a,4.530650176,7.030519874,Nigeria,0.0,0.0,2015,OIL,NNPC Limited,Akaso,ONSHORE,Small,0.0
s_4159a,4.530650176,7.030519874,Nigeria,4.96834855876055e-05,0.004807007110444063,2016,OIL,NNPC Limited,Akaso,ONSHORE,Small,0.0496834855876055
s_4159a,4.530650176,7.030519874,Nigeria,6.68500614496738e-05,0.006467918201020322,2017,OIL,NNPC Limited,Akaso,ONSHORE,Small,0.0668500614496738
s_4159a,4.530650176,7.030519874,Nigeria,0.0,0.0,2018,OIL,NNPC Limited,Akaso,ONSHORE,Small,0.0
s_4159a,4.530650176,7.030519874,Nigeria,0.0001719745725363,0.016638989459382945,2019,OIL,NNPC Limited,Akaso,ONSHORE,Small,0.1719745725363
s_4159a,4.530650176,7.030519874,Nigeria,0.0004863516351048,0.0470557920901609,2020,OIL,NNPC Limited,Akaso,ONSHORE,Small,0.4863516351048
s_4159a,4.530650176,7.030519874,Nigeria,1.61311016659671e-05,0.0015607262552236139,2021,OIL,NNPC Limited,Akaso,ONSHORE,Small,0.0161311016659671
s_4159a,4.530650176,7.030519874,Nigeria,0.0001644642696489,0.015912348022005075,2022,OIL,NNPC Limited,Akaso,ONSHORE,Small,0.1644642696489
s_4159a,4.530650176,7.030519874,Nigeria,0.0075875792376613,0.7341181262772482,2023,OIL,NNPC Limited,Akaso,ONSHORE,Small,7.5875792376613
s_4159a,4.530650176,7.030519874,Nigeria,0.0007878122654531,0.07622289613820576,2024,OIL,NNPC Limited,Akaso,ONSHORE,Small,0.7878122654531
s_4159a,4.530650176,7.030519874,Nigeria,0.0004540505688143,0.043930579486879014,2025,OIL,NNPC Limited,Akaso,ONSHORE,Small,0.45405056881429995
s_4159b,4.534105037,7.021786502,Nigeria,9.08269266071893e-05,0.008787742584015878,2012,OIL,NNPC Limited,Akaso,OFFSHORE,Small,0.09082692660718929
s_4159b,4.534105037,7.021786502,Nigeria,2.99377852042491e-05,0.002896558980227303,2013,OIL,NNPC Limited,Akaso,OFFSHORE,Small,0.0299377852042491
s_4159b,4.534105037,7.021786502,Nigeria,0.0,0.0,2014,OIL,NNPC Limited,Akaso,OFFSHORE,Small,0.0
s_4159b,4.534105037,7.021786502,Nigeria,7.9173266621722e-05,0.007660220516063105,2015,OIL,NNPC Limited,Akaso,OFFSHORE,Small,0.079173266621722
s_4159b,4.534105037,7.021786502,Nigeria,0.0005985003135645,0.05790646990406153,2016,OIL,NNPC Limited,Akaso,OFFSHORE,Small,0.5985003135645
s_4159b,4.534105037,7.021786502,Nigeria,0.0006321517998925,0.06116233917616554,2017,OIL,NNPC Limited,Akaso,OFFSHORE,Small,0.6321517998924999
s_4159b,4.534105037,7.021786502,Nigeria,0.0007531846689172,0.07287258565179366,2018,OIL,NNPC Limited,Akaso,OFFSHORE,Small,0.7531846689172
s_4159b,4.534105037,7.021786502,Nigeria,0.0006051412430377,0.05854899719094725,2019,OIL,NNPC Limited,Akaso,OFFSHORE,Small,0.6051412430377
s_4159b,4.534105037,7.021786502,Nigeria,0.0003234053389266,0.03129031196964905,2020,OIL,NNPC Limited,Akaso,OFFSHORE,Small,0.3234053389266
s_4159b,4.534105037,7.021786502,Nigeria,6.44835967003025e-05,0.006238956550236286,2021,OIL,NNPC Limited,Akaso,OFFSHORE,Small,0.0644835967003025
s_4159b,4.534105037,7.021786502,Nigeria,0.0006507356033471,0.06296037074115789,2022,OIL,NNPC Limited,Akaso,OFFSHORE,Small,0.6507356033471
s_4159b,4.534105037,7.021786502,Nigeria,0.0015749583197179,0.15238133460237077,2023,OIL,NNPC Limited,Akaso,OFFSHORE,Small,1.5749583197179
s_4159b,4.534105037,7.021786502,Nigeria,0.0030473707996831,0.29484109113895746,2024,OIL,NNPC Limited,Akaso,OFFSHORE,Small,3.0473707996831
s_4159b,4.534105037,7.021786502,Nigeria,0.0001570921456442,0.015199075752748085,2025,OIL,NNPC Limited,Akaso,OFFSHORE,Small,0.1570921456442
s_4160,4.914670419,7.178195482,Nigeria,0.0,0.0,2012,OIL,Heirs Energies,Obigbo North (OML 17),ONSHORE,Small,0.0
s_4160,4.914670419,7.178195482,Nigeria,0.0,0.0,2013,OIL,Heirs Energies,Obigbo North (OML 17),ONSHORE,Small,0.0
s_4160,4.914670419,7.178195482,Nigeria,0.0,0.0,2014,OIL,Heirs Energies,Obigbo North (OML 17),ONSHORE,Small,0.0
s_4160,4.914670419,7.178195482,Nigeria,0.0,0.0,2015,OIL,Heirs Energies,Obigbo North (OML 17),ONSHORE,Small,0.0
s_4160,4.914670419,7.178195482,Nigeria,0.0,0.0,2016,OIL,Heirs Energies,Obigbo North (OML 17),ONSHORE,Small,0.0
s_4160,4.914670419,7.178195482,Nigeria,0.0,0.0,2017,OIL,Heirs Energies,Obigbo North (OML 17),ONSHORE,Small,0.0
s_4160,4.914670419,7.178195482,Nigeria,0.0,0.0,2018,OIL,Heirs Energies,Obigbo North (OML 17),ONSHORE,Small,0.0
s_4160,4.914670419,7.178195482,Nigeria,0.0,0.0,2019,OIL,Heirs Energies,Obigbo North (OML 17),ONSHORE,Small,0.0
s_4160,4.914670419,7.178195482,Nigeria,0.0,0.0,2020,OIL,Heirs Energies,Obigbo North (OML 17),ONSHORE,Small,0.0
s_4160,4.914670419,7.178195482,Nigeria,0.0012997089451767,0.12575023807369026,2021,OIL,Heirs Energies,Obigbo North (OML 17),ONSHORE,Small,1.2997089451767
s_4160,4.914670419,7.178195482,Nigeria,0.0032449101743912,0.31395354203856585,2022,OIL,Heirs Energies,Obigbo North (OML 17),ONSHORE,Small,3.2449101743912
s_4160,4.914670419,7.178195482,Nigeria,0.0,0.0,2023,OIL,Heirs Energies,Obigbo North (OML 17),ONSHORE,Small,0.0
s_4160,4.914670419,7.178195482,Nigeria,0.0,0.0,2024,OIL,Heirs Energies,Obigbo North (OML 17),ONSHORE,Small,0.0
s_4160,4.914670419,7.178195482,Nigeria,0.0,0.0,2025,OIL,Heirs Energies,Obigbo North (OML 17),ONSHORE,Small,0.0
s_4161,4.717396353,6.874041641,Nigeria,0.0,0.0,2012,OIL,SEPLAT Energy,Idama,ONSHORE,Small,0.0
s_4161,4.717396353,6.874041641,Nigeria,0.0,0.0,2013,OIL,SEPLAT Energy,Idama,ONSHORE,Small,0.0
s_4161,4.717396353,6.874041641,Nigeria,0.0,0.0,2014,OIL,SEPLAT Energy,Idama,ONSHORE,Small,0.0
s_4161,4.717396353,6.874041641,Nigeria,0.0,0.0,2015,OIL,SEPLAT Energy,Idama,ONSHORE,Small,0.0
s_4161,4.717396353,6.874041641,Nigeria,0.0,0.0,2016,OIL,SEPLAT Energy,Idama,ONSHORE,Small,0.0
s_4161,4.717396353,6.874041641,Nigeria,0.0,0.0,2017,OIL,SEPLAT Energy,Idama,ONSHORE,Small,0.0
s_4161,4.717396353,6.874041641,Nigeria,7.25773224961921e-05,0.007022045679162696,2018,OIL,SEPLAT Energy,Idama,ONSHORE,Small,0.0725773224961921
s_4161,4.717396353,6.874041641,Nigeria,0.000606174964973,0.058649012490486714,2019,OIL,SEPLAT Energy,Idama,ONSHORE,Small,0.6061749649729999
s_4161,4.717396353,6.874041641,Nigeria,2.28243945383728e-06,0.0002208319837868012,2020,OIL,SEPLAT Energy,Idama,ONSHORE,Small,0.00228243945383728
s_4161,4.717396353,6.874041641,Nigeria,4.1481888297345e-05,0.0040134811324455235,2021,OIL,SEPLAT Energy,Idama,ONSHORE,Small,0.041481888297345004
s_4161,4.717396353,6.874041641,Nigeria,2.49928486470412e-05,0.002418123441535486,2022,OIL,SEPLAT Energy,Idama,ONSHORE,Small,0.0249928486470412
s_4161,4.717396353,6.874041641,Nigeria,1.491123205149e-05,0.0014427006811067095,2023,OIL,SEPLAT Energy,Idama,ONSHORE,Small,0.01491123205149
s_4161,4.717396353,6.874041641,Nigeria,2.45903933966286e-05,0.002379184843981623,2024,OIL,SEPLAT Energy,Idama,ONSHORE,Small,0.0245903933966286
s_4161,4.717396353,6.874041641,Nigeria,3.6851299139128e-05,0.0035654595263558075,2025,OIL,SEPLAT Energy,Idama,ONSHORE,Small,0.036851299139128005
s_4162,4.677920955,7.187191416,Nigeria,0.0002755238794064,0.026657655591984183,2012,GAS,ExxonMobil,Oso,ONSHORE,Small,0.2755238794064
s_4162,4.677920955,7.187191416,Nigeria,0.0,0.0,2013,GAS,ExxonMobil,Oso,ONSHORE,Small,0.0
s_4162,4.677920955,7.187191416,Nigeria,0.0,0.0,2014,GAS,ExxonMobil,Oso,ONSHORE,Small,0.0
s_4162,4.677920955,7.187191416,Nigeria,0.0004725143634926,0.04571699988904398,2015,GAS,ExxonMobil,Oso,ONSHORE,Small,0.4725143634926
s_4162,4.677920955,7.187191416,Nigeria,5.55236101719228e-05,0.00537205443091016,2016,GAS,ExxonMobil,Oso,ONSHORE,Small,0.055523610171922796
s_4162,4.677920955,7.187191416,Nigeria,0.0,0.0,2017,GAS,ExxonMobil,Oso,ONSHORE,Small,0.0
s_4162,4.677920955,7.187191416,Nigeria,0.0001921078028039,0.018586932118959645,2018,GAS,ExxonMobil,Oso,ONSHORE,Small,0.1921078028039
s_4162,4.677920955,7.187191416,Nigeria,0.0001458895737556,0.01411519763737699,2019,GAS,ExxonMobil,Oso,ONSHORE,Small,0.14588957375560002
s_4162,4.677920955,7.187191416,Nigeria,0.0,0.0,2020,GAS,ExxonMobil,Oso,ONSHORE,Small,0.0
s_4162,4.677920955,7.187191416,Nigeria,0.0,0.0,2021,GAS,ExxonMobil,Oso,ONSHORE,Small,0.0
s_4162,4.677920955,7.187191416,Nigeria,0.0,0.0,2022,GAS,ExxonMobil,Oso,ONSHORE,Small,0.0
s_4162,4.677920955,7.187191416,Nigeria,2.50246727915969e-07,2.421202510714183e-05,2023,GAS,ExxonMobil,Oso,ONSHORE,Small,0.00025024672791596896
s_4162,4.677920955,7.187191416,Nigeria,3.42902142930012e-05,0.0033176678724454924,2024,GAS,ExxonMobil,Oso,ONSHORE,Small,0.034290214293001206
s_4162,4.677920955,7.187191416,Nigeria,4.29575055722262e-05,0.004156250961268032,2025,GAS,ExxonMobil,Oso,ONSHORE,Small,0.042957505572226204
s_4166,4.437175423,6.948729185,Nigeria,0.0,0.0,2012,NA,NA,NA,ONSHORE,Small,0.0
s_4166,4.437175423,6.948729185,Nigeria,0.0,0.0,2013,NA,NA,NA,ONSHORE,Small,0.0
s_4166,4.437175423,6.948729185,Nigeria,0.0,0.0,2014,NA,NA,NA,ONSHORE,Small,0.0
s_4166,4.437175423,6.948729185,Nigeria,0.0,0.0,2015,NA,NA,NA,ONSHORE,Small,0.0
s_4166,4.437175423,6.948729185,Nigeria,0.0,0.0,2016,NA,NA,NA,ONSHORE,Small,0.0
s_4166,4.437175423,6.948729185,Nigeria,0.0,0.0,2017,NA,NA,NA,ONSHORE,Small,0.0
s_4166,4.437175423,6.948729185,Nigeria,0.0003512715961313,0.03398644520064509,2018,NA,NA,NA,ONSHORE,Small,0.3512715961313
s_4166,4.437175423,6.948729185,Nigeria,0.0007139957893564,0.06908095910886655,2019,NA,NA,NA,ONSHORE,Small,0.7139957893564001
s_4166,4.437175423,6.948729185,Nigeria,0.0,0.0,2020,NA,NA,NA,ONSHORE,Small,0.0
s_4166,4.437175423,6.948729185,Nigeria,3.96837353715225e-05,0.0038395051362394342,2021,NA,NA,NA,ONSHORE,Small,0.0396837353715225
s_4166,4.437175423,6.948729185,Nigeria,0.000239097764867,0.023133333787146323,2022,NA,NA,NA,ONSHORE,Small,0.239097764867
s_4166,4.437175423,6.948729185,Nigeria,7.59531449527949e-05,0.0073486653267289415,2023,NA,NA,NA,ONSHORE,Small,0.0759531449527949
s_4166,4.437175423,6.948729185,Nigeria,0.0001116710939287,0.010804470262051094,2024,NA,NA,NA,ONSHORE,Small,0.1116710939287
s_4166,4.437175423,6.948729185,Nigeria,0.0,0.0,2025,NA,NA,NA,ONSHORE,Small,0.0
s_4167,4.598384769,7.111134789,Nigeria,0.0,0.0,2012,GAS,ExxonMobil,Oso,ONSHORE,Small,0.0
s_4167,4.598384769,7.111134789,Nigeria,0.0,0.0,2013,GAS,ExxonMobil,Oso,ONSHORE,Small,0.0
s_4167,4.598384769,7.111134789,Nigeria,0.0,0.0,2014,GAS,ExxonMobil,Oso,ONSHORE,Small,0.0
s_4167,4.598384769,7.111134789,Nigeria,0.0,0.0,2015,GAS,ExxonMobil,Oso,ONSHORE,Small,0.0
s_4167,4.598384769,7.111134789,Nigeria,0.0,0.0,2016,GAS,ExxonMobil,Oso,ONSHORE,Small,0.0
s_4167,4.598384769,7.111134789,Nigeria,0.0,0.0,2017,GAS,ExxonMobil,Oso,ONSHORE,Small,0.0
s_4167,4.598384769,7.111134789,Nigeria,4.6408851985265e-05,0.004490177749050047,2018,GAS,ExxonMobil,Oso,ONSHORE,Small,0.046408851985264996
s_4167,4.598384769,7.111134789,Nigeria,0.0001825599648305,0.017663153835598796,2019,GAS,ExxonMobil,Oso,ONSHORE,Small,0.1825599648305
s_4167,4.598384769,7.111134789,Nigeria,7.83325090954964e-05,0.007578875027538563,2020,GAS,ExxonMobil,Oso,ONSHORE,Small,0.0783325090954964
s_4167,4.598384769,7.111134789,Nigeria,1.68763203938637e-05,0.0016328281152575383,2021,GAS,ExxonMobil,Oso,ONSHORE,Small,0.016876320393863702
s_4167,4.598384769,7.111134789,Nigeria,0.0002277838188172,0.0220386799305309,2022,GAS,ExxonMobil,Oso,ONSHORE,Small,0.2277838188172
s_4167,4.598384769,7.111134789,Nigeria,0.0004148449356937,0.04013733199324502,2023,GAS,ExxonMobil,Oso,ONSHORE,Small,0.4148449356937
s_4167,4.598384769,7.111134789,Nigeria,0.0,0.0,2024,GAS,ExxonMobil,Oso,ONSHORE,Small,0.0
s_4167,4.598384769,7.111134789,Nigeria,0.0,0.0,2025,GAS,ExxonMobil,Oso,ONSHORE,Small,0.0
s_4168,4.647524359,7.020508094,Nigeria,0.0027919169817339,0.2701252664590113,2012,OIL,NNPC Limited,Alakiri,OFFSHORE,Small,2.7919169817339
s_4168,4.647524359,7.020508094,Nigeria,0.0,0.0,2013,OIL,NNPC Limited,Alakiri,OFFSHORE,Small,0.0
s_4168,4.647524359,7.020508094,Nigeria,4.32516664678112e-05,0.004184711796895162,2014,OIL,NNPC Limited,Alakiri,OFFSHORE,Small,0.0432516664678112
s_4168,4.647524359,7.020508094,Nigeria,0.0006646740886611,0.06430895563251127,2015,OIL,NNPC Limited,Alakiri,OFFSHORE,Small,0.6646740886611
s_4168,4.647524359,7.020508094,Nigeria,0.0005351155417373,0.05177382753278563,2016,OIL,NNPC Limited,Alakiri,OFFSHORE,Small,0.5351155417372999
s_4168,4.647524359,7.020508094,Nigeria,0.0012090439330233,0.11697816113634638,2017,OIL,NNPC Limited,Alakiri,OFFSHORE,Small,1.2090439330233
s_4168,4.647524359,7.020508094,Nigeria,0.0009711575354174,0.09396203029840133,2018,OIL,NNPC Limited,Alakiri,OFFSHORE,Small,0.9711575354174
s_4168,4.647524359,7.020508094,Nigeria,0.0006853469115329,0.06630910528711771,2019,OIL,NNPC Limited,Alakiri,OFFSHORE,Small,0.6853469115329001
s_4168,4.647524359,7.020508094,Nigeria,0.0004533783921235,0.04386554463487668,2020,OIL,NNPC Limited,Alakiri,OFFSHORE,Small,0.4533783921235
s_4168,4.647524359,7.020508094,Nigeria,0.0004853485579389,0.04695874175217076,2021,OIL,NNPC Limited,Alakiri,OFFSHORE,Small,0.4853485579389
s_4168,4.647524359,7.020508094,Nigeria,3.09026271476164e-06,0.0002989909960484983,2022,OIL,NNPC Limited,Alakiri,OFFSHORE,Small,0.00309026271476164
s_4168,4.647524359,7.020508094,Nigeria,1.28163950587737e-05,0.0012400197258534283,2023,OIL,NNPC Limited,Alakiri,OFFSHORE,Small,0.012816395058773699
s_4168,4.647524359,7.020508094,Nigeria,4.06627463676422e-05,0.003934227009390869,2024,OIL,NNPC Limited,Alakiri,OFFSHORE,Small,0.0406627463676422
s_4168,4.647524359,7.020508094,Nigeria,0.0,0.0,2025,OIL,NNPC Limited,Alakiri,OFFSHORE,Small,0.0
s_4170a,4.928247435,6.83519702,Nigeria,0.0,0.0,2012,GAS,TotalEnergies,Ibewa,ONSHORE,Small,0.0
s_4170a,4.928247435,6.83519702,Nigeria,0.0,0.0,2013,GAS,TotalEnergies,Ibewa,ONSHORE,Small,0.0
s_4170a,4.928247435,6.83519702,Nigeria,0.0,0.0,2014,GAS,TotalEnergies,Ibewa,ONSHORE,Small,0.0
s_4170a,4.928247435,6.83519702,Nigeria,0.0,0.0,2015,GAS,TotalEnergies,Ibewa,ONSHORE,Small,0.0
s_4170a,4.928247435,6.83519702,Nigeria,0.0,0.0,2016,GAS,TotalEnergies,Ibewa,ONSHORE,Small,0.0
s_4170a,4.928247435,6.83519702,Nigeria,0.0,0.0,2017,GAS,TotalEnergies,Ibewa,ONSHORE,Small,0.0
s_4170a,4.928247435,6.83519702,Nigeria,8.19769810426723e-06,0.0007931487215606522,2018,GAS,TotalEnergies,Ibewa,ONSHORE,Small,0.00819769810426723
s_4170a,4.928247435,6.83519702,Nigeria,0.0,0.0,2019,GAS,TotalEnergies,Ibewa,ONSHORE,Small,0.0
s_4170a,4.928247435,6.83519702,Nigeria,0.0,0.0,2020,GAS,TotalEnergies,Ibewa,ONSHORE,Small,0.0
s_4170a,4.928247435,6.83519702,Nigeria,0.0007227650911166,0.06992941197839363,2021,GAS,TotalEnergies,Ibewa,ONSHORE,Small,0.7227650911166
s_4170a,4.928247435,6.83519702,Nigeria,0.0003071043682743,0.029713150445935536,2022,GAS,TotalEnergies,Ibewa,ONSHORE,Small,0.3071043682743
s_4170a,4.928247435,6.83519702,Nigeria,0.0001166997944864,0.011291010186761777,2023,GAS,TotalEnergies,Ibewa,ONSHORE,Small,0.1166997944864
s_4170a,4.928247435,6.83519702,Nigeria,0.0,0.0,2024,GAS,TotalEnergies,Ibewa,ONSHORE,Small,0.0
s_4170a,4.928247435,6.83519702,Nigeria,5.70111779369019e-06,0.0005515980500889957,2025,GAS,TotalEnergies,Ibewa,ONSHORE,Small,0.00570111779369019
s_4170b,4.934896833,6.822554563,Nigeria,0.0,0.0,2012,GAS,TotalEnergies,Ibewa,ONSHORE,Small,0.0
s_4170b,4.934896833,6.822554563,Nigeria,0.0,0.0,2013,GAS,TotalEnergies,Ibewa,ONSHORE,Small,0.0
s_4170b,4.934896833,6.822554563,Nigeria,0.0,0.0,2014,GAS,TotalEnergies,Ibewa,ONSHORE,Small,0.0
s_4170b,4.934896833,6.822554563,Nigeria,0.0,0.0,2015,GAS,TotalEnergies,Ibewa,ONSHORE,Small,0.0
s_4170b,4.934896833,6.822554563,Nigeria,0.0,0.0,2016,GAS,TotalEnergies,Ibewa,ONSHORE,Small,0.0
s_4170b,4.934896833,6.822554563,Nigeria,0.0,0.0,2017,GAS,TotalEnergies,Ibewa,ONSHORE,Small,0.0
s_4170b,4.934896833,6.822554563,Nigeria,0.0,0.0,2018,GAS,TotalEnergies,Ibewa,ONSHORE,Small,0.0
s_4170b,4.934896833,6.822554563,Nigeria,0.0,0.0,2019,GAS,TotalEnergies,Ibewa,ONSHORE,Small,0.0
s_4170b,4.934896833,6.822554563,Nigeria,0.0,0.0,2020,GAS,TotalEnergies,Ibewa,ONSHORE,Small,0.0
s_4170b,4.934896833,6.822554563,Nigeria,0.0006226667355971,0.0602446344102507,2021,GAS,TotalEnergies,Ibewa,ONSHORE,Small,0.6226667355971
s_4170b,4.934896833,6.822554563,Nigeria,0.0009116582249104,0.08820531646701467,2022,GAS,TotalEnergies,Ibewa,ONSHORE,Small,0.9116582249103999
s_4170b,4.934896833,6.822554563,Nigeria,4.00846510042574e-05,0.003878294771758196,2023,GAS,TotalEnergies,Ibewa,ONSHORE,Small,0.040084651004257406
s_4170b,4.934896833,6.822554563,Nigeria,1.94877717336621e-06,0.0001885492859095906,2024,GAS,TotalEnergies,Ibewa,ONSHORE,Small,0.00194877717336621
s_4170b,4.934896833,6.822554563,Nigeria,0.0,0.0,2025,GAS,TotalEnergies,Ibewa,ONSHORE,Small,0.0
s_4172,5.575932321,6.764140627,Nigeria,0.0,0.0,2012,OIL,NEPL,Egbema,ONSHORE,Small,0.0
s_4172,5.575932321,6.764140627,Nigeria,0.0,0.0,2013,OIL,NEPL,Egbema,ONSHORE,Small,0.0
s_4172,5.575932321,6.764140627,Nigeria,0.0,0.0,2014,OIL,NEPL,Egbema,ONSHORE,Small,0.0
s_4172,5.575932321,6.764140627,Nigeria,0.0,0.0,2015,OIL,NEPL,Egbema,ONSHORE,Small,0.0
s_4172,5.575932321,6.764140627,Nigeria,0.0,0.0,2016,OIL,NEPL,Egbema,ONSHORE,Small,0.0
s_4172,5.575932321,6.764140627,Nigeria,0.0,0.0,2017,OIL,NEPL,Egbema,ONSHORE,Small,0.0
s_4172,5.575932321,6.764140627,Nigeria,0.0,0.0,2018,OIL,NEPL,Egbema,ONSHORE,Small,0.0
s_4172,5.575932321,6.764140627,Nigeria,0.0,0.0,2019,OIL,NEPL,Egbema,ONSHORE,Small,0.0
s_4172,5.575932321,6.764140627,Nigeria,0.0,0.0,2020,OIL,NEPL,Egbema,ONSHORE,Small,0.0
s_4172,5.575932321,6.764140627,Nigeria,0.000145530969783,0.0140805017655851,2021,OIL,NEPL,Egbema,ONSHORE,Small,0.145530969783
s_4172,5.575932321,6.764140627,Nigeria,0.0006776850566055,0.06556780079369082,2022,OIL,NEPL,Egbema,ONSHORE,Small,0.6776850566055
s_4172,5.575932321,6.764140627,Nigeria,0.0001152815869697,0.01115379490212074,2023,OIL,NEPL,Egbema,ONSHORE,Small,0.1152815869697
s_4172,5.575932321,6.764140627,Nigeria,1.08101734373563e-05,0.0010459125394267595,2024,OIL,NEPL,Egbema,ONSHORE,Small,0.0108101734373563
s_4172,5.575932321,6.764140627,Nigeria,1.37703747567214e-05,0.0013323197554712756,2025,OIL,NEPL,Egbema,ONSHORE,Small,0.0137703747567214
s_4173,5.968747678,4.930743386,Nigeria,0.0,0.0,2012,NA,NA,NA,ONSHORE,Small,0.0
s_4173,5.968747678,4.930743386,Nigeria,0.0,0.0,2013,NA,NA,NA,ONSHORE,Small,0.0
s_4173,5.968747678,4.930743386,Nigeria,0.0,0.0,2014,NA,NA,NA,ONSHORE,Small,0.0
s_4173,5.968747678,4.930743386,Nigeria,0.0,0.0,2015,NA,NA,NA,ONSHORE,Small,0.0
s_4173,5.968747678,4.930743386,Nigeria,0.0,0.0,2016,NA,NA,NA,ONSHORE,Small,0.0
s_4173,5.968747678,4.930743386,Nigeria,0.0,0.0,2017,NA,NA,NA,ONSHORE,Small,0.0
s_4173,5.968747678,4.930743386,Nigeria,2.01325215173396e-06,0.00019478740861362287,2018,NA,NA,NA,ONSHORE,Small,0.00201325215173396
s_4173,5.968747678,4.930743386,Nigeria,0.0169449728529104,1.6394704201377999,2019,NA,NA,NA,ONSHORE,Small,16.9449728529104
s_4173,5.968747678,4.930743386,Nigeria,0.0,0.0,2020,NA,NA,NA,ONSHORE,Small,0.0
s_4173,5.968747678,4.930743386,Nigeria,0.0,0.0,2021,NA,NA,NA,ONSHORE,Small,0.0
s_4173,5.968747678,4.930743386,Nigeria,0.0,0.0,2022,NA,NA,NA,ONSHORE,Small,0.0
s_4173,5.968747678,4.930743386,Nigeria,0.0,0.0,2023,NA,NA,NA,ONSHORE,Small,0.0
s_4173,5.968747678,4.930743386,Nigeria,0.0,0.0,2024,NA,NA,NA,ONSHORE,Small,0.0
s_4173,5.968747678,4.930743386,Nigeria,0.0,0.0,2025,NA,NA,NA,ONSHORE,Small,0.0
s_4174,4.797445249,5.629892574,Nigeria,0.0,0.0,2012,NA,NA,NA,ONSHORE,Small,0.0
s_4174,4.797445249,5.629892574,Nigeria,0.0,0.0,2013,NA,NA,NA,ONSHORE,Small,0.0
s_4174,4.797445249,5.629892574,Nigeria,0.0001222925055516,0.011832119602478422,2014,NA,NA,NA,ONSHORE,Small,0.12229250555159998
s_4174,4.797445249,5.629892574,Nigeria,0.0,0.0,2015,NA,NA,NA,ONSHORE,Small,0.0
s_4174,4.797445249,5.629892574,Nigeria,2.46806572067692e-05,0.0023879181035754283,2016,NA,NA,NA,ONSHORE,Small,0.0246806572067692
s_4174,4.797445249,5.629892574,Nigeria,0.0,0.0,2017,NA,NA,NA,ONSHORE,Small,0.0
s_4174,4.797445249,5.629892574,Nigeria,0.0,0.0,2018,NA,NA,NA,ONSHORE,Small,0.0
s_4174,4.797445249,5.629892574,Nigeria,0.0,0.0,2019,NA,NA,NA,ONSHORE,Small,0.0
s_4174,4.797445249,5.629892574,Nigeria,0.0,0.0,2020,NA,NA,NA,ONSHORE,Small,0.0
s_4174,4.797445249,5.629892574,Nigeria,0.0,0.0,2021,NA,NA,NA,ONSHORE,Small,0.0
s_4174,4.797445249,5.629892574,Nigeria,0.0,0.0,2022,NA,NA,NA,ONSHORE,Small,0.0
s_4174,4.797445249,5.629892574,Nigeria,0.000314604129499,0.03043877194988975,2023,NA,NA,NA,ONSHORE,Small,0.314604129499
s_4174,4.797445249,5.629892574,Nigeria,0.0002330617701795,0.022549335522164416,2024,NA,NA,NA,ONSHORE,Small,0.2330617701795
s_4174,4.797445249,5.629892574,Nigeria,0.0,0.0,2025,NA,NA,NA,ONSHORE,Small,0.0
s_4177,5.675375836,5.152322484,Nigeria,0.0,0.0,2012,OIL,Renaissance Africa Energy ,Otumara,ONSHORE,Small,0.0
s_4177,5.675375836,5.152322484,Nigeria,0.0,0.0,2013,OIL,Renaissance Africa Energy ,Otumara,ONSHORE,Small,0.0
s_4177,5.675375836,5.152322484,Nigeria,0.0,0.0,2014,OIL,Renaissance Africa Energy ,Otumara,ONSHORE,Small,0.0
s_4177,5.675375836,5.152322484,Nigeria,4.85593657246041e-05,0.004698245575086182,2015,OIL,Renaissance Africa Energy ,Otumara,ONSHORE,Small,0.0485593657246041
s_4177,5.675375836,5.152322484,Nigeria,0.0,0.0,2016,OIL,Renaissance Africa Energy ,Otumara,ONSHORE,Small,0.0
s_4177,5.675375836,5.152322484,Nigeria,0.0,0.0,2017,OIL,Renaissance Africa Energy ,Otumara,ONSHORE,Small,0.0
s_4177,5.675375836,5.152322484,Nigeria,0.000998717390155,0.09662851828972492,2018,OIL,Renaissance Africa Energy ,Otumara,ONSHORE,Small,0.9987173901549999
s_4177,5.675375836,5.152322484,Nigeria,0.0,0.0,2019,OIL,Renaissance Africa Energy ,Otumara,ONSHORE,Small,0.0
s_4177,5.675375836,5.152322484,Nigeria,0.0,0.0,2020,OIL,Renaissance Africa Energy ,Otumara,ONSHORE,Small,0.0
s_4177,5.675375836,5.152322484,Nigeria,0.0,0.0,2021,OIL,Renaissance Africa Energy ,Otumara,ONSHORE,Small,0.0
s_4177,5.675375836,5.152322484,Nigeria,0.0,0.0,2022,OIL,Renaissance Africa Energy ,Otumara,ONSHORE,Small,0.0
s_4177,5.675375836,5.152322484,Nigeria,0.0,0.0,2023,OIL,Renaissance Africa Energy ,Otumara,ONSHORE,Small,0.0
s_4177,5.675375836,5.152322484,Nigeria,0.0,0.0,2024,OIL,Renaissance Africa Energy ,Otumara,ONSHORE,Small,0.0
s_4177,5.675375836,5.152322484,Nigeria,0.0,0.0,2025,OIL,Renaissance Africa Energy ,Otumara,ONSHORE,Small,0.0
s_4181,4.585572605,7.004050275,Nigeria,0.0013187522691572,0.1275927294508168,2012,OIL,NNPC Limited,Cawthorne Channel,OFFSHORE,Small,1.3187522691572
s_4181,4.585572605,7.004050275,Nigeria,0.0004163394314806,0.04028192836745652,2013,OIL,NNPC Limited,Cawthorne Channel,OFFSHORE,Small,0.4163394314806
s_4181,4.585572605,7.004050275,Nigeria,0.0001766264128571,0.01708906717100619,2014,OIL,NNPC Limited,Cawthorne Channel,OFFSHORE,Small,0.1766264128571
s_4181,4.585572605,7.004050275,Nigeria,0.00013267260405,0.012836421267282842,2015,OIL,NNPC Limited,Cawthorne Channel,OFFSHORE,Small,0.13267260405
s_4181,4.585572605,7.004050275,Nigeria,0.0002963204646302,0.02866977957767938,2016,OIL,NNPC Limited,Cawthorne Channel,OFFSHORE,Small,0.2963204646302
s_4181,4.585572605,7.004050275,Nigeria,0.0003628550543559,0.03510717506471636,2017,OIL,NNPC Limited,Cawthorne Channel,OFFSHORE,Small,0.36285505435590004
s_4181,4.585572605,7.004050275,Nigeria,0.0004060629579549,0.039287652689651544,2018,OIL,NNPC Limited,Cawthorne Channel,OFFSHORE,Small,0.4060629579549
s_4181,4.585572605,7.004050275,Nigeria,0.0009767637516019,0.09450444636971458,2019,OIL,NNPC Limited,Cawthorne Channel,OFFSHORE,Small,0.9767637516018999
s_4181,4.585572605,7.004050275,Nigeria,0.0069008404282284,0.6676743512296822,2020,OIL,NNPC Limited,Cawthorne Channel,OFFSHORE,Small,6.9008404282284
s_4181,4.585572605,7.004050275,Nigeria,0.0152326882316334,1.4738024068687,2021,OIL,NNPC Limited,Cawthorne Channel,OFFSHORE,Small,15.2326882316334
s_4181,4.585572605,7.004050275,Nigeria,0.0051533475516197,0.4985998472177503,2022,OIL,NNPC Limited,Cawthorne Channel,OFFSHORE,Small,5.1533475516197
s_4181,4.585572605,7.004050275,Nigeria,0.0,0.0,2023,OIL,NNPC Limited,Cawthorne Channel,OFFSHORE,Small,0.0
s_4181,4.585572605,7.004050275,Nigeria,1.72942035853965e-05,0.001673259406445658,2024,OIL,NNPC Limited,Cawthorne Channel,OFFSHORE,Small,0.0172942035853965
s_4181,4.585572605,7.004050275,Nigeria,0.0001293984494806,0.012519638253578082,2025,OIL,NNPC Limited,Cawthorne Channel,OFFSHORE,Small,0.1293984494806
s_4182,5.489789725,6.755337829,Nigeria,0.0,0.0,2012,OIL,Oando Oil,M'Bede,ONSHORE,Small,0.0
s_4182,5.489789725,6.755337829,Nigeria,0.0,0.0,2013,OIL,Oando Oil,M'Bede,ONSHORE,Small,0.0
s_4182,5.489789725,6.755337829,Nigeria,0.0,0.0,2014,OIL,Oando Oil,M'Bede,ONSHORE,Small,0.0
s_4182,5.489789725,6.755337829,Nigeria,0.0,0.0,2015,OIL,Oando Oil,M'Bede,ONSHORE,Small,0.0
s_4182,5.489789725,6.755337829,Nigeria,0.0,0.0,2016,OIL,Oando Oil,M'Bede,ONSHORE,Small,0.0
s_4182,5.489789725,6.755337829,Nigeria,0.0,0.0,2017,OIL,Oando Oil,M'Bede,ONSHORE,Small,0.0
s_4182,5.489789725,6.755337829,Nigeria,0.0,0.0,2018,OIL,Oando Oil,M'Bede,ONSHORE,Small,0.0
s_4182,5.489789725,6.755337829,Nigeria,4.45888786069198e-05,0.004314090567020556,2019,OIL,Oando Oil,M'Bede,ONSHORE,Small,0.0445888786069198
s_4182,5.489789725,6.755337829,Nigeria,0.0043549367631907,0.4213515162755487,2020,OIL,Oando Oil,M'Bede,ONSHORE,Small,4.3549367631907
s_4182,5.489789725,6.755337829,Nigeria,0.0130655902909065,1.264130015994786,2021,OIL,Oando Oil,M'Bede,ONSHORE,Small,13.065590290906501
s_4182,5.489789725,6.755337829,Nigeria,0.0067573463979112,0.6537909286822687,2022,OIL,Oando Oil,M'Bede,ONSHORE,Small,6.7573463979112
s_4182,5.489789725,6.755337829,Nigeria,0.0,0.0,2023,OIL,Oando Oil,M'Bede,ONSHORE,Small,0.0
s_4182,5.489789725,6.755337829,Nigeria,0.0,0.0,2024,OIL,Oando Oil,M'Bede,ONSHORE,Small,0.0
s_4182,5.489789725,6.755337829,Nigeria,0.0,0.0,2025,OIL,Oando Oil,M'Bede,ONSHORE,Small,0.0
s_4183,4.700166565,7.117108108,Nigeria,0.0012511870845995,0.12105562121965932,2012,GAS,ExxonMobil,Oso,ONSHORE,Small,1.2511870845995001
s_4183,4.700166565,7.117108108,Nigeria,0.0,0.0,2013,GAS,ExxonMobil,Oso,ONSHORE,Small,0.0
s_4183,4.700166565,7.117108108,Nigeria,0.0003444617233021,0.03332757220242391,2014,GAS,ExxonMobil,Oso,ONSHORE,Small,0.3444617233021
s_4183,4.700166565,7.117108108,Nigeria,0.0004608402245652,0.04458749642992429,2015,GAS,ExxonMobil,Oso,ONSHORE,Small,0.4608402245652
s_4183,4.700166565,7.117108108,Nigeria,0.0004607186002417,0.044575728958682025,2016,GAS,ExxonMobil,Oso,ONSHORE,Small,0.46071860024169997
s_4183,4.700166565,7.117108108,Nigeria,0.0008609782714397,0.08330189848396953,2017,GAS,ExxonMobil,Oso,ONSHORE,Small,0.8609782714397001
s_4183,4.700166565,7.117108108,Nigeria,0.0017985633276103,0.1740157036519089,2018,GAS,ExxonMobil,Oso,ONSHORE,Small,1.7985633276103
s_4183,4.700166565,7.117108108,Nigeria,0.0020577873137906,0.199096301963981,2019,GAS,ExxonMobil,Oso,ONSHORE,Small,2.0577873137906
s_4183,4.700166565,7.117108108,Nigeria,0.0001230939139208,0.01190965795719633,2020,GAS,ExxonMobil,Oso,ONSHORE,Small,0.12309391392079999
s_4183,4.700166565,7.117108108,Nigeria,3.4714115525645e-06,0.0003358681424843134,2021,GAS,ExxonMobil,Oso,ONSHORE,Small,0.0034714115525645
s_4183,4.700166565,7.117108108,Nigeria,0.0,0.0,2022,GAS,ExxonMobil,Oso,ONSHORE,Small,0.0
s_4183,4.700166565,7.117108108,Nigeria,0.0,0.0,2023,GAS,ExxonMobil,Oso,ONSHORE,Small,0.0
s_4183,4.700166565,7.117108108,Nigeria,2.47035029796607e-05,0.0023901284918248474,2024,GAS,ExxonMobil,Oso,ONSHORE,Small,0.0247035029796607
s_4183,4.700166565,7.117108108,Nigeria,2.97747008125295e-05,0.0028807801390021586,2025,GAS,ExxonMobil,Oso,ONSHORE,Small,0.0297747008125295
s_4184,5.503296949,6.699440125,Nigeria,0.0,0.0,2012,OIL,Oando Oil,M'Bede,ONSHORE,Small,0.0
s_4184,5.503296949,6.699440125,Nigeria,3.63622809368456e-05,0.0035181457369204195,2013,OIL,Oando Oil,M'Bede,ONSHORE,Small,0.0363622809368456
s_4184,5.503296949,6.699440125,Nigeria,0.0,0.0,2014,OIL,Oando Oil,M'Bede,ONSHORE,Small,0.0
s_4184,5.503296949,6.699440125,Nigeria,0.0,0.0,2015,OIL,Oando Oil,M'Bede,ONSHORE,Small,0.0
s_4184,5.503296949,6.699440125,Nigeria,0.0,0.0,2016,OIL,Oando Oil,M'Bede,ONSHORE,Small,0.0
s_4184,5.503296949,6.699440125,Nigeria,0.0,0.0,2017,OIL,Oando Oil,M'Bede,ONSHORE,Small,0.0
s_4184,5.503296949,6.699440125,Nigeria,0.0,0.0,2018,OIL,Oando Oil,M'Bede,ONSHORE,Small,0.0
s_4184,5.503296949,6.699440125,Nigeria,1.43419814434083e-05,0.0013876241966710849,2019,OIL,Oando Oil,M'Bede,ONSHORE,Small,0.0143419814434083
s_4184,5.503296949,6.699440125,Nigeria,0.0014153013659809,0.13693410696186362,2020,OIL,Oando Oil,M'Bede,ONSHORE,Small,1.4153013659809
s_4184,5.503296949,6.699440125,Nigeria,0.0026204596168374,0.2535363181908349,2021,OIL,Oando Oil,M'Bede,ONSHORE,Small,2.6204596168374
s_4184,5.503296949,6.699440125,Nigeria,0.0017495421071624,0.1692727724249886,2022,OIL,Oando Oil,M'Bede,ONSHORE,Small,1.7495421071624
s_4184,5.503296949,6.699440125,Nigeria,0.0003881774480233,0.037557182848450076,2023,OIL,Oando Oil,M'Bede,ONSHORE,Small,0.3881774480233
s_4184,5.503296949,6.699440125,Nigeria,0.0004882633849564,0.04724075888589482,2024,OIL,Oando Oil,M'Bede,ONSHORE,Small,0.4882633849564
s_4184,5.503296949,6.699440125,Nigeria,0.002620420807673,0.2535325633027264,2025,OIL,Oando Oil,M'Bede,ONSHORE,Small,2.6204208076730002
s_4186,4.785399884,5.980158641,Nigeria,0.0,0.0,2012,OIL,Oando Oil,Ogbainbiri,ONSHORE,Small,0.0
s_4186,4.785399884,5.980158641,Nigeria,7.46653829356672e-05,0.007224070985174997,2013,OIL,Oando Oil,Ogbainbiri,ONSHORE,Small,0.0746653829356672
s_4186,4.785399884,5.980158641,Nigeria,0.0,0.0,2014,OIL,Oando Oil,Ogbainbiri,ONSHORE,Small,0.0
s_4186,4.785399884,5.980158641,Nigeria,3.27976954983133e-05,0.0031732627773986585,2015,OIL,Oando Oil,Ogbainbiri,ONSHORE,Small,0.032797695498313295
s_4186,4.785399884,5.980158641,Nigeria,6.09829209767766e-05,0.005900257022710666,2016,OIL,Oando Oil,Ogbainbiri,ONSHORE,Small,0.0609829209767766
s_4186,4.785399884,5.980158641,Nigeria,0.0,0.0,2017,OIL,Oando Oil,Ogbainbiri,ONSHORE,Small,0.0
s_4186,4.785399884,5.980158641,Nigeria,2.2941473049659e-05,0.002219647489895175,2018,OIL,Oando Oil,Ogbainbiri,ONSHORE,Small,0.022941473049659
s_4186,4.785399884,5.980158641,Nigeria,0.0003042523277147,0.029437208066146223,2019,OIL,Oando Oil,Ogbainbiri,ONSHORE,Small,0.3042523277147
s_4186,4.785399884,5.980158641,Nigeria,0.0002072706038672,0.020053972759596885,2020,OIL,Oando Oil,Ogbainbiri,ONSHORE,Small,0.2072706038672
s_4186,4.785399884,5.980158641,Nigeria,0.0003738637199051,0.03617229223485119,2021,OIL,Oando Oil,Ogbainbiri,ONSHORE,Small,0.3738637199051
s_4186,4.785399884,5.980158641,Nigeria,0.0021642336887792,0.2093952670104037,2022,OIL,Oando Oil,Ogbainbiri,ONSHORE,Small,2.1642336887792
s_4186,4.785399884,5.980158641,Nigeria,0.0025767362856914,0.249305971603325,2023,OIL,Oando Oil,Ogbainbiri,ONSHORE,Small,2.5767362856914
s_4186,4.785399884,5.980158641,Nigeria,0.0002611781978088,0.02526967339572231,2024,OIL,Oando Oil,Ogbainbiri,ONSHORE,Small,0.2611781978088
s_4186,4.785399884,5.980158641,Nigeria,6.33189567065336e-05,0.006126274586301145,2025,OIL,Oando Oil,Ogbainbiri,ONSHORE,Small,0.06331895670653359
s_4190,4.706682823,5.955438765,Nigeria,0.0,0.0,2012,OIL,Oando Oil,Azuzuama,ONSHORE,Small,0.0
s_4190,4.706682823,5.955438765,Nigeria,0.0,0.0,2013,OIL,Oando Oil,Azuzuama,ONSHORE,Small,0.0
s_4190,4.706682823,5.955438765,Nigeria,0.0,0.0,2014,OIL,Oando Oil,Azuzuama,ONSHORE,Small,0.0
s_4190,4.706682823,5.955438765,Nigeria,0.0001960805689426,0.018971307628266227,2015,OIL,Oando Oil,Azuzuama,ONSHORE,Small,0.19608056894259998
s_4190,4.706682823,5.955438765,Nigeria,0.0,0.0,2016,OIL,Oando Oil,Azuzuama,ONSHORE,Small,0.0
s_4190,4.706682823,5.955438765,Nigeria,0.0,0.0,2017,OIL,Oando Oil,Azuzuama,ONSHORE,Small,0.0
s_4190,4.706682823,5.955438765,Nigeria,0.0,0.0,2018,OIL,Oando Oil,Azuzuama,ONSHORE,Small,0.0
s_4190,4.706682823,5.955438765,Nigeria,0.0,0.0,2019,OIL,Oando Oil,Azuzuama,ONSHORE,Small,0.0
s_4190,4.706682823,5.955438765,Nigeria,0.0,0.0,2020,OIL,Oando Oil,Azuzuama,ONSHORE,Small,0.0
s_4190,4.706682823,5.955438765,Nigeria,4.34504293462066e-05,0.0042039426249749325,2021,OIL,Oando Oil,Azuzuama,ONSHORE,Small,0.0434504293462066
s_4190,4.706682823,5.955438765,Nigeria,0.0001027254420967,0.009938955062072681,2022,OIL,Oando Oil,Azuzuama,ONSHORE,Small,0.10272544209670001
s_4190,4.706682823,5.955438765,Nigeria,5.08097063608033e-05,0.0049159719143555295,2023,OIL,Oando Oil,Azuzuama,ONSHORE,Small,0.0508097063608033
s_4190,4.706682823,5.955438765,Nigeria,8.75023908474656e-05,0.008466085058443555,2024,OIL,Oando Oil,Azuzuama,ONSHORE,Small,0.0875023908474656
s_4190,4.706682823,5.955438765,Nigeria,0.0,0.0,2025,OIL,Oando Oil,Azuzuama,ONSHORE,Small,0.0
s_4192,4.521083896,6.918623915,Nigeria,0.0,0.0,2012,GAS,TotalEnergies,Ubeta,ONSHORE,Small,0.0
s_4192,4.521083896,6.918623915,Nigeria,0.0,0.0,2013,GAS,TotalEnergies,Ubeta,ONSHORE,Small,0.0
s_4192,4.521083896,6.918623915,Nigeria,0.0,0.0,2014,GAS,TotalEnergies,Ubeta,ONSHORE,Small,0.0
s_4192,4.521083896,6.918623915,Nigeria,0.0,0.0,2015,GAS,TotalEnergies,Ubeta,ONSHORE,Small,0.0
s_4192,4.521083896,6.918623915,Nigeria,0.0,0.0,2016,GAS,TotalEnergies,Ubeta,ONSHORE,Small,0.0
s_4192,4.521083896,6.918623915,Nigeria,0.0,0.0,2017,GAS,TotalEnergies,Ubeta,ONSHORE,Small,0.0
s_4192,4.521083896,6.918623915,Nigeria,0.0002969520948399,0.028730891451640907,2018,GAS,TotalEnergies,Ubeta,ONSHORE,Small,0.2969520948399
s_4192,4.521083896,6.918623915,Nigeria,1.08892259420985e-05,0.0010535610759152896,2019,GAS,TotalEnergies,Ubeta,ONSHORE,Small,0.0108892259420985
s_4192,4.521083896,6.918623915,Nigeria,0.0,0.0,2020,GAS,TotalEnergies,Ubeta,ONSHORE,Small,0.0
s_4192,4.521083896,6.918623915,Nigeria,0.0002387066053806,0.023095488084289444,2021,GAS,TotalEnergies,Ubeta,ONSHORE,Small,0.23870660538059998
s_4192,4.521083896,6.918623915,Nigeria,0.000169188703352,0.016369449333135486,2022,GAS,TotalEnergies,Ubeta,ONSHORE,Small,0.169188703352
s_4192,4.521083896,6.918623915,Nigeria,4.75276520632964e-05,0.00459842458130539,2023,GAS,TotalEnergies,Ubeta,ONSHORE,Small,0.0475276520632964
s_4192,4.521083896,6.918623915,Nigeria,4.09991683633682e-05,0.0039667767169332905,2024,GAS,TotalEnergies,Ubeta,ONSHORE,Small,0.0409991683633682
s_4192,4.521083896,6.918623915,Nigeria,0.0,0.0,2025,GAS,TotalEnergies,Ubeta,ONSHORE,Small,0.0
s_4194a,5.651186371,5.123583772,Nigeria,0.0003654509396579,0.035358333753705846,2012,OIL,Renaissance Africa Energy ,Otumara,ONSHORE,Small,0.3654509396579
s_4194a,5.651186371,5.123583772,Nigeria,6.35791277597825e-05,0.006151446815827875,2013,OIL,Renaissance Africa Energy ,Otumara,ONSHORE,Small,0.0635791277597825
s_4194a,5.651186371,5.123583772,Nigeria,0.0001563893592666,0.01513107933352968,2014,OIL,Renaissance Africa Energy ,Otumara,ONSHORE,Small,0.1563893592666
s_4194a,5.651186371,5.123583772,Nigeria,0.0005114693893274,0.04948600047265301,2015,OIL,Renaissance Africa Energy ,Otumara,ONSHORE,Small,0.5114693893274
s_4194a,5.651186371,5.123583772,Nigeria,0.0,0.0,2016,OIL,Renaissance Africa Energy ,Otumara,ONSHORE,Small,0.0
s_4194a,5.651186371,5.123583772,Nigeria,0.0,0.0,2017,OIL,Renaissance Africa Energy ,Otumara,ONSHORE,Small,0.0
s_4194a,5.651186371,5.123583772,Nigeria,0.0,0.0,2018,OIL,Renaissance Africa Energy ,Otumara,ONSHORE,Small,0.0
s_4194a,5.651186371,5.123583772,Nigeria,0.0002256654999508,0.021833727042613695,2019,OIL,Renaissance Africa Energy ,Otumara,ONSHORE,Small,0.22566549995079999
s_4194a,5.651186371,5.123583772,Nigeria,9.0648592624178e-05,0.008770488304968618,2020,OIL,Renaissance Africa Energy ,Otumara,ONSHORE,Small,0.090648592624178
s_4194a,5.651186371,5.123583772,Nigeria,0.001559497268438,0.15088543747360814,2021,OIL,Renaissance Africa Energy ,Otumara,ONSHORE,Small,1.5594972684380002
s_4194a,5.651186371,5.123583772,Nigeria,0.0005948315196859,0.05755150450554723,2022,OIL,Renaissance Africa Energy ,Otumara,ONSHORE,Small,0.5948315196859
s_4194a,5.651186371,5.123583772,Nigeria,0.0,0.0,2023,OIL,Renaissance Africa Energy ,Otumara,ONSHORE,Small,0.0
s_4194a,5.651186371,5.123583772,Nigeria,0.0,0.0,2024,OIL,Renaissance Africa Energy ,Otumara,ONSHORE,Small,0.0
s_4194a,5.651186371,5.123583772,Nigeria,0.0,0.0,2025,OIL,Renaissance Africa Energy ,Otumara,ONSHORE,Small,0.0
s_4194b,5.670597655,5.117182504,Nigeria,0.0,0.0,2012,OIL,Renaissance Africa Energy ,Otumara,ONSHORE,Small,0.0
s_4194b,5.670597655,5.117182504,Nigeria,0.0,0.0,2013,OIL,Renaissance Africa Energy ,Otumara,ONSHORE,Small,0.0
s_4194b,5.670597655,5.117182504,Nigeria,0.0,0.0,2014,OIL,Renaissance Africa Energy ,Otumara,ONSHORE,Small,0.0
s_4194b,5.670597655,5.117182504,Nigeria,0.0,0.0,2015,OIL,Renaissance Africa Energy ,Otumara,ONSHORE,Small,0.0
s_4194b,5.670597655,5.117182504,Nigeria,0.0,0.0,2016,OIL,Renaissance Africa Energy ,Otumara,ONSHORE,Small,0.0
s_4194b,5.670597655,5.117182504,Nigeria,0.0,0.0,2017,OIL,Renaissance Africa Energy ,Otumara,ONSHORE,Small,0.0
s_4194b,5.670597655,5.117182504,Nigeria,0.0,0.0,2018,OIL,Renaissance Africa Energy ,Otumara,ONSHORE,Small,0.0
s_4194b,5.670597655,5.117182504,Nigeria,0.0,0.0,2019,OIL,Renaissance Africa Energy ,Otumara,ONSHORE,Small,0.0
s_4194b,5.670597655,5.117182504,Nigeria,0.0,0.0,2020,OIL,Renaissance Africa Energy ,Otumara,ONSHORE,Small,0.0
s_4194b,5.670597655,5.117182504,Nigeria,0.0,0.0,2021,OIL,Renaissance Africa Energy ,Otumara,ONSHORE,Small,0.0
s_4194b,5.670597655,5.117182504,Nigeria,0.0,0.0,2022,OIL,Renaissance Africa Energy ,Otumara,ONSHORE,Small,0.0
s_4194b,5.670597655,5.117182504,Nigeria,0.0,0.0,2023,OIL,Renaissance Africa Energy ,Otumara,ONSHORE,Small,0.0
s_4194b,5.670597655,5.117182504,Nigeria,0.0,0.0,2024,OIL,Renaissance Africa Energy ,Otumara,ONSHORE,Small,0.0
s_4194b,5.670597655,5.117182504,Nigeria,0.0,0.0,2025,OIL,Renaissance Africa Energy ,Otumara,ONSHORE,Small,0.0
s_4195a,4.589985334,6.840640027,Nigeria,0.0062366182527505,0.6034091193790123,2012,OIL,SEPLAT Energy,Idama,OFFSHORE,Small,6.2366182527505005
s_4195a,4.589985334,6.840640027,Nigeria,0.0,0.0,2013,OIL,SEPLAT Energy,Idama,OFFSHORE,Small,0.0
s_4195a,4.589985334,6.840640027,Nigeria,0.0,0.0,2014,OIL,SEPLAT Energy,Idama,OFFSHORE,Small,0.0
s_4195a,4.589985334,6.840640027,Nigeria,0.0,0.0,2015,OIL,SEPLAT Energy,Idama,OFFSHORE,Small,0.0
s_4195a,4.589985334,6.840640027,Nigeria,3.24070692990116e-05,0.0031354686714626322,2016,OIL,SEPLAT Energy,Idama,OFFSHORE,Small,0.032407069299011604
s_4195a,4.589985334,6.840640027,Nigeria,0.000740709523202,0.07166558269200632,2017,OIL,SEPLAT Energy,Idama,OFFSHORE,Small,0.740709523202
s_4195a,4.589985334,6.840640027,Nigeria,0.0014237499106387,0.13775152574322788,2018,OIL,SEPLAT Energy,Idama,OFFSHORE,Small,1.4237499106387002
s_4195a,4.589985334,6.840640027,Nigeria,0.0002292397659213,0.022179546618909647,2019,OIL,SEPLAT Energy,Idama,OFFSHORE,Small,0.2292397659213
s_4195a,4.589985334,6.840640027,Nigeria,0.0003067660159774,0.029680413976708443,2020,OIL,SEPLAT Energy,Idama,OFFSHORE,Small,0.3067660159774
s_4195a,4.589985334,6.840640027,Nigeria,0.0012572550897782,0.12164271658334488,2021,OIL,SEPLAT Energy,Idama,OFFSHORE,Small,1.2572550897782
s_4195a,4.589985334,6.840640027,Nigeria,0.0008877090329745,0.08588816954055223,2022,OIL,SEPLAT Energy,Idama,OFFSHORE,Small,0.8877090329745
s_4195a,4.589985334,6.840640027,Nigeria,0.0008842908114568,0.08555744767298754,2023,OIL,SEPLAT Energy,Idama,OFFSHORE,Small,0.8842908114568
s_4195a,4.589985334,6.840640027,Nigeria,0.0007386868327391,0.07146988210211426,2024,OIL,SEPLAT Energy,Idama,OFFSHORE,Small,0.7386868327391
s_4195a,4.589985334,6.840640027,Nigeria,2.39406807027947e-06,0.00023163234424099013,2025,OIL,SEPLAT Energy,Idama,OFFSHORE,Small,0.0023940680702794702
s_4195b,4.597684238,6.842222394,Nigeria,0.0010983479223091,0.10626803272430721,2012,OIL,SEPLAT Energy,Idama,OFFSHORE,Small,1.0983479223091
s_4195b,4.597684238,6.842222394,Nigeria,0.0,0.0,2013,OIL,SEPLAT Energy,Idama,OFFSHORE,Small,0.0
s_4195b,4.597684238,6.842222394,Nigeria,0.0,0.0,2014,OIL,SEPLAT Energy,Idama,OFFSHORE,Small,0.0
s_4195b,4.597684238,6.842222394,Nigeria,0.0,0.0,2015,OIL,SEPLAT Energy,Idama,OFFSHORE,Small,0.0
s_4195b,4.597684238,6.842222394,Nigeria,0.0,0.0,2016,OIL,SEPLAT Energy,Idama,OFFSHORE,Small,0.0
s_4195b,4.597684238,6.842222394,Nigeria,0.0,0.0,2017,OIL,SEPLAT Energy,Idama,OFFSHORE,Small,0.0
s_4195b,4.597684238,6.842222394,Nigeria,0.0003057993140687,0.02958688303994261,2018,OIL,SEPLAT Energy,Idama,OFFSHORE,Small,0.30579931406870003
s_4195b,4.597684238,6.842222394,Nigeria,0.001712348734595,0.16567421640021787,2019,OIL,SEPLAT Energy,Idama,OFFSHORE,Small,1.7123487345950001
s_4195b,4.597684238,6.842222394,Nigeria,9.37049730110737e-05,0.009066201097222762,2020,OIL,SEPLAT Energy,Idama,OFFSHORE,Small,0.0937049730110737
s_4195b,4.597684238,6.842222394,Nigeria,0.0004193554271156,0.040573733829393145,2021,OIL,SEPLAT Energy,Idama,OFFSHORE,Small,0.4193554271156
s_4195b,4.597684238,6.842222394,Nigeria,0.0004148222610662,0.040135138163759625,2022,OIL,SEPLAT Energy,Idama,OFFSHORE,Small,0.41482226106619996
s_4195b,4.597684238,6.842222394,Nigeria,0.0002315063064984,0.022398840344810145,2023,OIL,SEPLAT Energy,Idama,OFFSHORE,Small,0.2315063064984
s_4195b,4.597684238,6.842222394,Nigeria,0.0003515406061406,0.03401247262227608,2024,OIL,SEPLAT Energy,Idama,OFFSHORE,Small,0.3515406061406
s_4195b,4.597684238,6.842222394,Nigeria,6.42548576902223e-06,0.000621682545305405,2025,OIL,SEPLAT Energy,Idama,OFFSHORE,Small,0.0064254857690222295
s_4201,4.157292601,8.044570759,Nigeria,0.0072653635284308,0.7029429140905615,2012,OIL,ExxonMobil,Etim,OFFSHORE,Small,7.2653635284308
s_4201,4.157292601,8.044570759,Nigeria,0.0162109460895159,1.568451411926873,2013,OIL,ExxonMobil,Etim,OFFSHORE,Small,16.2109460895159
s_4201,4.157292601,8.044570759,Nigeria,0.0135929176848563,1.315150319869782,2014,OIL,ExxonMobil,Etim,OFFSHORE,Small,13.5929176848563
s_4201,4.157292601,8.044570759,Nigeria,0.0333694638589469,3.2285828609754508,2015,OIL,ExxonMobil,Etim,OFFSHORE,Small,33.3694638589469
s_4201,4.157292601,8.044570759,Nigeria,0.0011037355770693,0.10678930240646815,2016,OIL,ExxonMobil,Etim,OFFSHORE,Small,1.1037355770692998
s_4201,4.157292601,8.044570759,Nigeria,0.0,0.0,2017,OIL,ExxonMobil,Etim,OFFSHORE,Small,0.0
s_4201,4.157292601,8.044570759,Nigeria,0.001847884810755,0.17878768607967493,2018,OIL,ExxonMobil,Etim,OFFSHORE,Small,1.8478848107549999
s_4201,4.157292601,8.044570759,Nigeria,0.0029931374650421,0.28959387423863164,2019,OIL,ExxonMobil,Etim,OFFSHORE,Small,2.9931374650421003
s_4201,4.157292601,8.044570759,Nigeria,0.0,0.0,2020,OIL,ExxonMobil,Etim,OFFSHORE,Small,0.0
s_4201,4.157292601,8.044570759,Nigeria,0.0,0.0,2021,OIL,ExxonMobil,Etim,OFFSHORE,Small,0.0
s_4201,4.157292601,8.044570759,Nigeria,0.0,0.0,2022,OIL,ExxonMobil,Etim,OFFSHORE,Small,0.0
s_4201,4.157292601,8.044570759,Nigeria,0.0,0.0,2023,OIL,ExxonMobil,Etim,OFFSHORE,Small,0.0
s_4201,4.157292601,8.044570759,Nigeria,0.0,0.0,2024,OIL,ExxonMobil,Etim,OFFSHORE,Small,0.0
s_4201,4.157292601,8.044570759,Nigeria,0.0,0.0,2025,OIL,ExxonMobil,Etim,OFFSHORE,Small,0.0
s_4202,5.267306557,6.775916013,Nigeria,0.0,0.0,2012,OIL,Renaissance Africa Energy ,Ahia,ONSHORE,Small,0.0
s_4202,5.267306557,6.775916013,Nigeria,0.0,0.0,2013,OIL,Renaissance Africa Energy ,Ahia,ONSHORE,Small,0.0
s_4202,5.267306557,6.775916013,Nigeria,0.0,0.0,2014,OIL,Renaissance Africa Energy ,Ahia,ONSHORE,Small,0.0
s_4202,5.267306557,6.775916013,Nigeria,0.0,0.0,2015,OIL,Renaissance Africa Energy ,Ahia,ONSHORE,Small,0.0
s_4202,5.267306557,6.775916013,Nigeria,0.0,0.0,2016,OIL,Renaissance Africa Energy ,Ahia,ONSHORE,Small,0.0
s_4202,5.267306557,6.775916013,Nigeria,0.0,0.0,2017,OIL,Renaissance Africa Energy ,Ahia,ONSHORE,Small,0.0
s_4202,5.267306557,6.775916013,Nigeria,0.0,0.0,2018,OIL,Renaissance Africa Energy ,Ahia,ONSHORE,Small,0.0
s_4202,5.267306557,6.775916013,Nigeria,2.73295927710994e-05,0.0026442095441264516,2019,OIL,Renaissance Africa Energy ,Ahia,ONSHORE,Small,0.0273295927710994
s_4202,5.267306557,6.775916013,Nigeria,0.0,0.0,2020,OIL,Renaissance Africa Energy ,Ahia,ONSHORE,Small,0.0
s_4202,5.267306557,6.775916013,Nigeria,0.0010705126600039,0.10357489833086297,2021,OIL,Renaissance Africa Energy ,Ahia,ONSHORE,Small,1.0705126600039
s_4202,5.267306557,6.775916013,Nigeria,0.0001817369662106,0.017583526567685612,2022,OIL,Renaissance Africa Energy ,Ahia,ONSHORE,Small,0.1817369662106
s_4202,5.267306557,6.775916013,Nigeria,0.0,0.0,2023,OIL,Renaissance Africa Energy ,Ahia,ONSHORE,Small,0.0
s_4202,5.267306557,6.775916013,Nigeria,0.0,0.0,2024,OIL,Renaissance Africa Energy ,Ahia,ONSHORE,Small,0.0
s_4202,5.267306557,6.775916013,Nigeria,0.0,0.0,2025,OIL,Renaissance Africa Energy ,Ahia,ONSHORE,Small,0.0
s_4204,5.000405894,6.66716329,Nigeria,0.0,0.0,2012,OIL,Aradel Holdings,Ogbele,ONSHORE,Small,0.0
s_4204,5.000405894,6.66716329,Nigeria,0.0,0.0,2013,OIL,Aradel Holdings,Ogbele,ONSHORE,Small,0.0
s_4204,5.000405894,6.66716329,Nigeria,0.0,0.0,2014,OIL,Aradel Holdings,Ogbele,ONSHORE,Small,0.0
s_4204,5.000405894,6.66716329,Nigeria,0.0,0.0,2015,OIL,Aradel Holdings,Ogbele,ONSHORE,Small,0.0
s_4204,5.000405894,6.66716329,Nigeria,0.0,0.0,2016,OIL,Aradel Holdings,Ogbele,ONSHORE,Small,0.0
s_4204,5.000405894,6.66716329,Nigeria,0.0,0.0,2017,OIL,Aradel Holdings,Ogbele,ONSHORE,Small,0.0
s_4204,5.000405894,6.66716329,Nigeria,0.0,0.0,2018,OIL,Aradel Holdings,Ogbele,ONSHORE,Small,0.0
s_4204,5.000405894,6.66716329,Nigeria,2.24010997310546e-05,0.0021673649587059056,2019,OIL,Aradel Holdings,Ogbele,ONSHORE,Small,0.0224010997310546
s_4204,5.000405894,6.66716329,Nigeria,0.0006776846681013,0.06556776320489385,2020,OIL,Aradel Holdings,Ogbele,ONSHORE,Small,0.6776846681013
s_4204,5.000405894,6.66716329,Nigeria,0.0,0.0,2021,OIL,Aradel Holdings,Ogbele,ONSHORE,Small,0.0
s_4204,5.000405894,6.66716329,Nigeria,2.44884090458868e-05,0.0023693175914454574,2022,OIL,Aradel Holdings,Ogbele,ONSHORE,Small,0.0244884090458868
s_4204,5.000405894,6.66716329,Nigeria,0.0,0.0,2023,OIL,Aradel Holdings,Ogbele,ONSHORE,Small,0.0
s_4204,5.000405894,6.66716329,Nigeria,0.0,0.0,2024,OIL,Aradel Holdings,Ogbele,ONSHORE,Small,0.0
s_4204,5.000405894,6.66716329,Nigeria,0.0,0.0,2025,OIL,Aradel Holdings,Ogbele,ONSHORE,Small,0.0
s_4205,5.42617795,6.594431595,Nigeria,0.0001002539875127,0.00969983537032965,2012,OIL,Oando Oil,Obiafu-Obrikom,ONSHORE,Small,0.1002539875127
s_4205,5.42617795,6.594431595,Nigeria,0.0,0.0,2013,OIL,Oando Oil,Obiafu-Obrikom,ONSHORE,Small,0.0
s_4205,5.42617795,6.594431595,Nigeria,0.0,0.0,2014,OIL,Oando Oil,Obiafu-Obrikom,ONSHORE,Small,0.0
s_4205,5.42617795,6.594431595,Nigeria,0.0,0.0,2015,OIL,Oando Oil,Obiafu-Obrikom,ONSHORE,Small,0.0
s_4205,5.42617795,6.594431595,Nigeria,0.0,0.0,2016,OIL,Oando Oil,Obiafu-Obrikom,ONSHORE,Small,0.0
s_4205,5.42617795,6.594431595,Nigeria,0.0004258577409185,0.04120284968781586,2017,OIL,Oando Oil,Obiafu-Obrikom,ONSHORE,Small,0.4258577409185
s_4205,5.42617795,6.594431595,Nigeria,0.0011990543882093,0.11601164656147167,2018,OIL,Oando Oil,Obiafu-Obrikom,ONSHORE,Small,1.1990543882092999
s_4205,5.42617795,6.594431595,Nigeria,0.0002796043460755,0.02705245140915179,2019,OIL,Oando Oil,Obiafu-Obrikom,ONSHORE,Small,0.2796043460755
s_4205,5.42617795,6.594431595,Nigeria,0.0,0.0,2020,OIL,Oando Oil,Obiafu-Obrikom,ONSHORE,Small,0.0
s_4205,5.42617795,6.594431595,Nigeria,0.0302331613557128,2.925137395037552,2021,OIL,Oando Oil,Obiafu-Obrikom,ONSHORE,Small,30.233161355712802
s_4205,5.42617795,6.594431595,Nigeria,0.00726909549561,0.703303991671053,2022,OIL,Oando Oil,Obiafu-Obrikom,ONSHORE,Small,7.26909549561
s_4205,5.42617795,6.594431595,Nigeria,1.25782055837837e-05,0.0012169742714862833,2023,OIL,Oando Oil,Obiafu-Obrikom,ONSHORE,Small,0.012578205583783699
s_4205,5.42617795,6.594431595,Nigeria,0.0001071435570094,0.010366419229470108,2024,OIL,Oando Oil,Obiafu-Obrikom,ONSHORE,Small,0.10714355700940001
s_4205,5.42617795,6.594431595,Nigeria,0.0,0.0,2025,OIL,Oando Oil,Obiafu-Obrikom,ONSHORE,Small,0.0
s_4209,4.528341664,5.92819564,Nigeria,0.0,0.0,2012,OIL,Oando Oil,Tebidaba,ONSHORE,Small,0.0
s_4209,4.528341664,5.92819564,Nigeria,0.0,0.0,2013,OIL,Oando Oil,Tebidaba,ONSHORE,Small,0.0
s_4209,4.528341664,5.92819564,Nigeria,0.0,0.0,2014,OIL,Oando Oil,Tebidaba,ONSHORE,Small,0.0
s_4209,4.528341664,5.92819564,Nigeria,0.0,0.0,2015,OIL,Oando Oil,Tebidaba,ONSHORE,Small,0.0
s_4209,4.528341664,5.92819564,Nigeria,0.0,0.0,2016,OIL,Oando Oil,Tebidaba,ONSHORE,Small,0.0
s_4209,4.528341664,5.92819564,Nigeria,0.0,0.0,2017,OIL,Oando Oil,Tebidaba,ONSHORE,Small,0.0
s_4209,4.528341664,5.92819564,Nigeria,0.0,0.0,2018,OIL,Oando Oil,Tebidaba,ONSHORE,Small,0.0
s_4209,4.528341664,5.92819564,Nigeria,0.0,0.0,2019,OIL,Oando Oil,Tebidaba,ONSHORE,Small,0.0
s_4209,4.528341664,5.92819564,Nigeria,0.0,0.0,2020,OIL,Oando Oil,Tebidaba,ONSHORE,Small,0.0
s_4209,4.528341664,5.92819564,Nigeria,0.0,0.0,2021,OIL,Oando Oil,Tebidaba,ONSHORE,Small,0.0
s_4209,4.528341664,5.92819564,Nigeria,7.49387646471919e-05,0.007250521380424489,2022,OIL,Oando Oil,Tebidaba,ONSHORE,Small,0.0749387646471919
s_4209,4.528341664,5.92819564,Nigeria,0.0004647516997861,0.04496594188271037,2023,OIL,Oando Oil,Tebidaba,ONSHORE,Small,0.4647516997861
s_4209,4.528341664,5.92819564,Nigeria,3.97391220309037e-06,0.00038448639403233326,2024,OIL,Oando Oil,Tebidaba,ONSHORE,Small,0.00397391220309037
s_4209,4.528341664,5.92819564,Nigeria,0.0,0.0,2025,OIL,Oando Oil,Tebidaba,ONSHORE,Small,0.0
s_4212,5.517020847,6.250814755,Nigeria,0.0,0.0,2012,OIL,NEPL,Isoko,ONSHORE,Small,0.0
s_4212,5.517020847,6.250814755,Nigeria,6.22805670796298e-05,0.0060258076753969885,2013,OIL,NEPL,Isoko,ONSHORE,Small,0.062280567079629805
s_4212,5.517020847,6.250814755,Nigeria,0.0,0.0,2014,OIL,NEPL,Isoko,ONSHORE,Small,0.0
s_4212,5.517020847,6.250814755,Nigeria,0.0,0.0,2015,OIL,NEPL,Isoko,ONSHORE,Small,0.0
s_4212,5.517020847,6.250814755,Nigeria,0.0,0.0,2016,OIL,NEPL,Isoko,ONSHORE,Small,0.0
s_4212,5.517020847,6.250814755,Nigeria,0.0,0.0,2017,OIL,NEPL,Isoko,ONSHORE,Small,0.0
s_4212,5.517020847,6.250814755,Nigeria,0.0,0.0,2018,OIL,NEPL,Isoko,ONSHORE,Small,0.0
s_4212,5.517020847,6.250814755,Nigeria,0.0,0.0,2019,OIL,NEPL,Isoko,ONSHORE,Small,0.0
s_4212,5.517020847,6.250814755,Nigeria,0.0,0.0,2020,OIL,NEPL,Isoko,ONSHORE,Small,0.0
s_4212,5.517020847,6.250814755,Nigeria,0.0,0.0,2021,OIL,NEPL,Isoko,ONSHORE,Small,0.0
s_4212,5.517020847,6.250814755,Nigeria,0.0,0.0,2022,OIL,NEPL,Isoko,ONSHORE,Small,0.0
s_4212,5.517020847,6.250814755,Nigeria,1.36393006828518e-07,1.3196379961777362e-05,2023,OIL,NEPL,Isoko,ONSHORE,Small,0.00013639300682851798
s_4212,5.517020847,6.250814755,Nigeria,0.001397611630649,0.13522257882496636,2024,OIL,NEPL,Isoko,ONSHORE,Small,1.397611630649
s_4212,5.517020847,6.250814755,Nigeria,0.0133281565135416,1.2895339844209512,2025,OIL,NEPL,Isoko,ONSHORE,Small,13.3281565135416
s_4215,4.679260108,5.960443906,Nigeria,0.0,0.0,2012,OIL,Oando Oil,Azuzuama,ONSHORE,Small,0.0
s_4215,4.679260108,5.960443906,Nigeria,0.0,0.0,2013,OIL,Oando Oil,Azuzuama,ONSHORE,Small,0.0
s_4215,4.679260108,5.960443906,Nigeria,0.0,0.0,2014,OIL,Oando Oil,Azuzuama,ONSHORE,Small,0.0
s_4215,4.679260108,5.960443906,Nigeria,0.0,0.0,2015,OIL,Oando Oil,Azuzuama,ONSHORE,Small,0.0
s_4215,4.679260108,5.960443906,Nigeria,0.0,0.0,2016,OIL,Oando Oil,Azuzuama,ONSHORE,Small,0.0
s_4215,4.679260108,5.960443906,Nigeria,0.0,0.0,2017,OIL,Oando Oil,Azuzuama,ONSHORE,Small,0.0
s_4215,4.679260108,5.960443906,Nigeria,6.51390333005038e-05,0.006302371754712175,2018,OIL,Oando Oil,Azuzuama,ONSHORE,Small,0.06513903330050379
s_4215,4.679260108,5.960443906,Nigeria,0.0,0.0,2019,OIL,Oando Oil,Azuzuama,ONSHORE,Small,0.0
s_4215,4.679260108,5.960443906,Nigeria,0.0,0.0,2020,OIL,Oando Oil,Azuzuama,ONSHORE,Small,0.0
s_4215,4.679260108,5.960443906,Nigeria,1.08044905472968e-05,0.0010453627049576033,2021,OIL,Oando Oil,Azuzuama,ONSHORE,Small,0.0108044905472968
s_4215,4.679260108,5.960443906,Nigeria,4.40872810886571e-05,0.0042655596958799166,2022,OIL,Oando Oil,Azuzuama,ONSHORE,Small,0.044087281088657095
s_4215,4.679260108,5.960443906,Nigeria,0.0002156727922295,0.020866906448189424,2023,OIL,Oando Oil,Azuzuama,ONSHORE,Small,0.2156727922295
s_4215,4.679260108,5.960443906,Nigeria,0.0007286711817608,0.07050084168759822,2024,OIL,Oando Oil,Azuzuama,ONSHORE,Small,0.7286711817607999
s_4215,4.679260108,5.960443906,Nigeria,0.0,0.0,2025,OIL,Oando Oil,Azuzuama,ONSHORE,Small,0.0
s_4218,4.924674544,6.885776086,Nigeria,0.0,0.0,2012,GAS,TotalEnergies,Ibewa,ONSHORE,Small,0.0
s_4218,4.924674544,6.885776086,Nigeria,0.0,0.0,2013,GAS,TotalEnergies,Ibewa,ONSHORE,Small,0.0
s_4218,4.924674544,6.885776086,Nigeria,0.0,0.0,2014,GAS,TotalEnergies,Ibewa,ONSHORE,Small,0.0
s_4218,4.924674544,6.885776086,Nigeria,0.0,0.0,2015,GAS,TotalEnergies,Ibewa,ONSHORE,Small,0.0
s_4218,4.924674544,6.885776086,Nigeria,0.0,0.0,2016,GAS,TotalEnergies,Ibewa,ONSHORE,Small,0.0
s_4218,4.924674544,6.885776086,Nigeria,0.0,0.0,2017,GAS,TotalEnergies,Ibewa,ONSHORE,Small,0.0
s_4218,4.924674544,6.885776086,Nigeria,0.0,0.0,2018,GAS,TotalEnergies,Ibewa,ONSHORE,Small,0.0
s_4218,4.924674544,6.885776086,Nigeria,0.0,0.0,2019,GAS,TotalEnergies,Ibewa,ONSHORE,Small,0.0
s_4218,4.924674544,6.885776086,Nigeria,0.0,0.0,2020,GAS,TotalEnergies,Ibewa,ONSHORE,Small,0.0
s_4218,4.924674544,6.885776086,Nigeria,0.0012285254595728,0.11886304975754877,2021,GAS,TotalEnergies,Ibewa,ONSHORE,Small,1.2285254595728
s_4218,4.924674544,6.885776086,Nigeria,2.32565111724067e-05,0.002250128251826398,2022,GAS,TotalEnergies,Ibewa,ONSHORE,Small,0.0232565111724067
s_4218,4.924674544,6.885776086,Nigeria,1.93912471772842e-07,1.8761538559371428e-05,2023,GAS,TotalEnergies,Ibewa,ONSHORE,Small,0.000193912471772842
s_4218,4.924674544,6.885776086,Nigeria,0.0,0.0,2024,GAS,TotalEnergies,Ibewa,ONSHORE,Small,0.0
s_4218,4.924674544,6.885776086,Nigeria,0.0,0.0,2025,GAS,TotalEnergies,Ibewa,ONSHORE,Small,0.0
s_4220,5.540932709,5.595884061,Nigeria,0.0,0.0,2012,OIL,NEPL,Batan,ONSHORE,Small,0.0
s_4220,5.540932709,5.595884061,Nigeria,0.0,0.0,2013,OIL,NEPL,Batan,ONSHORE,Small,0.0
s_4220,5.540932709,5.595884061,Nigeria,7.17796347452012e-05,0.006944867303982755,2014,OIL,NEPL,Batan,ONSHORE,Small,0.0717796347452012
s_4220,5.540932709,5.595884061,Nigeria,0.0,0.0,2015,OIL,NEPL,Batan,ONSHORE,Small,0.0
s_4220,5.540932709,5.595884061,Nigeria,0.0,0.0,2016,OIL,NEPL,Batan,ONSHORE,Small,0.0
s_4220,5.540932709,5.595884061,Nigeria,0.0,0.0,2017,OIL,NEPL,Batan,ONSHORE,Small,0.0
s_4220,5.540932709,5.595884061,Nigeria,0.0,0.0,2018,OIL,NEPL,Batan,ONSHORE,Small,0.0
s_4220,5.540932709,5.595884061,Nigeria,0.0006003934463428,0.05808963544928594,2019,OIL,NEPL,Batan,ONSHORE,Small,0.6003934463428
s_4220,5.540932709,5.595884061,Nigeria,0.0,0.0,2020,OIL,NEPL,Batan,ONSHORE,Small,0.0
s_4220,5.540932709,5.595884061,Nigeria,2.58695555193607e-05,0.002502947123271422,2021,OIL,NEPL,Batan,ONSHORE,Small,0.0258695555193607
s_4220,5.540932709,5.595884061,Nigeria,0.0,0.0,2022,OIL,NEPL,Batan,ONSHORE,Small,0.0
s_4220,5.540932709,5.595884061,Nigeria,0.0,0.0,2023,OIL,NEPL,Batan,ONSHORE,Small,0.0
s_4220,5.540932709,5.595884061,Nigeria,0.0,0.0,2024,OIL,NEPL,Batan,ONSHORE,Small,0.0
s_4220,5.540932709,5.595884061,Nigeria,0.0,0.0,2025,OIL,NEPL,Batan,ONSHORE,Small,0.0
s_4223,4.95485759,6.746628303,Nigeria,0.0,0.0,2012,OIL,Renaissance Africa Energy ,Obele,ONSHORE,Small,0.0
s_4223,4.95485759,6.746628303,Nigeria,0.0,0.0,2013,OIL,Renaissance Africa Energy ,Obele,ONSHORE,Small,0.0
s_4223,4.95485759,6.746628303,Nigeria,0.0,0.0,2014,OIL,Renaissance Africa Energy ,Obele,ONSHORE,Small,0.0
s_4223,4.95485759,6.746628303,Nigeria,0.0,0.0,2015,OIL,Renaissance Africa Energy ,Obele,ONSHORE,Small,0.0
s_4223,4.95485759,6.746628303,Nigeria,0.0,0.0,2016,OIL,Renaissance Africa Energy ,Obele,ONSHORE,Small,0.0
s_4223,4.95485759,6.746628303,Nigeria,0.0,0.0,2017,OIL,Renaissance Africa Energy ,Obele,ONSHORE,Small,0.0
s_4223,4.95485759,6.746628303,Nigeria,0.0,0.0,2018,OIL,Renaissance Africa Energy ,Obele,ONSHORE,Small,0.0
s_4223,4.95485759,6.746628303,Nigeria,0.0,0.0,2019,OIL,Renaissance Africa Energy ,Obele,ONSHORE,Small,0.0
s_4223,4.95485759,6.746628303,Nigeria,2.24339402275001e-05,0.0021705423625868322,2020,OIL,Renaissance Africa Energy ,Obele,ONSHORE,Small,0.022433940227500098
s_4223,4.95485759,6.746628303,Nigeria,0.0,0.0,2021,OIL,Renaissance Africa Energy ,Obele,ONSHORE,Small,0.0
s_4223,4.95485759,6.746628303,Nigeria,0.0003332839717971,0.0322460955240502,2022,OIL,Renaissance Africa Energy ,Obele,ONSHORE,Small,0.3332839717971
s_4223,4.95485759,6.746628303,Nigeria,0.0002168635061336,0.020982111131110086,2023,OIL,Renaissance Africa Energy ,Obele,ONSHORE,Small,0.2168635061336
s_4223,4.95485759,6.746628303,Nigeria,4.56697051869135e-05,0.004418663364072517,2024,OIL,Renaissance Africa Energy ,Obele,ONSHORE,Small,0.0456697051869135
s_4223,4.95485759,6.746628303,Nigeria,9.95855568397312e-07,9.635162955345112e-05,2025,OIL,Renaissance Africa Energy ,Obele,ONSHORE,Small,0.000995855568397312
s_4224,4.722340934,5.970388189,Nigeria,0.0,0.0,2012,OIL,Oando Oil,Azuzuama,ONSHORE,Small,0.0
s_4224,4.722340934,5.970388189,Nigeria,0.0,0.0,2013,OIL,Oando Oil,Azuzuama,ONSHORE,Small,0.0
s_4224,4.722340934,5.970388189,Nigeria,0.0,0.0,2014,OIL,Oando Oil,Azuzuama,ONSHORE,Small,0.0
s_4224,4.722340934,5.970388189,Nigeria,0.0,0.0,2015,OIL,Oando Oil,Azuzuama,ONSHORE,Small,0.0
s_4224,4.722340934,5.970388189,Nigeria,0.0,0.0,2016,OIL,Oando Oil,Azuzuama,ONSHORE,Small,0.0
s_4224,4.722340934,5.970388189,Nigeria,0.0,0.0,2017,OIL,Oando Oil,Azuzuama,ONSHORE,Small,0.0
s_4224,4.722340934,5.970388189,Nigeria,0.0,0.0,2018,OIL,Oando Oil,Azuzuama,ONSHORE,Small,0.0
s_4224,4.722340934,5.970388189,Nigeria,0.0,0.0,2019,OIL,Oando Oil,Azuzuama,ONSHORE,Small,0.0
s_4224,4.722340934,5.970388189,Nigeria,0.0,0.0,2020,OIL,Oando Oil,Azuzuama,ONSHORE,Small,0.0
s_4224,4.722340934,5.970388189,Nigeria,0.0,0.0,2021,OIL,Oando Oil,Azuzuama,ONSHORE,Small,0.0
s_4224,4.722340934,5.970388189,Nigeria,0.0,0.0,2022,OIL,Oando Oil,Azuzuama,ONSHORE,Small,0.0
s_4224,4.722340934,5.970388189,Nigeria,0.0,0.0,2023,OIL,Oando Oil,Azuzuama,ONSHORE,Small,0.0
s_4224,4.722340934,5.970388189,Nigeria,0.0,0.0,2024,OIL,Oando Oil,Azuzuama,ONSHORE,Small,0.0
s_4224,4.722340934,5.970388189,Nigeria,1.15729076469012e-05,0.0011197090680981684,2025,OIL,Oando Oil,Azuzuama,ONSHORE,Small,0.0115729076469012
s_4226,5.148677011,6.580255913,Nigeria,0.0,0.0,2012,GAS,TotalEnergies,Ubeta,ONSHORE,Small,0.0
s_4226,5.148677011,6.580255913,Nigeria,0.0,0.0,2013,GAS,TotalEnergies,Ubeta,ONSHORE,Small,0.0
s_4226,5.148677011,6.580255913,Nigeria,0.0,0.0,2014,GAS,TotalEnergies,Ubeta,ONSHORE,Small,0.0
s_4226,5.148677011,6.580255913,Nigeria,0.0,0.0,2015,GAS,TotalEnergies,Ubeta,ONSHORE,Small,0.0
s_4226,5.148677011,6.580255913,Nigeria,0.0,0.0,2016,GAS,TotalEnergies,Ubeta,ONSHORE,Small,0.0
s_4226,5.148677011,6.580255913,Nigeria,0.0,0.0,2017,GAS,TotalEnergies,Ubeta,ONSHORE,Small,0.0
s_4226,5.148677011,6.580255913,Nigeria,0.0,0.0,2018,GAS,TotalEnergies,Ubeta,ONSHORE,Small,0.0
s_4226,5.148677011,6.580255913,Nigeria,1.90554873294117e-05,0.0018436682129304982,2019,GAS,TotalEnergies,Ubeta,ONSHORE,Small,0.019055487329411702
s_4226,5.148677011,6.580255913,Nigeria,0.0,0.0,2020,GAS,TotalEnergies,Ubeta,ONSHORE,Small,0.0
s_4226,5.148677011,6.580255913,Nigeria,0.0,0.0,2021,GAS,TotalEnergies,Ubeta,ONSHORE,Small,0.0
s_4226,5.148677011,6.580255913,Nigeria,0.0006875382387177,0.06652112192069447,2022,GAS,TotalEnergies,Ubeta,ONSHORE,Small,0.6875382387177
s_4226,5.148677011,6.580255913,Nigeria,0.0001655327996404,0.016015731091975204,2023,GAS,TotalEnergies,Ubeta,ONSHORE,Small,0.16553279964040002
s_4226,5.148677011,6.580255913,Nigeria,0.0001459346292258,0.014119556871900377,2024,GAS,TotalEnergies,Ubeta,ONSHORE,Small,0.1459346292258
s_4226,5.148677011,6.580255913,Nigeria,0.0,0.0,2025,GAS,TotalEnergies,Ubeta,ONSHORE,Small,0.0
s_4228,5.073675778,5.561188914,Nigeria,0.0,0.0,2012,NA,NA,NA,ONSHORE,Small,0.0
s_4228,5.073675778,5.561188914,Nigeria,0.0,0.0,2013,NA,NA,NA,ONSHORE,Small,0.0
s_4228,5.073675778,5.561188914,Nigeria,0.0,0.0,2014,NA,NA,NA,ONSHORE,Small,0.0
s_4228,5.073675778,5.561188914,Nigeria,0.0,0.0,2015,NA,NA,NA,ONSHORE,Small,0.0
s_4228,5.073675778,5.561188914,Nigeria,0.0,0.0,2016,NA,NA,NA,ONSHORE,Small,0.0
s_4228,5.073675778,5.561188914,Nigeria,0.0,0.0,2017,NA,NA,NA,ONSHORE,Small,0.0
s_4228,5.073675778,5.561188914,Nigeria,0.0,0.0,2018,NA,NA,NA,ONSHORE,Small,0.0
s_4228,5.073675778,5.561188914,Nigeria,0.0,0.0,2019,NA,NA,NA,ONSHORE,Small,0.0
s_4228,5.073675778,5.561188914,Nigeria,3.71462296869703e-06,0.0003593994827850813,2020,NA,NA,NA,ONSHORE,Small,0.00371462296869703
s_4228,5.073675778,5.561188914,Nigeria,0.0001213399280282,0.011739955236913553,2021,NA,NA,NA,ONSHORE,Small,0.1213399280282
s_4228,5.073675778,5.561188914,Nigeria,0.0001207455431886,0.011682446949874003,2022,NA,NA,NA,ONSHORE,Small,0.1207455431886
s_4228,5.073675778,5.561188914,Nigeria,0.0,0.0,2023,NA,NA,NA,ONSHORE,Small,0.0
s_4228,5.073675778,5.561188914,Nigeria,0.0,0.0,2024,NA,NA,NA,ONSHORE,Small,0.0
s_4228,5.073675778,5.561188914,Nigeria,0.0,0.0,2025,NA,NA,NA,ONSHORE,Small,0.0
s_4231,4.444150404,7.256302256,Nigeria,0.0,0.0,2012,OIL,NEPL,Bonny,ONSHORE,Small,0.0
s_4231,4.444150404,7.256302256,Nigeria,0.0,0.0,2013,OIL,NEPL,Bonny,ONSHORE,Small,0.0
s_4231,4.444150404,7.256302256,Nigeria,0.0,0.0,2014,OIL,NEPL,Bonny,ONSHORE,Small,0.0
s_4231,4.444150404,7.256302256,Nigeria,0.0,0.0,2015,OIL,NEPL,Bonny,ONSHORE,Small,0.0
s_4231,4.444150404,7.256302256,Nigeria,0.0,0.0,2016,OIL,NEPL,Bonny,ONSHORE,Small,0.0
s_4231,4.444150404,7.256302256,Nigeria,0.0,0.0,2017,OIL,NEPL,Bonny,ONSHORE,Small,0.0
s_4231,4.444150404,7.256302256,Nigeria,0.0,0.0,2018,OIL,NEPL,Bonny,ONSHORE,Small,0.0
s_4231,4.444150404,7.256302256,Nigeria,0.0,0.0,2019,OIL,NEPL,Bonny,ONSHORE,Small,0.0
s_4231,4.444150404,7.256302256,Nigeria,0.0,0.0,2020,OIL,NEPL,Bonny,ONSHORE,Small,0.0
s_4231,4.444150404,7.256302256,Nigeria,0.0,0.0,2021,OIL,NEPL,Bonny,ONSHORE,Small,0.0
s_4231,4.444150404,7.256302256,Nigeria,0.0,0.0,2022,OIL,NEPL,Bonny,ONSHORE,Small,0.0
s_4231,4.444150404,7.256302256,Nigeria,0.0,0.0,2023,OIL,NEPL,Bonny,ONSHORE,Small,0.0
s_4231,4.444150404,7.256302256,Nigeria,0.0,0.0,2024,OIL,NEPL,Bonny,ONSHORE,Small,0.0
s_4231,4.444150404,7.256302256,Nigeria,0.0,0.0,2025,OIL,NEPL,Bonny,ONSHORE,Small,0.0
s_4233,5.536017844,6.718680949,Nigeria,0.0,0.0,2012,OIL,NEPL,Egbema West,ONSHORE,Small,0.0
s_4233,5.536017844,6.718680949,Nigeria,0.0,0.0,2013,OIL,NEPL,Egbema West,ONSHORE,Small,0.0
s_4233,5.536017844,6.718680949,Nigeria,0.0,0.0,2014,OIL,NEPL,Egbema West,ONSHORE,Small,0.0
s_4233,5.536017844,6.718680949,Nigeria,0.0,0.0,2015,OIL,NEPL,Egbema West,ONSHORE,Small,0.0
s_4233,5.536017844,6.718680949,Nigeria,0.0,0.0,2016,OIL,NEPL,Egbema West,ONSHORE,Small,0.0
s_4233,5.536017844,6.718680949,Nigeria,0.0,0.0,2017,OIL,NEPL,Egbema West,ONSHORE,Small,0.0
s_4233,5.536017844,6.718680949,Nigeria,0.0,0.0,2018,OIL,NEPL,Egbema West,ONSHORE,Small,0.0
s_4233,5.536017844,6.718680949,Nigeria,0.0,0.0,2019,OIL,NEPL,Egbema West,ONSHORE,Small,0.0
s_4233,5.536017844,6.718680949,Nigeria,0.0,0.0,2020,OIL,NEPL,Egbema West,ONSHORE,Small,0.0
s_4233,5.536017844,6.718680949,Nigeria,0.0,0.0,2021,OIL,NEPL,Egbema West,ONSHORE,Small,0.0
s_4233,5.536017844,6.718680949,Nigeria,0.0,0.0,2022,OIL,NEPL,Egbema West,ONSHORE,Small,0.0
s_4233,5.536017844,6.718680949,Nigeria,0.0,0.0,2023,OIL,NEPL,Egbema West,ONSHORE,Small,0.0
s_4233,5.536017844,6.718680949,Nigeria,0.0,0.0,2024,OIL,NEPL,Egbema West,ONSHORE,Small,0.0
s_4233,5.536017844,6.718680949,Nigeria,0.0010434328533005,0.10095485624176348,2025,OIL,NEPL,Egbema West,ONSHORE,Small,1.0434328533005002
s_4234,4.699296063,6.97939256,Nigeria,0.0,0.0,2012,OIL,NNPC Limited,Alakiri,ONSHORE,Small,0.0
s_4234,4.699296063,6.97939256,Nigeria,0.0,0.0,2013,OIL,NNPC Limited,Alakiri,ONSHORE,Small,0.0
s_4234,4.699296063,6.97939256,Nigeria,0.0,0.0,2014,OIL,NNPC Limited,Alakiri,ONSHORE,Small,0.0
s_4234,4.699296063,6.97939256,Nigeria,0.0007827521713849,0.07573331880928702,2015,OIL,NNPC Limited,Alakiri,ONSHORE,Small,0.7827521713849
s_4234,4.699296063,6.97939256,Nigeria,3.2244970424744e-05,0.003119785181627255,2016,OIL,NNPC Limited,Alakiri,ONSHORE,Small,0.032244970424744
s_4234,4.699296063,6.97939256,Nigeria,0.0,0.0,2017,OIL,NNPC Limited,Alakiri,ONSHORE,Small,0.0
s_4234,4.699296063,6.97939256,Nigeria,0.0,0.0,2018,OIL,NNPC Limited,Alakiri,ONSHORE,Small,0.0
s_4234,4.699296063,6.97939256,Nigeria,5.94405592759127e-06,0.0005751029496194714,2019,OIL,NNPC Limited,Alakiri,ONSHORE,Small,0.00594405592759127
s_4234,4.699296063,6.97939256,Nigeria,0.0004560309404509,0.04412218561969899,2020,OIL,NNPC Limited,Alakiri,ONSHORE,Small,0.4560309404509
s_4234,4.699296063,6.97939256,Nigeria,0.000103137801947,0.009978851955557711,2021,OIL,NNPC Limited,Alakiri,ONSHORE,Small,0.10313780194700001
s_4234,4.699296063,6.97939256,Nigeria,0.0,0.0,2022,OIL,NNPC Limited,Alakiri,ONSHORE,Small,0.0
s_4234,4.699296063,6.97939256,Nigeria,0.0,0.0,2023,OIL,NNPC Limited,Alakiri,ONSHORE,Small,0.0
s_4234,4.699296063,6.97939256,Nigeria,0.0,0.0,2024,OIL,NNPC Limited,Alakiri,ONSHORE,Small,0.0
s_4234,4.699296063,6.97939256,Nigeria,0.0,0.0,2025,OIL,NNPC Limited,Alakiri,ONSHORE,Small,0.0
